﻿<?xml version="1.0" encoding="utf-8"?>
<TrueCrypt>
  <localization prog-version="4.3a">
    <!-- Languages -->
    <language langid="pl" name="Polski" en-name="Polish" version="0.1.0" translators="Mirek Druchowicz" />
    <!-- Fonts -->
    <font lang="pl" class="normal" size="11" face="default" />
    <font lang="pl" class="bold" size="13" face="Arial" />
    <font lang="pl" class="fixed" size="12" face="Lucida Console" />
    <font lang="pl" class="title" size="21" face="Times New Roman" />
    <!-- Controls -->
    <control lang="pl" key="IDCANCEL">Anuluj</control>
    <control lang="pl" key="IDC_ALL_USERS">Instaluj dla wszystkich użytkowników</control>
    <control lang="pl" key="IDC_BROWSE">&amp;Przeglądaj...</control>
    <control lang="pl" key="IDC_DESKTOP_ICON">Umieść ikonę TrueCrypt na &amp;Pulpicie</control>
    <control lang="pl" key="IDC_FILE_TYPE">Skojarz &amp;rozszerzenie '.tc' z TrueCrypt</control>
    <control lang="pl" key="IDC_INSTALL">&amp;Instaluj</control>
    <control lang="pl" key="IDC_PROG_GROUP">Umieść TrueCrypt w &amp;Menu Start</control>
    <control lang="pl" key="IDC_SYSTEM_RESTORE">Utwórz &amp;Punkt Przywracania Systemu</control>
    <control lang="pl" key="IDC_UNINSTALL">&amp;Odinstaluj</control>
    <control lang="pl" key="IDD_INSTALL">Instalacja TrueCrypt</control>
    <control lang="pl" key="IDD_UNINSTALL">Deinstalacja TrueCrypt</control>
    <control lang="pl" key="IDT_INSTALL_DIR">Instaluj &amp;w:</control>
    <control lang="pl" key="IDT_INSTALL_OPTIONS">Opcje instalacji</control>
    <control lang="pl" key="IDT_UNINSTALL_DIR">Odinstaluj TrueCrypt &amp;z:</control>
    <control lang="pl" key="IDC_ABORT_BUTTON">Przerwij</control>
    <control lang="pl" key="IDC_CIPHER_TEST">&amp;Testuj</control>
    <control lang="pl" key="IDC_HIDDEN_VOL">Utwórz &amp;ukryty wolumen wewnątrz innego wolumenu TrueCrypt</control>
    <control lang="pl" key="IDC_HIDDEN_VOL_HELP">Co to jest ukryty wolumen?</control>
    <control lang="pl" key="IDC_HIDVOL_WIZ_MODE_DIRECT">Utwórz &amp;ukryty wolumen wewnątrz innego wolumenu TrueCrypt</control>
    <control lang="pl" key="IDC_HIDVOL_WIZ_MODE_FULL">Utwórz wolumen z ukrytym &amp;wewnątrz wolumenem</control>
    <control lang="pl" key="IDC_KB">&amp;KB</control>
    <control lang="pl" key="IDC_KEYFILES_ENABLE">Uż&amp;yj pliku-klucza</control>
    <control lang="pl" key="IDC_KEY_FILES">Pliki &amp;Klucze..</control>
    <control lang="pl" key="IDC_LINK_HASH_INFO">Informacja o algorytmach mieszających</control>
    <control lang="en" key="IDC_LINK_MORE_INFO_ABOUT_CIPHER">More information</control>
    <control lang="pl" key="IDC_MB">&amp;MB</control>
    <control lang="pl" key="IDC_NO_HISTORY">Nigdy &amp;nie zapisuj historii</control>
    <control lang="pl" key="IDC_OPEN_OUTER_VOLUME">Otwórz Zewn. Wol.</control>
    <control lang="pl" key="IDC_QUICKFORMAT">Szybkie Formatowanie</control>
    <control lang="pl" key="IDC_SELECT_DEVICE">&amp;Urządzenie...</control>
    <control lang="pl" key="IDC_SELECT_FILE">&amp;Plik...</control>
    <control lang="pl" key="IDC_SHOW_PASSWORD">&amp;Wyświetl hasło</control>
    <control lang="pl" key="IDC_SHOW_PASSWORD_HIDVOL_HOST">&amp;Wyświetl hasło</control>
    <control lang="pl" key="IDC_STD_VOL">Utwórz standardowy wolumen TrueCrypt</control>
    <control lang="pl" key="IDC_WIZ_BENCHMARK">&amp;Test porówn.</control>
    <control lang="pl" key="IDD_MKFS_DLG">Kreator wolumenów TrueCrypt</control>
    <control lang="pl" key="IDHELP">&amp;Pomoc</control>
    <control lang="pl" key="IDT_CLUSTER">Klaster </control>
    <control lang="pl" key="IDT_CONFIRM">&amp;Potwierdź:</control>
    <control lang="pl" key="IDT_DONE">Wyk.</control>
    <control lang="pl" key="IDT_ENCRYPTION_ALGO">Algorytm kodowania</control>
    <control lang="pl" key="IDT_FILESYSTEM">System plików</control>
    <control lang="pl" key="IDT_FORMAT_OPTIONS">Opcje</control>
    <control lang="pl" key="IDT_HASH_ALGO">Algorytm skrótu</control>
    <control lang="pl" key="IDT_HEADER_KEY">Klucz nagłówka: </control>
    <control lang="pl" key="IDT_LEFT">Zostało </control>
    <control lang="pl" key="IDT_MASTER_KEY">Klucz główny: </control>
    <control lang="pl" key="IDT_PASSWORD">Hasło:</control>
    <control lang="pl" key="IDT_RANDOM_POOL">Pula losowa: </control>
    <control lang="pl" key="IDT_SPEED">Prędkość </control>
    <control lang="pl" key="IDCLOSE">Zamknij</control>
    <control lang="pl" key="IDC_AUTORUN_DISABLE">Nie rób nic</control>
    <control lang="pl" key="IDC_AUTORUN_MOUNT">&amp;Automatycznie montuj poniższy wolumen TrueCrypt</control>
    <control lang="pl" key="IDC_AUTORUN_START">&amp;Uruchom TrueCrypt</control>
    <control lang="pl" key="IDC_BROWSE_DIRS">Przeglądaj...</control>
    <control lang="pl" key="IDC_BROWSE_FILES">Przeglądaj...</control>
    <control lang="pl" key="IDC_CACHE">Przechowaj hasła i Pliki-&amp;klucze w pamięci</control>
    <control lang="pl" key="IDC_CLOSE_BKG_TASK_WHEN_NOVOL">Wyjdź, jeśli nie ma zamontowanych wol.</control>
    <control lang="pl" key="IDC_COPY_WIZARD">Włącz Kreatora Wolumenów TrueCrypt</control>
    <control lang="pl" key="IDC_CREATE">Utwórz</control>
    <control lang="pl" key="IDC_CREATE_VOLUME">&amp;Utwórz Wolumen</control>
    <control lang="pl" key="IDC_DISMOUNT_CONFIRM_MSG_BOX">Wyświetlaj komunikat potwierdzający po zdemontowaniu</control>
    <control lang="pl" key="IDC_DISMOUNT_CONFIRM_PLAY_SOUND">Odtwórz dźwięk po zamontowaniu i zdemontowaniu</control>
    <control lang="pl" key="IDC_ENABLE_KEYFILES">Użyj Plików-Kluczy</control>
    <control lang="pl" key="IDC_ENABLE_NEW_KEYFILES">Użyj Plików-Kluczy</control>
    <control lang="pl" key="IDC_EXIT">&amp;Wyjdź</control>
    <control lang="pl" key="IDC_HK_MOD_ALT">Alt</control>
    <control lang="pl" key="IDC_HK_MOD_CTRL">Control</control>
    <control lang="pl" key="IDC_HK_MOD_SHIFT">Shift</control>
    <control lang="pl" key="IDC_HK_MOD_WIN">Win</control>
    <control lang="pl" key="IDC_HOTKEY_ASSIGN">Przypisz</control>
    <control lang="pl" key="IDC_HOTKEY_REMOVE">Usuń</control>
    <control lang="pl" key="IDC_KEYFILES">Pliki-Klucze...</control>
    <control lang="pl" key="IDC_MOUNTALL">&amp;Montuj urządzenia</control>
    <control lang="pl" key="IDC_MOUNT_OPTIONS">Opcje &amp;montowania...</control>
    <control lang="pl" key="IDC_MOUNT_READONLY">Montuj wolumen jako &amp;tylko do odczytu</control>
    <control lang="pl" key="IDC_NEW_KEYFILES">Pliki-klucze...</control>
    <control lang="pl" key="IDC_PREFS_HOTKEY_SETTINGS">Ustawienia skr. klaw...</control>
    <control lang="pl" key="IDC_PREFS_KEYFILE_SETTINGS">Domyślne pliki-klucze...</control>
    <control lang="pl" key="IDC_PREF_BKG_TASK_ENABLE">Aktywne</control>
    <control lang="pl" key="IDC_PREF_CACHE_PASSWORDS">Przechowuj hasła w pamięci sterownika</control>
    <control lang="pl" key="IDC_PREF_CLOSE_DISMOUNTED_WINDOWS">Przy demontowaniu,zamknij wszystkie okna Eksploratora Windows</control>
    <control lang="pl" key="IDC_PREF_DISMOUNT_INACTIVE">Automatycznie demontuj wolumen, jeśli nie był używany przez</control>
    <control lang="pl" key="IDC_PREF_DISMOUNT_LOGOFF">Użytkownik się wylogował</control>
    <control lang="pl" key="IDC_PREF_DISMOUNT_POWERSAVING">System wszedł w tryb oszczędzania zasilania</control>
    <control lang="pl" key="IDC_PREF_DISMOUNT_SCREENSAVER">Został uruchomiony wygaszacz ekranu</control>
    <control lang="pl" key="IDC_PREF_FORCE_AUTO_DISMOUNT">Wymuszaj demontowanie, nawet, gdy są otwarte pliki lub katalogi</control>
    <control lang="pl" key="IDC_PREF_LOGON_MOUNT_DEVICES">Montuj wszystkie wolumeny w urządzeniach</control>
    <control lang="pl" key="IDC_PREF_LOGON_MOUNT_FAVORITES">Montuj ulubione wolumeny</control>
    <control lang="pl" key="IDC_PREF_LOGON_START">Uruchom TrueCrypt</control>
    <control lang="pl" key="IDC_PREF_MOUNT_READONLY">Montuj wolumeny jako tylko do odczytu</control>
    <control lang="pl" key="IDC_PREF_MOUNT_REMOVABLE">Montuj wolumeny jako urządzenia wymienne</control>
    <control lang="pl" key="IDC_PREF_OPEN_EXPLORER">Otwórz okno Eksploratora Windows po zamontowaniu</control>
    <control lang="pl" key="IDC_PREF_WIPE_CACHE_ON_AUTODISMOUNT">Wyczyść pamięć haseł po automatycznym zdemontowaniu</control>
    <control lang="pl" key="IDC_PREF_WIPE_CACHE_ON_EXIT">Wyczyść pamięć haseł przy wyjściu</control>
    <control lang="en" key="IDC_PRESERVE_TIMESTAMPS">Preserve timestamps of file containers</control>
    <control lang="pl" key="IDC_RESET_HOTKEYS">Reset</control>
    <control lang="pl" key="IDC_SHOW_PASSWORD_CHPWD_NEW">Pokazuj hasło</control>
    <control lang="pl" key="IDC_SHOW_PASSWORD_CHPWD_ORI">Pokazuj hasło</control>
    <control lang="pl" key="IDC_TRAVEL_OPEN_EXPLORER">Otwórz okno &amp;Exploratora dla zamontowanego wolumenu</control>
    <control lang="pl" key="IDC_TRAV_CACHE_PASSWORDS">&amp;Pamiętaj hasło w pamięci sterownika</control>
    <control lang="pl" key="IDC_UNMOUNTALL">&amp;Demontuj Wszystko</control>
    <control lang="pl" key="IDC_VOLUME_PROPERTIES">&amp;Własności Wolumenu...</control>
    <control lang="pl" key="IDC_VOLUME_TOOLS">&amp;Narzędzia Wolumenu...</control>
    <control lang="pl" key="IDC_WIPE_CACHE">Za&amp;pomnij hasła </control>
    <control lang="pl" key="IDD_HOTKEYS_DLG">TrueCrypt - Gorące Klawisze Systemu</control>
    <control lang="pl" key="IDD_MOUNT_DLG">TrueCrypt</control>
    <control lang="pl" key="IDD_PASSWORDCHANGE_DLG">Zmiana Hasła i Pliku-Klucza</control>
    <control lang="pl" key="IDD_PASSWORD_DLG">Wprowadź Hasło dla Wolumenu TrueCrypt</control>
    <control lang="pl" key="IDD_PREFERENCES_DLG">TrueCrypt - Preferencje</control>
    <control lang="pl" key="IDD_TRAVELLER_DLG">Tworzenie Dysku Podróżnego TrueCrypt</control>
    <control lang="pl" key="IDD_VOLUME_PROPERTIES">Właściwości Wolumenu TrueCrypt</control>
    <control lang="pl" key="IDM_ABOUT">O...</control>
    <control lang="pl" key="IDM_ADD_REMOVE_VOL_KEYFILES">Dodaj/Usuń Plik-Klucz do/z Wolumenu...</control>
    <control lang="pl" key="IDM_BACKUP_VOL_HEADER">Wykonaj Kopię Zapasową Nagłówka Wolumenu...</control>
    <control lang="pl" key="IDM_BENCHMARK">Test porównawczy...</control>
    <control lang="pl" key="IDM_BUGREPORT">Zgłoś błąd...</control>
    <control lang="pl" key="IDM_CHANGE_HEADER_KEY_DERIV_ALGO">Ustaw Algorytm Klucza Nagłówka...</control>
    <control lang="pl" key="IDM_CHANGE_PASSWORD">Zmień Hasło...</control>
    <control lang="pl" key="IDM_CLEAR_HISTORY">Wyczyść Historię Wolumenu</control>
    <control lang="pl" key="IDM_CONTACT">Kontakt...</control>
    <control lang="pl" key="IDM_CREATE_VOLUME">Utwórz Nowy Wolumen...</control>
    <control lang="pl" key="IDM_DEFAULT_KEYFILES">Domyślne Pliki-Klucze...</control>
    <control lang="pl" key="IDM_DONATIONS">Datki...</control>
    <control lang="pl" key="IDM_EXIT">Wyjście</control>
    <control lang="pl" key="IDM_FAQ">Często Zadawane Pytania</control>
    <control lang="pl" key="IDM_FORUMS">Dyskusja</control>
    <control lang="pl" key="IDM_GENERATE_KEYFILE">Generuj Losowo Plik-Klucz...</control>
    <control lang="pl" key="IDM_HELP">Instrukcja Użytkownika</control>
    <control lang="pl" key="IDM_HOMEPAGE">&amp;Strona Domowa </control>
    <control lang="pl" key="IDM_HOTKEY_SETTINGS">Skróty klawiatury...</control>
    <control lang="pl" key="IDM_KEYFILE_GENERATOR">Generator Plików-Kluczy</control>
    <control lang="pl" key="IDM_LANGUAGE">Język...</control>
    <control lang="pl" key="IDM_LICENSE">Uwagi Prawne</control>
    <control lang="pl" key="IDM_MOUNTALL">Automatycznie Montuj Wszystkie Wolumeny Oparte o Urządzenia</control>
    <control lang="pl" key="IDM_MOUNT_FAVORITE_VOLUMES">Montuj Ulubione Wolumeny</control>
    <control lang="pl" key="IDM_MOUNT_VOLUME">Montuj Wolumen</control>
    <control lang="pl" key="IDM_MOUNT_VOLUME_OPTIONS">Montuj Wolumen ze Dialogiem Opcji</control>
    <control lang="pl" key="IDM_NEWS">Nowości</control>
    <control lang="pl" key="IDM_ONLINE_HELP">Pomoc On-line</control>
    <control lang="pl" key="IDM_ONLINE_TUTORIAL">Samouczek dla początkujących</control>
    <control lang="pl" key="IDM_PREFERENCES">Preferencje...</control>
    <control lang="pl" key="IDM_REFRESH_DRIVE_LETTERS">Odśwież Litery Dysków</control>
    <control lang="pl" key="IDM_REMOVE_ALL_KEYFILES_FROM_VOL">Usuń Wszystkie Pliki-Klucze z Wolumenu...</control>
    <control lang="pl" key="IDM_RESTORE_VOL_HEADER">Odtwórz Nagłówek Wolumenu...</control>
    <control lang="pl" key="IDM_SAVE_FAVORITE_VOLUMES">Zapisz Zamontowane Wolumeny jako Ulubione</control>
    <control lang="pl" key="IDM_SELECT_DEVICE">Wybierz Urządzenie...</control>
    <control lang="pl" key="IDM_SELECT_FILE">Wybierz Plik...</control>
    <control lang="pl" key="IDM_SET_DEFAULT_KEYFILES">Ustaw Domyślne Pliki-Klucze/Ścieżki...</control>
    <control lang="pl" key="IDM_TC_DOWNLOADS">Pobieranie</control>
    <control lang="pl" key="IDM_TEST_VECTORS">Wektory testowe...</control>
    <control lang="pl" key="IDM_TRAVELLER">Utwórz Dysk Podróżny...</control>
    <control lang="pl" key="IDM_UNMOUNTALL">Demontuj Wszystkie Zamontowane Wolumeny</control>
    <control lang="pl" key="IDM_UNMOUNT_VOLUME">Demontuj Wolumen</control>
    <control lang="pl" key="IDM_VERSION_HISTORY">Historia Wersji</control>
    <control lang="pl" key="IDM_VOLUME_PROPERTIES">Własności Wolumenu</control>
    <control lang="pl" key="IDM_VOLUME_WIZARD">Kreator Wolumenu</control>
    <control lang="pl" key="IDM_WEBSITE">Strona WEB programu TrueCrypt</control>
    <control lang="pl" key="IDM_WIPE_CACHE">Zapomnij Zapamiętane Hasła</control>
    <control lang="pl" key="IDOK">OK</control>
    <control lang="pl" key="IDT_ASSIGN_HOTKEY">Skrót</control>
    <control lang="pl" key="IDT_AUTORUN">Konfiguracja autouruchomienia (autorun.inf)</control>
    <control lang="pl" key="IDT_AUTO_DISMOUNT">Automatyczne demontowanie</control>
    <control lang="pl" key="IDT_AUTO_DISMOUNT_ON">Demontuj wszystkie, jeżeli:</control>
    <control lang="pl" key="IDT_CONFIRM_PASSWORD">Potwierdź Hasło:</control>
    <control lang="pl" key="IDT_CURRENT">Aktualne</control>
    <control lang="pl" key="IDT_DEFAULT_MOUNT_OPTIONS">Domyślne Opcje</control>
    <control lang="pl" key="IDT_DISMOUNT_ACTION">Ustawienia Skr. Klaw.</control>
    <control lang="pl" key="IDT_FILE_SETTINGS">Ustawienia Plików</control>
    <control lang="pl" key="IDT_HOTKEY_KEY">Klawisz do przypisania:</control>
    <control lang="pl" key="IDT_LOGON">Akcje do wykonania podczas logowania do Windows</control>
    <control lang="pl" key="IDT_MINUTES">min.</control>
    <control lang="pl" key="IDT_MOUNT_LETTER">Montuj Wolumen pod literą dysku:</control>
    <control lang="pl" key="IDT_MOUNT_SETTINGS">Opcje Mont.</control>
    <control lang="pl" key="IDT_NEW">Nowy</control>
    <control lang="pl" key="IDT_NEW_PASSWORD">Hasło:</control>
    <control lang="pl" key="IDT_PKCS5_PRF">PKCS-5 PRF:</control>
    <control lang="pl" key="IDT_PW_CACHE_OPTIONS">Pamięć Haseł</control>
    <control lang="pl" key="IDT_TASKBAR_ICON">Proces Tła TrueCrypt</control>
    <control lang="pl" key="IDT_TRAVELLER_MOUNT">Wolumen TrueCrypt do zamontowania (wzgl. kat. głównego dysku):</control>
    <control lang="pl" key="IDT_TRAVEL_INSERTION">Przy włożeniu Dysku Podróżnego: </control>
    <control lang="pl" key="IDT_TRAVEL_ROOT">Utwórz Dysk Podróżny na (gł. kat. dysku podróżnego):</control>
    <control lang="pl" key="IDT_VOLUME">Wolumen</control>
    <control lang="pl" key="IDT_WINDOWS_RELATED_SETTING">Windows</control>
    <control lang="pl" key="IDC_ADD_KEYFILE_PATH">&amp;Dodaj ścieżkę...</control>
    <control lang="pl" key="IDC_AUTO">&amp;Automatycznie</control>
    <control lang="pl" key="IDC_DECRYPT">&amp;Dekoduj</control>
    <control lang="pl" key="IDC_DISPLAY_POOL_CONTENTS">Wyświetlaj zawartość puli</control>
    <control lang="pl" key="IDC_DONATIONS">Datki...</control>
    <control lang="pl" key="IDC_ENCRYPT">&amp;Koduj</control>
    <control lang="pl" key="IDC_GENERATE_AND_SAVE_KEYFILE">Generuj i Zapisz Plik-Klucz...</control>
    <control lang="pl" key="IDC_GENERATE_KEYFILE">&amp;Generuj Losowy Klucz...</control>
    <control lang="pl" key="IDC_GET_LANG_PACKS">Pobierz pakiet języka</control>
    <control lang="pl" key="IDC_KEYADD">Dodaj &amp;Plik...</control>
    <control lang="pl" key="IDC_KEYFILES_ENABLE_HIDVOL_PROT">Użyj&amp; plików-kluczy</control>
    <control lang="pl" key="IDC_KEYFILES_HIDVOL_PROT">Pliki-&amp;Klucze...</control>
    <control lang="pl" key="IDC_KEYREMOVE">&amp;Usuń</control>
    <control lang="pl" key="IDC_KEYREMOVEALL">Usuń &amp;Wszystko</control>
    <control lang="pl" key="IDC_LINK_HIDVOL_PROTECTION_INFO">Co to jest zabezpieczenie ukrytego wolumenu?</control>
    <control lang="pl" key="IDC_LINK_KEYFILES_INFO">Co to jest plik-klucz?</control>
    <control lang="pl" key="IDC_LRW_INDEX_LSB">Najmniej znaczący bit na początku</control>
    <control lang="pl" key="IDC_LRW_MODE_ENABLED">Tryb LRW</control>
    <control lang="pl" key="IDC_MOUNT_REMOVABLE">Montuj wolumen jako nośnik &amp;wymienny</control>
    <control lang="pl" key="IDC_PERFORM_BENCHMARK">Test</control>
    <control lang="pl" key="IDC_PROTECT_HIDDEN_VOL">&amp;Chroń ukryte wolumeny przed zniszczeniem przez zapis do wol. zewn.</control>
    <control lang="pl" key="IDC_RESET">&amp;Reset</control>
    <control lang="pl" key="IDC_SHOW_PASSWORD_MO">&amp;Pokazuj hasło</control>
    <control lang="pl" key="IDD_ABOUT_DLG">O TrueCrypt</control>
    <control lang="pl" key="IDD_BENCHMARK_DLG">TrueCrypt - Test Porównawczy Algorytmów</control>
    <control lang="pl" key="IDD_CIPHER_TEST_DLG">TrueCrypt - Wektory Testowe</control>
    <control lang="pl" key="IDD_COMMANDHELP_DLG">Pomoc dla Wiersza Poleceń</control>
    <control lang="pl" key="IDD_KEYFILES">TrueCrypt - Pliki-Klucze</control>
    <control lang="pl" key="IDD_KEYFILE_GENERATOR">TrueCrypt - Generator Plików-Kluczy</control>
    <control lang="pl" key="IDD_LANGUAGE">TrueCrypt - Język</control>
    <control lang="pl" key="IDD_LEGAL_NOTICES_DLG">TrueCrypt - Informacje Prawne</control>
    <control lang="pl" key="IDD_MOUNT_OPTIONS">TrueCrypt - Ustawienia Montowania</control>
    <control lang="pl" key="IDD_RAWDEVICES_DLG">Wybierz Partycję lub Urządzenie</control>
    <control lang="pl" key="IDT_ACTIVE_LANG_PACK">Aktywny pakiet językowy</control>
    <control lang="pl" key="IDT_BOX_BENCHMARK_INFO">Prędkość jest zależna od obciążenia procesora i charakterystyki urządzeń składujących.\n\nTesty są przeprowadzane w pamięci RAM.</control>
    <control lang="pl" key="IDT_BUFFER_SIZE">Rozmiar Bufora:</control>
    <control lang="pl" key="IDT_CIPHER">Szyfr:</control>
    <control lang="pl" key="IDT_HIDDEN_PROT_PASSWD">&amp;Hasło do ukrytego wolumenu:\n(jeśli puste, zostanie użyte zapamiętane)</control>
    <control lang="pl" key="IDT_HIDDEN_VOL_PROTECTION">Ochrona Uktytego Wolumenu</control>
    <control lang="pl" key="IDT_KEY">Rozmiar Klucza:</control>
    <control lang="pl" key="IDT_KEYFILE_GENERATOR_NOTE">Poprzesuwaj losowo myszkę po oknie. Im dużej będziesz nią ruszał, tym lepiej.</control>
    <control lang="pl" key="IDT_KEYFILE_WARNING">Ostrzeżenie: Jeśli zgubisz plik-klucz lub zostanie zmieniony jakiś bit z pierwszych 1024 kilobajtów, \nbędzie niemożliwe zamontowanie wolumenów używających tego pliku-klucza!</control>
    <control lang="pl" key="IDT_KEY_UNIT">bity</control>
    <control lang="pl" key="IDT_LANGPACK_AUTHORS">Przetłumaczony przez:</control>
    <control lang="pl" key="IDT_LRW_BLOCK_INDEX">Indeks bloku (heksadecymalnie)</control>
    <control lang="pl" key="IDT_LRW_KEY">Drugi klucz (heksadecymalnie)</control>
    <control lang="pl" key="IDT_LRW_MODE">Tryb LRW</control>
    <control lang="pl" key="IDT_PLAINTEXT">Rozmiar tekstu:</control>
    <control lang="pl" key="IDT_PLAINTEXT_SIZE_UNIT">bity</control>
    <control lang="pl" key="IDT_POOL_CONTENTS">Aktualna Zawartość Puli</control>
    <control lang="pl" key="IDT_PRF">Mieszanie PRF:</control>
    <control lang="pl" key="IDT_SORT_METHOD">Metoda Sortowania:</control>
    <control lang="pl" key="IDT_TEST_CIPHERTEXT">Szyfrowany tekst (heksadecymalnie)</control>
    <control lang="pl" key="IDT_TEST_KEY">Klucz (heksadecymalnie)</control>
    <control lang="pl" key="IDT_TEST_PLAINTEXT">Czysty tekst (heksadecymalnie)</control>
    <control lang="pl" key="IDT_KEYFILES_NOTE">Każdy rodzaj pliku (np. .mp3, .jpg, .zip, .avi) może być użyty przez TrueCrypt jako Plik-Klucz. TrueCrypt nigdy nie modyfikuje zawartości Pliku-Klucza. Możesz wybrać więcej niż jeden Plik-Klucz (kolejność nie ma znaczenia). Jeśli dodasz folder, wszystkie zawarte w nim pliki zostaną użyte</control>
    <control lang="pl" key="IDT_TEST_CONFIG">Konfiguracja szyfru (wszystkie wielkości w bajtach)</control>
    <control lang="pl" key="IDD_PCDM_CHANGE_PKCS5_PRF">Ustaw algorytm klucza nagłówka</control>
    <control lang="pl" key="IDD_PCDM_ADD_REMOVE_VOL_KEYFILES">Dodaj/Usuń Pliki-Klucze do/z Wolumenu</control>
    <control lang="pl" key="IDD_PCDM_REMOVE_ALL_KEYFILES_FROM_VOL">Usuń Wszystkie Pliki-Klucze z Wolumenu</control>
    <control lang="pl" key="IDT_EXPLORER_OPTIONS">Explorator Windows</control>
    <control lang="pl" key="IDC_BROWSE_KEYFILES">Przeglądaj...</control>
    <control lang="pl" key="IDD_KEYFILE_GENERATOR_DLG">TrueCrypt - Generator Plików-Kluczy</control>
    <control lang="pl" key="IDT_LICENSE">Akceptacja licencji:</control>
    <control lang="pl" key="IDT_UNINSTALL_INFO">Wolumeny TrueCrypt nie zostaną usunięte. Wpisy rejestru w HKLM\\SYSTEM\\ControlSet001\\Enum\\Root\\LEGACY_TRUECRYPT nie mogą byc usunięte gdyż Windows nie pozwala na ich kasowanie.</control>
    <control lang="pl" key="MENU_FILE">Plik</control>
    <control lang="pl" key="MENU_VOLUMES">&amp;Wolumeny</control>
    <control lang="pl" key="MENU_KEYFILES">Pliki-&amp;Klucze</control>
    <control lang="pl" key="MENU_TOOLS">&amp;Narzędzia</control>
    <control lang="pl" key="MENU_SETTINGS">&amp;Ustawienia</control>
    <control lang="pl" key="MENU_HELP">&amp;Pomoc</control>
    <control lang="pl" key="MENU_WEBSITE">   Strona &amp;Domowa   </control>
    <!-- Strings -->
    <string lang="pl" key="ABOUTBOX">&amp;O...</string>
    <string lang="pl" key="ACCESSMODEFAIL">Atrybut tylko do odczytu na starym wolumenie nie może być zmieniony. Proszę sprawdzić prawa dostępu do pliku.</string>
    <string lang="pl" key="ACCESS_DENIED">Błąd: Dostęp zabroniony.\n\nPartycja, do której usiłujesz uzyskać dostęp nie zawiera sektorów, lub służy do wystartowania systemu.</string>
    <string lang="pl" key="ADMIN_PRIVILEGES_DRIVER">Do załadowania sterowników TrueCrypt musisz być zalogowany na konto z uprawnieniami administratora.</string>
    <string lang="pl" key="ADMIN_PRIVILEGES_WARN_DEVICES">Zwróć uwagę, że do szyfrowania/formatowania partycji/urządzenia musisz być zalogowany na konto z uprawnieniami administratora.\n\nPowyższe nie dotyczy wolumenów opartych o pliki.</string>
    <string lang="pl" key="ADMIN_PRIVILEGES_WARN_HIDVOL">W przypadku tworzenia ukrytego wolumenu musisz być zalogowany na konto z uprawnieniami administratora.\n\nCzy kontynuować?</string>
    <string lang="pl" key="ADMIN_PRIVILEGES_WARN_NTFS">Zwróć uwagę, że do formatowania wolumenu jako NTFS musisz być musisz być zalogowany na konto z uprawnieniami administratora.\n\nBez uprawnień administratora, możesz formatować wolumeny jako FAT.</string>
    <string lang="pl" key="AES_HELP">Zatwierdzony przez FIPS szyfr (Rijndael, opublikoany w 1998) może być używany przez rządowe departamenty i agencje USA do zabezpieczania informacji klasyfikowanej aż do poziomu "Top Secret". Klucz 256-bitowy, Blok 128-bitowy, 14 przebiegów (AES-256). Tryb działania LRW.</string>
    <string lang="pl" key="ALREADY_MOUNTED">Wolumen jest już zamontowany.</string>
    <string lang="pl" key="ERR_SELF_TESTS_FAILED">UWAGA: Co najmniej jeden szyfrowanie lub algorytm skrótu nie przeszedł wbudowanej automatycznej procedury testowej!\n\nInstalacja TrueCrypt może być uszkodzona!</string>
    <string lang="pl" key="ERR_NOT_ENOUGH_RANDOM_DATA">UWAGA: Nie ma wystarczających danych w puli Generatora Losowego dla zapewnienia wymaganej liczby danych losowych.\n\nNie powinieneś kontynuować. Wybierz 'Zgłoszenie Błędu' z menu Pomocy, i zgłoś ten błąd.</string>
    <string lang="pl" key="BAD_DRIVE_LETTER">Nieprawidłowa litera dysku.</string>
    <string lang="pl" key="CANCEL">Anuluj</string>
    <string lang="pl" key="CANNOT_CALC_SPACE">Brak dostępu do urządzenia. Upewnij się, że wybrane urządzenie istnieje i nie jest używane przez system.</string>
    <string lang="pl" key="CAPSLOCK_ON">Ostrzeżenie: Caps Lock włączony. To może spowodować niepoprawne wprowadzenie hasła.</string>
    <string lang="pl" key="CIPHER_HIDVOL_HOST_TITLE">Opcje Kodowania Wolumenu Zewnętrznego</string>
    <string lang="pl" key="CIPHER_HIDVOL_TITLE">Opcje kodowania ukrytego wolumenu</string>
    <string lang="pl" key="CIPHER_TITLE">Opcje kodowania</string>
    <string lang="pl" key="CLEAN_WINMRU_FAILED">OSTRZEŻENIE: Nie można wyczyścić ścieżki ostatnio wybranego wolumenu/pliku-klucza (zapamiętanego przez mechanizm wyboru plików)!</string>
    <string lang="pl" key="COMPRESSION_NOT_SUPPORTED">Błąd: Kontener został skompresowanyna poziomie systemu plików. TrueCrypt nie wspiera używania kompresowanychkontenerów (zauważ ża kompresja szyfrowanych danych jest nieefektywanai dedundantna).\n\nProszę wyłączyć kompresję dla kontenera przez wykonanie następującyh kroków: 1) Kliknij prawym klawiszem myszy na kontenerze w Exploratorze Windows (nie w TrueCrypt). 2) Wybierz 'Właściwości'. 3) We okienku dialogowym 'Właściwości', kliknij 'Zaawansowane'. 4) W oknie dialogowym 'Atrybuty zaawansowane', odznacz opcje 'Kompresuj zawartość aby oszczędzić przestrzeń dyskową' i kliknij 'OK'. 5) W oknie dialogowym 'Właściwości', kliknij 'OK'.</string>
    <string lang="pl" key="CREATE_FAILED">Niepowodzenie tworzenia wolumenu %hs</string>
    <string lang="pl" key="DEVICE_FREE_BYTES">Rozmiar %hs wynosi %.2f bajty(ów)</string>
    <string lang="pl" key="DEVICE_FREE_GB">Rozmiar %hs wynosi %d GB</string>
    <string lang="pl" key="DEVICE_FREE_KB">Rozmiar %hs wynosi %.2f KB</string>
    <string lang="pl" key="DEVICE_FREE_MB">Rozmiar %hs wynosi %.2f MB</string>
    <string lang="pl" key="DEVICE_FREE_PB">Rozmiar %hs wynosi %d PB</string>
    <string lang="pl" key="DEVICE_FREE_TB">Rozmiar %hs wynosi %d TB</string>
    <string lang="pl" key="DEVICE_IN_USE">OSTRZEŻENIE: Urządzenie/Partycja jest już w użyciu!\n\nZignorowanie tego może spowodować niepożądane skutki z niestabilnością systemu włącznie! Wszystkie aplikacje, które mogą używać urządzenia/partycji powinny być zamknięte przed montowaniem wolumenu.\n\nCzy kontynuować montowanie?</string>
    <string lang="pl" key="DEVICE_IN_USE_FORMAT">Ostrzeżenie: Urządzenie/partycja jest używana przez system operacyjny lub aplikację. Formatowanie urządzenia/partycji może spowodować uszkodzenie danych i niestabilnośc systemu.\n\nKontynuować?</string>
    <string lang="en" key="FORMAT_CANT_DISMOUNT_FILESYS">Error: The device/partition contains a file system that could not be dismounted. The file system may be in use by the operating system. Formatting the device/partition would very likely cause data corruption and system instability.\n\nTo solve this issue, we recommend that you first delete the partition and then recreate it without formatting. To do so, follow these steps:\n1) Right-click the 'Computer' (or 'My Computer') icon in the 'Start Menu' and select 'Manage'. The 'Computer Management' window should appear.\n2) In the 'Computer Management' window, select 'Storage' &gt; 'Disk Management'.\n3) Right-click the partition you want to encrypt and select either 'Delete Partition', or 'Delete Volume', or 'Delete Logical Drive'.\n4) Click 'Yes'. If Windows asks you to restart the computer, do so. Then repeat the steps 1 and 2 and continue from the step 5.\n5) Right-click the unallocated/free space area and select either 'New Partition', or 'New Simple Volume', or 'New Logical Drive'.\n6) The 'New Partition Wizard' or 'New Simple Volume Wizard' window should appear now; follow its instructions. On the wizard page entitled 'Format Partition', select either 'Do not format this partition' or 'Do not format this volume'. In the same wizard, click 'Next' and then 'Finish'.\n7) Note that the device path you have selected in TrueCrypt may be wrong now. Therefore, exit the TrueCrypt Volume Creation Wizard (if it is still running) and then start it again.\n8) Try encrypting the device/partition again.\n\nIf TrueCrypt repeatedly fails to encrypt the device/partition, you may want to consider creating a file container instead.</string>
    <string lang="pl" key="DEVICE_IN_USE_INFO">OSTRZEŻENIE: Niektóre zamontowane urządzenia/partycje były w użyciu!\n\nZignorowanie tego może spowodować niepożądane skutki z niestabilnością systemu włącznie!\n\nStanowczo rekomendujemy zamknięcie wszystkich aplikacji które mogą używać tych urządzeń/partycji.</string>
    <string lang="pl" key="DEVICE_PARTITIONS_ERR">Wybrane urządzenie zawiera partycje.\n\nFormatowanie urządzenia może spowodować niestabilność i/lub uszkodzeie danych. Proszę raczej wybraćpartycję na tym urządzeniu, lub usunąć z urządzenia wszytskie partycje aby umożliwić TrueCrypt bezpieczne jej formatowanie.</string>
    <string lang="en" key="WHOLE_DEVICE_WARNING">IMPORTANT: If you encrypt the entire device, the operating system will consider the device as new and unformatted (as it will contain no partition table). This will make the volume susceptible to accidental initialization, which may cause it to be impossible to mount.\n\nIt is preferable to create a partition on the device and encrypt the partition instead.\n\nAre you sure want to encrypt the entire device?</string>
    <string lang="en" key="WHOLE_DEVICE_NOTE">IMPORTANT: Keep in mind to answer 'No', whenever Windows asks you whether you want to initialize this device (even if Windows tells you that you must do so). Otherwise, you may damage the volume and make it impossible to mount.\n\nWe also recommend that you backup the volume header after the volume is created (Tools -&gt; Backup Volume Header).</string>
    <string lang="en" key="AFTER_FORMAT_DRIVE_LETTER_WARN">IMPORTANT: Please keep in mind that this partition/device can NOT be mounted using the drive letter %c:, which is currently assigned to it!\n\nTo mount this partition/device, click 'Auto-Mount Devices' in the main TrueCrypt window. Alternatively, in the main TrueCrypt window, click 'Select Device', then select this partition/device, and click 'Mount'. The partition/device will be mounted to a different drive letter, which you will select from the list in the main TrueCrypt window.\n\nThe original drive letter %c: should be used only in case you need to remove encryption from the partition/device (e.g., if you no longer need encryption). In such a case, right-click the drive letter %c: in the 'Computer' (or 'My Computer') list and select 'Format'. Otherwise, the drive letter %c: should never be used (unless you remove it and assign it to another partition/device).</string>
    <string lang="pl" key="DISK_FREE_BYTES">Wolna przestrzeń na dysku %hs wynosi %.2f bajt(y)ów.</string>
    <string lang="pl" key="DISK_FREE_GB">Wolna przestrzeń na dysku %hs wynosi %d GB.</string>
    <string lang="pl" key="DISK_FREE_KB">Wolna przestrzeń na dysku %hs wynosi %.2f KB.</string>
    <string lang="pl" key="DISK_FREE_MB">Wolna przestrzeń na dysku %hs wynosi %.2f MB.</string>
    <string lang="pl" key="DISK_FREE_PB">Wolna przestrzeń na dysku %hs wynosi %d PB.</string>
    <string lang="pl" key="DISK_FREE_TB">Wolna przestrzeń na dysku %hs wynosi %d TB.</string>
    <string lang="pl" key="DRIVELETTERS">Nie można przydzielić dostępnej litery dysku.</string>
    <string lang="pl" key="DRIVER_NOT_FOUND">Nie znaleziono sterownika TrueCrypt!\n\nProszę skopiować pliki 'truecrypt.sys' and 'truecrypt-x64.sys' do tego samego katalogu, w którym zainstalowano aplikację.</string>
    <string lang="pl" key="DRIVER_VERSION">Obecnie jest uruchomiona niekompatybilna wersja sterownika urządzenia TrueCrypt.\n\nWymagana wersja to: TrueCrypt %hs</string>
    <string lang="pl" key="ERR_CIPHER_INIT_FAILURE">Błąd: Nie powiodło się inicjowanie szyfru.</string>
    <string lang="pl" key="ERR_CIPHER_INIT_WEAK_KEY">Błąd: Wykryto słaby lub potencjalnie słaby klucz. Klucz zostanie odrzucony. Proszę spróbować ponownie.</string>
    <string lang="en" key="EXCEPTION_REPORT">A critical error has occured and TrueCrypt must be terminated. If this is caused by a bug in TrueCrypt, we would like to fix it. To help us, you can send us an automatically generated error report containing the following items:\n\n- Program version\n- Operating system version\n- TrueCrypt component name\n- Checksum of TrueCrypt executable\n- TrueCrypt dialog identifier\n- Error category\n- Error address\n- TrueCrypt call stack\n\nIf you select 'Yes', the following URL (which contains the entire error report) will be opened in your default Internet browser (note that in some cases this may take up to 30 seconds).\n\n%hs\n\nDo you want to send us the above error report?</string>
    <string lang="pl" key="EXCEPTION_REPORT_EXT">Krytyczny błąd wystąpił w Twoim systemie operacyjnym co oznacza, że TrueCrypt musi zostać przerwany.\n\nZwróć uwagę, że ten błąd nie jest został spowodowany przez TrueCrypt (a więc programiści TrueCrypt nie mogą go poprawić). Sprawdź, proszę, Twój system pod kątem potencjalnych problemów (np., konfiguracji, połączeń sieciowych, wadliwych elementów sprzętu).</string>
    <string lang="pl" key="EXCEPTION_REPORT_TITLE">Błąd krytyczny TrueCrypt</string>
    <string lang="pl" key="EXIT">Wyjście</string>
    <string lang="pl" key="EXT_PARTITION">Proszę utworzyć dysk logiczny na tej rozszerzonej partycji, a następnie spróbować ponownie.</string>
    <string lang="pl" key="FILE_HELP">Możesz utworzyć wolumen składowany w pliku lub zakodować całą partycję twardego dysku, dyskietkę, pamięci USB, i innych urządzeń składujących. Kliknij 'Wybierz plik...' aby podać nazwę i ścieżkę do pliku w celu utworzenia pliku z nowym wolumenem, lub kliknij 'Wybierz Urządzenie...' aby wskazać partycję lub urządzenie do zakodowania.\n\nOstrzeżenie: Jeśli zakodujesz partycję lub urządzenie, wszystkie dane aktualnie na nich składowane zostaną skasowane.</string>
    <string lang="pl" key="FILE_HELP_HIDDEN_HOST_VOL">Wybierz położenie zewnętrznego wolumenu, który jest tworzony (wolumen ukryty wewnątrz tego wolumenu będzie utworzony później). Możesz utworzyć wolumen zawarty w pliku lub zakodować całą partycję dysku twardego, dyskietki, lub inny nośnik. Kliknij 'Wybierz plik’, aby wybrać nazwę i ścieżkę pliku, który będzie utworzony i będzie zawierał nowy wolumen, lub kliknij 'Wybierz urządzenie’, aby wskazać partycję lub urządzenie do zakodowania.\n\nJeśli wybierzesz partycję lub urządzenie, wszystkie dane aktualnie na nich składowane zostaną skasowane.</string>
    <string lang="pl" key="FILE_HELP_HIDDEN_HOST_VOL_DIRECT">Wybierz położenie wolumenu TrueCrypt, w którym chcesz utworzyć ukryty wolumen.</string>
    <string lang="pl" key="FILE_IN_USE">OSTRZEŻENIE: Zawierający wolumen plik/urządzenie jest aktualnie w użyciu!\n\nZignorowanie tego ostrzeżenia może spowodować nieoczekiwane rezultaty włącznie z niestabilnością systemu. Wszystkie aplikacje mogące używać tego pliku/urządzenia powinny zostać zamknięte przed montowaniem tego wolumenu.\n\nCzy kontynuować montowanie wolumenu?</string>
    <string lang="pl" key="FILE_IN_USE_FAILED">Błąd: Nie można zamontować wolumenu. Zawierający go plik/urządzenie jest aktualnie w użyciu. Próba montowania bez wyłącznego dostępu także zakończyła się niepowodzeniem.</string>
    <string lang="pl" key="FILE_OPEN_FAILED">Nie można otworzyć pliku.</string>
    <string lang="pl" key="FILE_TITLE">Położenie wolumenu</string>
    <string lang="pl" key="FORMAT">&amp;Format</string>
    <string lang="pl" key="FORMAT_ABORT">Przerwać formatowanie?</string>
    <string lang="pl" key="FORMAT_FINISHED_HELP">\n\nWolumen TrueCrypt został utworzony i jest gotowy do użycia. Jeśli chcesz utworzyć inny wolumen TrueCrypt, kliknij 'Następny'. w przeciwnym wypadku kliknij 'Wyjdź'.</string>
    <string lang="pl" key="FORMAT_FINISHED_INFO">Wolumen TrueCrypt został pomyślnie utworzony.</string>
    <string lang="pl" key="FORMAT_FINISHED_TITLE">Wolumen utworzony</string>
    <string lang="pl" key="FORMAT_HELP">Możesz tu ustawić ddatkowe opcje wpływające na formatowanie nowego wolumenu. Zapoznaj się z dokumentacją w celu uzyskania dodatkoych informacji. Gdy będziesz gotowy, kliknij 'Format' aby utworzyć nowy wolumen.</string>
    <string lang="pl" key="FORMAT_HIDVOL_HOST_HELP">Zauważ, że ukryty wolumen może być stworzony tylko w wolumenie FAT. W celu uzyskania dodatkowej informacji, zajrzyj do dokumentacji. Gdy będziesz gotowy, kliknij 'Format' aby utworzyć wewnętrzny wolumen.</string>
    <string lang="pl" key="FORMAT_HIDVOL_HOST_TITLE">Formatowanie Zewnętrznego Wolumenu</string>
    <string lang="pl" key="FORMAT_HIDVOL_TITLE">Formatowanie Ukrytego Wolumenu</string>
    <string lang="pl" key="FORMAT_TITLE">Formatowanie Wolumenu</string>
    <string lang="pl" key="GETFILETIME_FAILED">OSTRZEŻENIE: Nie można pobrać znacznika czasu kontenera!</string>
    <string lang="pl" key="GETFILETIME_FAILED_GENERIC">OSTRZEŻENIE: Nie można pobrać znacznika czasu kontenera!\n\nJeśli w tym kontenerze jest ukryty wolumen, może to być związane z 'wiarygodnym zaprzeczeniem' istnienia tego wolumenu.</string>
    <string lang="pl" key="GETFILETIME_FAILED_IMPLANT">OSTRZEŻENIE: Nie można pobrać znacznika czasu kontenera!\n\nJeśli nie resetowałeś znacznika czasu z użyciem zewnętrznych narzędzi, rekomendujemy, aby nie tworzyć ukrytego wolumenu w tym kontenerze.</string>
    <string lang="pl" key="GETFILETIME_FAILED_PW">OSTRZEŻENIE: Nie można pobrać znacznika czasu kontenera!\n\nJeśli w tym kontenerze jest ukryty wolumen, może to być związane z 'wiarygodnym zaprzeczeniem' istnienia tego wolumenu po zmianie lub próbie zmiany hasła.</string>
    <string lang="pl" key="GETFILETIME_FAILED_KEYFILE">OSTRZEŻENIE: Nie można pobrac znacznika czasu Pliku-Klucza! Nie można zachować daty i czasu ostatniego dostępu.\n\nMożna się domyślać, że miał miejsce dostęp do tego pliku.</string>
    <string lang="pl" key="HELP_READER_ERROR">Adobe Reader (lub kompatybilnenarzędzie) jest wymagane do wyświetlenia lub wydrukowania instrukcji użytkownika TrueCrypt. Adobe Reader (freeware) można pobrać z: www.adobe.com\n\nChcesz obejrzeć teraz dokumentację on-line?</string>
    <string lang="pl" key="HIDDEN_VOL_WIZARD_MODE_HELP">Niedoświadczony użytkownik powinien wybrać pierwszą opcję. Jeśli wybierzesz drugą opcję, zostanie domniemane, że wcześniej utworzyłeś wolumen TrueCrypt nadający się do przyjęcia ukrytego wolumenu.</string>
    <string lang="pl" key="HIDDEN_VOL_WIZARD_MODE_TITLE">Tryb Kreatora</string>
    <string lang="pl" key="HIDVOL_FORMAT_FINISHED_HELP">Ukryty wolumen TrueCrypt został pomyślnie utworzony i jest gotowy do użycia. Jeśli wszystkieinstrukcje zostały wykonane i jeśli zostały zachowane środki ostrożności wspomniane w sekcji "Security Precautions Pertaining to Hidden Volumes" instrukcji użytkownika TrueCrypt, nie jest możliwe stwierdzenie istnienia ukrytego wolumenu, nawet jeśli zewnętrzny wolumen zostanie zamontowany.\n\nOSTRZEŻENIE: JEŚLI NIE CHRONISZ UKRYTEGO WOLUMENU (W CELU UZYSKANIA INFORMACJI JAK, ZAJRZYJ DO SEKCJI "PROTECTION OF HIDDEN VOLUMES AGAINST DAMAGE" W INSTRUKCJI UŻYTKOWNIKA TRUECRYPT), NIE ZAPISUJ DO ZEWNĘTRZNEGO WOLUMNEU. W PRZECIWNYM RAZIE MOŻESZ NADPISAĆ I ZNISZCZYĆ UKRYTY WOLUMEN!</string>
    <string lang="pl" key="HIDVOL_FORMAT_FINISHED_TITLE">Ukryty Wolumen Utworzony</string>
    <string lang="pl" key="HIDVOL_HOST_FILLING_HELP">Zewnętrzny wolumen został pomyślnie utworzony i zamontowany jako dysk %hc:. Powinieneś do niego kopiować jakieś wyglądające na wrażliwe pliki których w rzeczywistości NIE chcesz ukryć. Te pliki będą udustęopnione komuś zmuszającego Cię do wyjawienia hasła. Możesz zdradzić tylko hasło do zewnętrznego wolumenu, a nie do ukrytego. Pliki które NAPRWDĘ chcesz ukryć będą składowane w ukrytym wolumenie, który zostanie utworzony później. Kiedy skończysz kopiowanie, kliknij Następny. Nie doemontuj tego wolumenu.\n\nPamiętaj: Po kliknięciu Następny, mapa bitoa klastrów zewnętrznego wolumenu będezie przeskanowan aby określić rozmiarciągłego obszaru wolnego miejsca którego koniec pokrywa się z końcem wolumenu. Ten obszar może być wykorzystany przez ukryty wolumem i limituej jego maksymalną wielkość. Skanowanie mapy klastrów zapewnia, że żadne dane zewnetrznego wolumenu nie zostaną nadpisane przez ukryty wolumen.</string>
    <string lang="pl" key="HIDVOL_HOST_FILLING_TITLE">Zawartość Wolumenu Zewnętrznego</string>
    <string lang="pl" key="HIDVOL_HOST_PRE_CIPHER_HELP">\n\nW następnym kroku ustawisz opcje dla zewnętrznego wolumenu (w którym później będzie utworzony ukryty wolumen). </string>
    <string lang="pl" key="HIDVOL_HOST_PRE_CIPHER_TITLE">Wolumen Zewnętrzny</string>
    <string lang="pl" key="HIDVOL_PRE_CIPHER_HELP">\n\nMapa bitowa klastrów została zeskanowana i został ustalony maksymalny możliwy rozmiar ukrytego wolumenu. W następnym kroku ustawisz opcje, rozmiar i hasło dla ukrytego wolumenu.</string>
    <string lang="pl" key="HIDVOL_PRE_CIPHER_TITLE">Ukryty Wolumen</string>
    <string lang="pl" key="HIDVOL_PROT_WARN_AFTER_MOUNT">Ukryty wolumen jest teraz chroniony przed uszkodzeniem dopóki wolumen zewnętrzny jest zdemontowany.\n\nOSTRZEŻENIE: Przy próbie zapisu danych do obszaru ukrytego wolumenu, TrueCrypt uruchomi ochronę zapisu całego wolumenu (zarówno zewnętrznej jak i ukrytej części) do jego zdemontowania. To może spowodować uszkodzenie systemu plików wolumenu zewnętrznego. Żadne dane zapisywane do obszaru należącego do ukrytego wolumenu nie zostaną zapisane i będą utracone! Windows może raportowac to jako błąd zapisu("Błąd opóźninego zapisu" lub "Parametr jest niewłaściwy").</string>
    <string lang="pl" key="HIDVOL_PROT_WARN_AFTER_MOUNT_PLURAL">Każdy ukryty wolumen w obrębie nowo montowanych wolumenów jest teraz chroniony przed uszodzeniem do momentu zdemontowania.\n\nOSTRZEŻENIE: Przy próbie zapisu danych do obszaru ukrytego wolumenu, TrueCrypt uruchomi ochronę zapisu całego wolumenu (zarówno zewnętrznej jak i ukrytej części) do jego zdemontowania. To może spowodować uszkodzenie systemu plików wolumenu zewnętrznego. Żadne dane zapisywane do obszaru należącego do ukrytego wolumenu nie zostaną zapisane i będą utracone! Windows może raportowac to jako błąd zapisu("Błąd opóźninego zapisu" lub "Parametr jest niewłaściwy").</string>
    <string lang="pl" key="DAMAGE_TO_HIDDEN_VOLUME_PREVENTED">OSTRZEŻENIE: Próbowano zapisać do obszaru ukrytego wolumenu w wolumenie zamontowanym jako %c:!\n\nTrueCrypt zapobiegł zapisowi tych danych z powodu ochrony ukrytego wolumenu. To może spwodować uszkodzenie systemu plików w wolumenie zewnętrznym i Windows moze zaraportować błąd zapisu("Błą opóźnionego zapisu" lub "Parametr jest niewłaściwy"). Cały wolumen (zarówno zewnętrzna jak i ukryta część) została zabezpievzona przed zapisem do moementu zdemontowania.\n\nStanowczo rekomendujemy natychmiastowy restar systemu operacyjnego.</string>
    <string lang="pl" key="INIT_MUTEX">Nie można zainicjować aplikacji. Błąd tworzenia wymaganego obiektu kontroli niewspółdzielonego dostępu (mutex).</string>
    <string lang="pl" key="INIT_RAND">Błąd inicjowania generatora liczb losowych!</string>
    <string lang="pl" key="INIT_REGISTER">Nie można zainicjować aplikacji. Błąd rejestracji klasy okna dialogowego.</string>
    <string lang="pl" key="INTRO_HELP">\nTTen kreator pomoże Ci utworzyć nowy wolumen TrueCrypt.\n\nWażne: Uruchomiono tworzenie danych losowych. Będą one użyte przy generowaniu głównych kluczy, drugich kluczy (dla trybu LRW), i wypełnienia dla nowych wolumenów. Zbierane dane zawierają ruchy myszy po tym oknie, wciśnięcia klawiszy, i inne dane uzyskane z systemu. Dane powinny być tak losowe jak to możliwe, im bardziej chaotycznie i dłużej ruszasz myszą, tym lepiej.</string>
    <string lang="pl" key="INTRO_TITLE">Kreator Woluminów TrueCrypt</string>
    <string lang="pl" key="INVALID_DEVICE">Błąd specyfikacji napędu lub partycji. Użyj następującej składni do zamontowania partycji: \\Device\\Harddisk0\\Partition4</string>
    <string lang="pl" key="MAX_HIDVOL_SIZE_BYTES">Maksymalny możliwy rozmiar ukrytego wolumenu wynosi dla tego wolumenu %.2f bajty(ów).</string>
    <string lang="pl" key="MAX_HIDVOL_SIZE_KB">Maksymalny możliwy rozmiar ukrytego wolumenu wynosi dla tego wolumenu %.2f KB.</string>
    <string lang="pl" key="MAX_HIDVOL_SIZE_MB">Maksymalny możliwy rozmiar ukrytego wolumenu wynosi dla tego wolumenu %.2f MB.</string>
    <string lang="pl" key="MOUNTED_NOPWCHANGE">Hasło/Plik-klucz tego wolumenu nie mogą być zmienione dopóki jest on zamontowany. Proszę najpierw zdemontować ten wolumen.</string>
    <string lang="pl" key="MOUNTED_NO_PKCS5_PRF_CHANGE">Algorytm klucza nagłówka nie może być zmieniony dopóki wolumen jest zamontowany. Proszę najpierw zdemontować wolumen.</string>
    <string lang="pl" key="MOUNT_BUTTON">&amp;Montuj</string>
    <string lang="pl" key="NEW_VERSION_REQUIRED">Do zamontowania tego wolumenu jest wymagana nowsza wersja TrueCrypt.</string>
    <string lang="pl" key="VOL_CREATION_WIZARD_NOT_FOUND">Error: Nie znaleziono Kreatora Wolumenów TrueCrypt.\n\nUpewnij się, że plik 'TrueCrypt Format.exe' znajduje się w katalogu, z którego uruchomiono 'TrueCrypt.exe'. Jeśli nie, ponownie zainstaluj TrueCrypt, lub znajdź program 'TrueCrypt Format.exe' na dysku i uruchom go.</string>
    <string lang="pl" key="NEXT">&amp;Następny&gt;</string>
    <string lang="pl" key="FINALIZE">&amp;Koniec</string>
    <string lang="en" key="NODRIVER">Unable to connect to the TrueCrypt device driver. TrueCrypt cannot work if the device driver is not running.\n\nPlease note that, due to a Windows issue, it may be required to log off or restart the system before the device driver can be loaded.</string>
    <string lang="pl" key="NOFONT">Napotkano błąd w czasie ładowania/przygotowania czcionek.</string>
    <string lang="pl" key="NOT_FOUND">Litera napędu DOS którą podałeś nie została znaleziona.</string>
    <string lang="pl" key="DRIVE_LETTER_UNAVAILABLE">Litera napędu niejest dostępna.</string>
    <string lang="pl" key="NO_FILE_SELECTED">Nie wybrano pliku!</string>
    <string lang="pl" key="NO_FREE_DRIVES">Nie ma dostępnych liter dysków.</string>
    <string lang="pl" key="NO_FREE_DRIVE_FOR_OUTER_VOL">Nie ma wolnej litery dysku dla oznaczenia zewnętrznego wolumenu! Nie można kontynuować tworzenia wolumenu.</string>
    <string lang="pl" key="NO_OS_VER">Nie można ustalić wersji Twojego systemu operacyjnego albo używasz systemu operacyjnego który nie jest wspierany.</string>
    <string lang="pl" key="NO_PATH_SELECTED">Nie wybrano ścieżki!</string>
    <string lang="pl" key="NO_SPACE_FOR_HIDDEN_VOL">Niewystarczająca ilość wolnego miejsca dla ukrytego wolumenu! Nie można kontynuować tworzenia wolumenu.</string>
    <string lang="pl" key="OPENFILES_DRIVER">Sterownik nie może zdemontować wolumenu. Prawdopodobnie jakieś pliki na nim położone pozostały otwarte.</string>
    <string lang="pl" key="OPENFILES_LOCK">Nie można zablokować wolumenu. Istnieją otwarte pliki na wolumenie i dlatego nie może być zdemontowany.</string>
    <string lang="pl" key="OPEN_VOL_TITLE">Wybierz Wolumen TrueCrypt</string>
    <string lang="pl" key="OPEN_TITLE">Podaj Ścieżkę i Nazwę Pliku</string>
    <string lang="pl" key="OUTOFMEMORY">Brak Pamięci</string>
    <string lang="en" key="FORMAT_DEVICE_FOR_ADVANCED_ONLY">IMPORTANT: We strongly recommend that inexperienced users create a TrueCrypt file container on the selected device/partition, instead of attempting to encrypt the entire device/partition.\n\nWhen you create a TrueCrypt file container (as opposed to encrypting a device or partition) there is, for example, no risk of destroying a large number of files. Note that a TrueCrypt file container (even though it contains a virtual encrypted disk) is actually just like any normal file. Therefore, it can be, for example, easily renamed, moved, or copied as any normal file. To create a TrueCrypt file container, click 'No' and then click 'Select File' in the wizard window. For more information, see the chapter Beginner's Tutorial in the TrueCrypt User Guide.\n\nAre you sure you want to encrypt the entire device/partition?</string>
    <string lang="pl" key="OVERWRITEPROMPT">Ostrzeżenie: Plik '%hs' już istnieje!\n\nPamiętaj że TrueCrypt nie zaszyfruje tego pliku, ale nadpisze go. Jesteś pewien, że chcesz usunąć plik i zastąpić go nowym kontenerem TrueCrypt?</string>
    <string lang="en" key="OVERWRITEPROMPT_DEVICE">CAUTION: ALL FILES CURRENTLY STORED ON THE SELECTED %s '%hs'%s WILL BE ERASED AND LOST!\n\nAre you sure you want to proceed with format?</string>
    <string lang="pl" key="PASSWORD">Hasło</string>
    <string lang="pl" key="PASSWORD_CHANGED">Hasło i/lub plik(i)-klucz(e) pomyślnie zmienione.\n\nWAŻNE: Upewnij się, że przeczytałeś fragment 'Zmiana haseł i Plików-kluczy' w rozdziale 'Środki bezpieczeństwa' w dokumentacji użytkownika TrueCrypt.</string>
    <string lang="pl" key="KEYFILE_CHANGED">Plik(i)-Klucz(e) pomyślnie dodane/usunięte.</string>
    <string lang="pl" key="PKCS5_PRF_CHANGED">Algorytm klucza nagłówka pomyślnie ustawiony.</string>
    <string lang="pl" key="PASSWORD_HELP">Wybór dobrego hasła jest bardzo ważny. Powinieneś unikać wyboru takiego, które zawiera wyłącznie pojedyncze słowo możliwe do znalezienia w słowniku (lub kombinację 2, 3 lub 4 takich słów). Hasło nie powinno zawierać nazw lub dat urodzenia. Nie powinno być łatwe do zgadnięcia. Dobre hasło jest losową kombinacją małych i dużych liter, cyfr i znaków specjalnych takich jak @ ^ = $ * + etc.\n\nRekomendujemy wybór hasła dłuższego niż 20 znaków (im dłuższe tym lepsze). Maksymalna długość wynosi 64 znaki.</string>
    <string lang="pl" key="PASSWORD_HIDDENVOL_HELP">Proszę wybrać hasło dla ukrytego wolumenu. </string>
    <string lang="pl" key="PASSWORD_HIDDENVOL_HOST_DIRECT_HELP">Proszę wprowadzić hasło dla wolumenu, w którym chcesz stworzyć ukryty wolumen.\n\nPo kliknięciu Następny, TrueCrypt spróbuje zamontować ten wolumen. Natychmiast po zamontowaniu, nastąpi skanowanie mapy bitowej klastrów w celu określenia rozmiaru ciągłego obszaru wolnej przestrzeni (jeśli jest) wyrównanej do końca wolumenu. Ten obszar będzie wykorzystany przez ukryty wolumen i dlatego ogranicza maksymalny możliwy dostęp. Skanowanie mapy klastrów jest niezbędne dla zapewnienia, że żadne dane z zewnętrznego wolumenu nie zostaną nadpisane przez ukryty wolumen.</string>
    <string lang="pl" key="PASSWORD_HIDDENVOL_HOST_HELP">\nProszę wybrać hasło dla zewnętrznego wolumenu. To będzie hasło, które będziesz mógł ujawnić osobie, która spróbuje zmusić Cię do tego.\n\nHasło musi być inne niż to, które wybierzesz dla ukrytego wolumenu.\n\n\nPamiętaj: Maksymalna długość hasła to 64 znaki.</string>
    <string lang="pl" key="PASSWORD_HIDVOL_HOST_TITLE">Hasło Zewnętrznego Wolumenu</string>
    <string lang="pl" key="PASSWORD_HIDVOL_TITLE">Hasło Ukrytego Wolumenu</string>
    <string lang="pl" key="PASSWORD_LENGTH_WARNING">OSTRZEŻENIE: Krótkie hasła są łatwe do złamamnia przez użycie techniki 'brute force'!\n\nRekomendujemy aby wybrać hasło zawierające więcej niż 20 znaków.\n\nJesteś pewien, że chcesz użyć krótkiego hasła?</string>
    <string lang="pl" key="PASSWORD_TITLE">Hasło wolumenu</string>
    <string lang="pl" key="PASSWORD_WRONG">Złe hasło albo to nie jest wolumen TrueCrypt.</string>
    <string lang="pl" key="PASSWORD_OR_KEYFILE_WRONG">Niepoprawny(e) Plik(i)-Klucz(e) i/lub hasło albo to nie jest wolumen TrueCrypt.</string>
    <string lang="pl" key="PASSWORD_WRONG_CAPSLOCK_ON">\n\nOstrzeżenie: Tryb Caps Lock jest włączony. Może to spowodować niepoprawne wprowadzenie hasła.</string>
    <string lang="pl" key="PASSWORD_WRONG_AUTOMOUNT">Niepoprawne hasło lub nie znaleziono wolumenu TrueCrypt.</string>
    <string lang="pl" key="PASSWORD_OR_KEYFILE_WRONG_AUTOMOUNT">Niepoprawny(e) Plik(i)-Klucz(e)/hasło lub nie znaleziono wolumenu TrueCrypt.</string>
    <string lang="pl" key="PREV">&lt; &amp;Poprzedni</string>
    <string lang="pl" key="RAWDEVICES">Nie można wylistować 'surowych' urządzeń zainstalowanych w Twoim systemie!</string>
    <string lang="pl" key="READONLYPROMPT">Wolumen '%hs' istnieje, i jest tylko do odczytu. Jesteś pewien, że chcesz go nadpisać?</string>
    <string lang="pl" key="SELECT_DEST_DIR">Wybierz katalog docelowy</string>
    <string lang="pl" key="SELECT_KEYFILE">Wybierz Plik-Klucz</string>
    <string lang="pl" key="SELECT_KEYFILE_PATH">Wskaż ścieżkę Plików-Kluczy. OSTRZEŻENIE: Pamiętaj, że zostanie zapamiętana tylko ścieżka a nie nazwy plików!</string>
    <string lang="pl" key="SERPENT_HELP">Zaprojektowany przez Rossa Andersona, Eli Biham, i Larsa Knudsen'a. Opublikowany w 1998r. 256-bitowy klucz, 128-bitowy blok. Tryb LRW. Serpent był jednym z finalistów AES.</string>
    <string lang="pl" key="SETFILETIME_FAILED_IMPLANT">OSTRZEŻENIE: Błąd odtwarzania znacznika czasu kontenera (data i czas modyfikacji/dostępu do pliku)!\n\nMoże zachodzić 'wiarygodne zaprzeczenie' istnienia ukrytego wolumenu.</string>
    <string lang="pl" key="SETFILETIME_FAILED_PREP_IMPLANT">OSTRZEŻENIE: Błąd odtwarzania znacznika czasu kontenera!\n\nJeśli znacznik nie był resetowany z użyciem zewnętrznego narzędzia, rekomendujemy nie tworzyć ukrytego wolumenu w ramach tego kontenera.</string>
    <string lang="pl" key="SETFILETIME_FAILED_PW">OSTRZEŻENIE: Błąd odtwarzania znacznika czasu kontenera (data i czas modyfikacji/dostępu do pliku)!\n\nJeśli ukryty wolumen znajduje się w tym kontenerze, może to być następstwo 'wiarygodnego zaprzeczenia' istnienia tego wolumenu.</string>
    <string lang="pl" key="SETFILETIME_FAILED_KEYFILE">OSTRZEŻENIE: Błąd odtwarzania znacznika czasu kontenera! Nie można zabezpieczyć daty/czasu ostatniego dostępu.\n\nMożna domniemać, że miał miejsce dostęp do tego pliku.</string>
    <string lang="pl" key="SETUP_INCOMPLETE">BŁĄD: Folder 'Setup Files' nie został znaleziony.\n\nZauważ, że zanim będziesz mógłzainstalować TrueCrypt, musisz wyodrębnić wszystkie pliki z pakietu dystrybucyjnego.</string>
    <string lang="pl" key="SIZE_HELP">Proszę podać rozmiar tworzonego kontenera.\n\nJeśli tworzysz dynamiczny kontener ("plik rzadki"), ten parametr będzie określał jego maksymalny rozmiar.\n\nPamiętaj że minimalny możliwy rozmiar wolumenu FAT to 19 KB. Miniamlny możliwy rozmiar wolumenu NTFS to 2526 KB.</string>
    <string lang="pl" key="SIZE_HELP_HIDDEN_HOST_VOL">Proszę podać rozmiar nowego wolumenu zewnętrznego (w któego wnętrzu zostanie później utworzony wolumen ukryty). Minimalny możliwy rozmiar wolumenu zawierającego ukryty wolumen wynosi 40KB.</string>
    <string lang="pl" key="SIZE_HELP_HIDDEN_VOL">Proszę określić rozmiar ukrytego wolumenu, który ma być utworzony. Minimalny możliwy rozmiar dla systemu plików FAT wynosi 19 KB. Minimalny możliwy rozmiar dla systemu plików NTFS wynosi 2526 KB. Maksymalny możliwy rozmiar ukrytego wolumenu jest wyświetlony powyżej.</string>
    <string lang="pl" key="SIZE_HIDVOL_HOST_TITLE">Rozmiar Zewnętrznego Wolumenu</string>
    <string lang="pl" key="SIZE_HIDVOL_TITLE">Rozmiar Ukrytego Wolumenu</string>
    <string lang="pl" key="SIZE_PARTITION_HELP">Rozmiar partycji lub urządzenia nie może być zmieniony. Proszę sprawdzić czy rozmiar wybranego urządzenia lub partycji wskazany powyżej jest poprawny i kliknąć Następny.</string>
    <string lang="pl" key="SIZE_PARTITION_HIDDEN_VOL_HELP">\n\nZwróć uwagę, że minikmalny możliwy rozmiar wolumenu zawierającego ukryty wolumen to 40 KB.</string>
    <string lang="pl" key="SIZE_TITLE">Rozmiar wolumenu</string>
    <string lang="pl" key="SPARSE_FILE">Dynamiczny</string>
    <string lang="pl" key="TESTS_FAILED">UWAGA: NIEPOWODZENIE AUTO-TESTU!</string>
    <string lang="pl" key="TESTS_PASSED">Auto-test wszystkich algorytmów zakończony pomyślnie</string>
    <string lang="pl" key="TEST_INCORRECT_LRW_INDEX_SIZE">Dostarczony indeks Bloku LRW jest za długi lub za krótki.</string>
    <string lang="pl" key="TEST_INCORRECT_LRW_KEY_SIZE">Dostarczony drugi klucz jest za długi lub za krótki.</string>
    <string lang="pl" key="TEST_CIPHERTEXT_SIZE">Dostarczony testowy zaszyfrowany tekst jest za długi lub za krótki.</string>
    <string lang="pl" key="TEST_KEY_SIZE">Dostarczony klucz testowy jest za długi lub za krótki.</string>
    <string lang="pl" key="TEST_PLAINTEXT_SIZE">Dostarczony testowy tekst jest za długi lub za krótki.</string>
    <string lang="pl" key="TEST_LRW_INDEX_OVERRUN">Error: TrueCrypt nie obsługuje bloków o indeksie LRW więlszym lub równym 2^64.\n\nPamiętaj też że maksymalny obsugiwany rozmiar wolumenu to 2^63 bytes (8589934592 GB).</string>
    <string lang="pl" key="TWO_LAYER_CASCADE_HELP">Dwa szyfry kaskadowo pracujące w trybie LRW. Każdy blok jest najpierw szyfrowany przez %hs (%d-bitowy klucz) aa potem przez %hs (%d-bitowy klucz). Każdy szyfr używa własnego klucza. Wszystkie klucze są wzajemnie niezależne.</string>
    <string lang="pl" key="THREE_LAYER_CASCADE_HELP">Trzy szyfry kaskadowo pracujące w trybie LRW. Każdy blok jest najpierw szyfrowany przez %hs (%d-bitowy klucz), potem przez %hs (%d-bitowy klucz), a na koniec przez %hs (%d-bitowy klucz). Każdy szyfr używa własnego klucza. Wszystkie klucze są wzajemnie niezależne.</string>
    <string lang="pl" key="TRAVELLER_DISK_CREATED">Dysk podróżny TrueCrypt został pomyślnie utworzony\n\nPamiętaj, że będziesz potrzebował praw administratora, aby uruchomić TrueCrypt w trybie podróżnym. Pamiętaj także, że po przejrzeniu plików rejestru, będzie możliwe stwierdzenie, że TrueCrypt był kiedyś uruchamiany w systemie Windows nawet, jeśli uruchomisz go w trybie podróżnym.</string>
    <string lang="pl" key="TC_TRAVELLER_DISK">Dysk podrózny TrueCryptk</string>
    <string lang="pl" key="TWOFISH_HELP">Zaprojektowany przez Bruce'a Schneiera, Johna Kelsey'a, Douga Whiting'a, Davida Wagnera, Chrisa Halla i Nielsa Fergusona. Opublikowany w 1998r. 256-bitowy klucz, 128-bitowy blok. Działanie w trybie LRW. Twofish był jednym z finalistów AES.</string>
    <string lang="en" key="MORE_INFO_ABOUT">More information on %hs</string>
    <string lang="pl" key="UNKNOWN">Nieznany</string>
    <string lang="pl" key="ERR_UNKNOWN">Napotkano nieznany lub niewyspecyfikowany błąd.</string>
    <string lang="pl" key="UNKNOWN_DRIVER_CODE">Sterownik urządzenia zwrócił nierozpoznany błąd, kod błędu = %d</string>
    <string lang="pl" key="UNMOUNTALL_LOCK_FAILED">Niektóre wolumeny zawierają pliki lub foldery używane przez aplikacje lub system.\n\nWymusić demontowanie?</string>
    <string lang="pl" key="UNMOUNT_BUTTON">&amp;Demontuj</string>
    <string lang="pl" key="UNMOUNT_FAILED">Demontowanie się nie udało!</string>
    <string lang="pl" key="UNMOUNT_LOCK_FAILED">Wolumen zawiera pliki lub foldery używane przez aplikacje lub system.\n\nWymusić demontowanie?</string>
    <string lang="pl" key="VOL_ALREADY_MOUNTED">Wolumen, który próbujesz zamontować jest już zamontowany. </string>
    <string lang="pl" key="VOL_FORMAT_BAD">Nie rozpoznano formatu tego wolumenu. Wolumen może być uszkodzony.</string>
    <string lang="pl" key="VOL_MOUNT_FAILED">Napotkano błąd przy próbie zamontowania wolumenu.</string>
    <string lang="pl" key="VOL_READING">Błąd odczytu danych z wolumenu.</string>
    <string lang="pl" key="VOL_SEEKING">Błąd pozycjonowania wewnątrz wolumenu.</string>
    <string lang="pl" key="VOL_SIZE_WRONG">Błąd: Niepoprawny rozmiar wolumenu.</string>
    <string lang="pl" key="VOL_TOO_SMALL">Wolumen jest za mały - to nie jest poprawna wartość.</string>
    <string lang="pl" key="VOL_WRITING">Błąd zapisu danych do wolumenu.</string>
    <string lang="pl" key="WARN_QUICK_FORMAT">OSTRZEŻENIE: Powinieneś używać Szybkiego Formatowania tylko w następujących przypadkach:\n\n1) Urządzenie jest wypełnione losowymi wartościami (np. było już w pełni zaszyfrowane)\n2) Zamierzasz natychmiast wypełnić całą wolną przestrzeń\n3) Nie zależy Ci na bezpieczeństwie (testowanie)</string>
    <string lang="pl" key="CONFIRM_SPARSE_FILE">Kontener dynamiczny jest pre-alokowanym "plikiem rzadkim" (sparse file ) NTFS którego fizyczny rozmiar (bieżące użycie przestrzeni dyskowej) rośnie wraz z dodawniem danych.\n\nOstrzeżenie: Wydajność wolumenu opartego o "plik rzadki" ( sparse file ) jest znacząco gorsza o wydajności zwykłego wolumenu. Oparte o "rzadkie pliki" wolumeny są także mniej bezpieczne, gdyż jest możliwe określenie, które sektory nie są używane. Dodatkowo, jeśli dane są zapisywane do "pliku rzadkiego" i zabraknie wolnego miejsca w systemie plików, zaszyfrowany plik może zostać uszkodzony.\n\nJesteś pewien, że chcesz uwtorzyć wolumen oparty o "rzadki plik"?</string>
    <string lang="pl" key="SPARSE_FILE_SIZE_NOTE">Pamiętaj że rozmiar dynamicznego kontenera raportowany przez Windows i TrueCrypt będzie zawsze równy maksymalnemu rozmiarowi . Aby uzyskać aktualny rozmiar fizyczny kontenera (aktualne uzycie przestrzeni dyskowej), kliknij prawym klawiszem na pliku (w oknie Windows Explorera , nie w TrueCrypt), wybierz 'Properties' i zobacz wartość 'Rozmiar na dysku'.</string>
    <string lang="pl" key="WIPE_CACHE">Hasła zostały wymazane z pamięci sterownika urządzenia.</string>
    <string lang="pl" key="WRONG_VOL_TYPE">TrueCrypt nie może zmienić hasła dla obcego wolumenu.</string>
    <string lang="pl" key="SELECT_FREE_DRIVE">Proszę wybrać wolną literę dysku z listy.</string>
    <string lang="pl" key="SELECT_A_MOUNTED_VOLUME">Proszę wybrać zamontowany wolumen z listy liter dysków.</string>
    <string lang="pl" key="CANT_CREATE_AUTORUN">Błąd: Nie można utworzyć pliku autorun.inf</string>
    <string lang="pl" key="ERR_PROCESS_KEYFILE">Błąd podczas przetwarzania Pliku-Klucza!</string>
    <string lang="pl" key="ERR_PROCESS_KEYFILE_PATH">Błąd przetwarzania ścieżki Pliku-Klucza!</string>
    <string lang="pl" key="UNSUPPORTED_OS">TrueCrypt nie wspiera tego systemu operacyjnego.</string>
    <string lang="pl" key="UNSUPPORTED_BETA_OS">Error: TrueCrypt wpsiera tylko stabilne (nie beta) wersje tego systemu operacyjnego.</string>
    <string lang="pl" key="ERR_MEM_ALLOC">Błąd: Nie można przydzielić pamięci.</string>
    <string lang="pl" key="ERR_PERF_COUNTER">Błąd: Nie można pobrać wartości z licznika wydajności.</string>
    <string lang="pl" key="ALL_FILES">Wszystkie pliki</string>
    <string lang="pl" key="TC_VOLUMES">Wolumeny TrueCrypt</string>
    <string lang="pl" key="FORMAT_NTFS_STOP">Nie można kontynuować formatowania NTFS.</string>
    <string lang="pl" key="CANT_MOUNT_VOLUME">Nie można zamontować wolumenu.</string>
    <string lang="pl" key="CANT_DISMOUNT_VOLUME">Nie można zdemontować.</string>
    <string lang="pl" key="FORMAT_NTFS_FAILED">Windows nie może sformatowac tego wolumenu jako NTFS.\n\nprosże wybrać inny typ systemu plików (jeśli to możliwe) i spóbować ponownie. Alternatywnie, możesz pzostawić wolumen niesformatowany (wybierz 'żaden' jako system plików), wyjść z kreatora, zamontować wolumen, i użyć narzędzia systemowego albo pochodzącego od innego dostawcy do sformatowania zamontowanego wolumenu (wolumen pozostanie zaszyfrowany).</string>
    <string lang="pl" key="DEFAULT">Domyślny</string>
    <string lang="pl" key="SECTOR">sektor</string>
    <string lang="pl" key="BLOCK">blok</string>
    <string lang="pl" key="PARTITION">Partycja</string>
    <string lang="pl" key="PARTITION_LC">partycja</string>
    <string lang="pl" key="PARTITION_UPPER_CASE">PARTYCJA</string>
    <string lang="pl" key="DEVICE">Urządzenie</string>
    <string lang="pl" key="DEVICE_LC">urządzenie</string>
    <string lang="pl" key="DEVICE_UPPER_CASE">URZĄDZENIE</string>
    <string lang="pl" key="CLUSTER_TOO_SMALL">Wybrany rozmiar klastra jest zbyt mały dla tego rozmiaru wolumenu. Powinien być użyty większy klaster.</string>
    <string lang="pl" key="CANT_GET_VOLSIZE">Błąd: Nie można uzyskać rozmiaru wolumenu!\n\nUpewnij się, że wybrany wolumen nie jest w użyciu przez system lub aplikację.</string>
    <string lang="pl" key="HIDDEN_HOST_FAT_ONLY">Ukryty wolumen może być tworzony tylko w wolumenie FAT.\n\nAby uzyskać więcej informacji, proszę zajrzeć do dokumentacji.</string>
    <string lang="pl" key="HIDDEN_VOL_HOST_SPARSE">Ukryty wolumen nie powinien być tworzony wewnątrz kontenera dynamicznego (pliku rzadkiego). Dla zapewnienia wiarygodnego zaprzeczenia, ukryty wolumen pwoinien zostać utworzony wewnątrz normalnego wolumenu.</string>
    <string lang="pl" key="CANT_ACCESS_VOL">Error: Brak dostępu do wolumenu!\n\nUpewnij się że wybrany wolumen istnieje, nie jest zamontowany używany przez system lub aplikację, że masz prawaa zapisu i odczytu do wolumenu, i że nie jest zabezpieczony przed zapisem.</string>
    <string lang="pl" key="CANT_DISMOUNT_OUTER_VOL">Błąd: Nie można zdemontować zewnętrznego wolumenu!\n\nWolumen nie może być zdemontowany, jeśli zawiera pliki lub folfdery używane przez jakiś program lub system.\n\nProszę zamknąć wszystkie programy, które mogą używać plików lub katalogów na tym wolumenie i kliknąć Powtórz.</string>
    <string lang="pl" key="CANT_LOCK_OUTER_VOL">Błąd: Nie można zablokować zewnętrznego wolumenu!\n\nWolumen nie może być zablokowany, jeśli zawiera pliki lub foldery używane przez aplikacje lub system.\n\nProszę zamknąć wszystkie aplikacje mogące używać plików lub katalogów na tym wolumenie i kliknąć Powtórz.\n\nOSTRZEŻENIE: Jeśli zadecydujesz aby zignorować ten stan, musisz zapewnić, że po kliknięciu Ignoruj, nie będzie zapisu danych do tego wolumenu do jego zdemontowania. Nie zapewnienie tego, może mieć zły wpływ na 'wiarygodność zaprzeczenia' istnienia ukrytego wolumenu!</string>
    <string lang="pl" key="CANT_ACCESS_OUTER_VOL">Błąd: Brak dostępu do zewnętrznego wolumenu! Nie można kontynuować tworzenia wolumenu.</string>
    <string lang="pl" key="CANT_MOUNT_OUTER_VOL">Błąd: Nie można zamontować zewnętrznego wolumenu! Nie można kontynuować tworzenia wolumenu.</string>
    <string lang="pl" key="CANT_GET_CLUSTER_BITMAP">Błąd: Nie można pobrać mapy bitowej klastrów! Tworzenie wolumenu nie może być kontynuowane.</string>
    <string lang="pl" key="ALPHABETICAL_CATEGORIZED">Alfabetycznie/Kategoriami</string>
    <string lang="pl" key="MEAN_SPEED">Średnia prędkość (Malejąco)</string>
    <string lang="pl" key="ALGORITHM">Algorytm</string>
    <string lang="pl" key="ENCRYPTION">Kodowanie</string>
    <string lang="pl" key="DECRYPTION">Dekodowanie</string>
    <string lang="pl" key="MEAN">Średnia</string>
    <string lang="pl" key="DRIVE">Napęd</string>
    <string lang="pl" key="VOLUME">Wolumen</string>
    <string lang="pl" key="SIZE">Rozmiar</string>
    <string lang="pl" key="ENCRYPTION_ALGORITHM">Algorytm kodowania</string>
    <string lang="pl" key="ENCRYPTION_ALGORITHM_LV">Algorotym szyfrowania</string>
    <string lang="pl" key="TYPE">Typ</string>
    <string lang="pl" key="VALUE">Wartość</string>
    <string lang="pl" key="PROPERTY">Własności</string>
    <string lang="pl" key="LOCATION">Lokalizacja</string>
    <string lang="pl" key="BYTES">bajty(ów)</string>
    <string lang="pl" key="HIDDEN">Ukryty</string>
    <string lang="pl" key="OUTER">Zewnętrzny</string>
    <string lang="pl" key="NORMAL">Normalny</string>
    <string lang="pl" key="READ_ONLY">Tylko do odczytu</string>
    <string lang="pl" key="HIDDEN_VOLUME">Wolumen Ukryty</string>
    <string lang="pl" key="HID_VOL_DAMAGE_PREVENTED">Tak (zabezpieczony przed uszkodzeniem!)</string>
    <string lang="pl" key="NONE">Żaden</string>
    <string lang="pl" key="ACTIVE">Aktywny</string>
    <string lang="pl" key="KEY_SIZE">Rozmiar klucza</string>
    <string lang="pl" key="BITS">bity</string>
    <string lang="pl" key="BLOCK_SIZE">Rozmiar bloku</string>
    <string lang="pl" key="MODE">Tryb</string>
    <string lang="pl" key="PKCS5_PRF">PKCS-5 PRF</string>
    <string lang="pl" key="PKCS5_ITERATIONS">Licznik Iteracji PKCS-5</string>
    <string lang="pl" key="VOLUME_CREATE_DATE">Data Utworzenia</string>
    <string lang="pl" key="VOLUME_HEADER_DATE">Data Ostatniej Modyfikacji</string>
    <string lang="pl" key="VOLUME_HEADER_DAYS"> (%I64d dni temu)</string>
    <string lang="pl" key="FIRST_AVAILABLE">Pierwszy dostępny</string>
    <string lang="pl" key="REMOVABLE">Wymienny</string>
    <string lang="pl" key="HARDDISK">Dysk Twardy</string>
    <string lang="pl" key="UNCHANGED">Niezmieniony</string>
    <string lang="pl" key="AFTER_UPGRADE_RELEASE_NOTES">Chcesz zobaczyć informacje wydania dla bieżącej (ostatniej stabilnej) wersji TrueCrypt?</string>
    <string lang="pl" key="AFTER_INSTALL_TUTORIAL">Jeśli nigdzy oprzedtem nie użyałeś TrueCrypt, rekomendujemy przeczytanie rozdziału Beginner's Tutorial w instrukcji użytkownika TrueCrypt. Chcesz uruchomić samouczek?</string>
    <string lang="pl" key="SELECT_INSTALL_DIR">Proszę wybrać katalog instalacji</string>
    <string lang="pl" key="SETUP_ADMIN">Aby pomyślnie zainstalować/odinstalować TrueCrypt musisz mieć prawa Administratora, czy chcesz kontynuować?</string>
    <string lang="pl" key="INSTALL_FAILED">Instalacja nieudana!</string>
    <string lang="pl" key="UNINSTALL_FAILED">Deinstalacja nieudana!</string>
    <string lang="pl" key="ROLLBACK">Instalacja została wycofana.</string>
    <string lang="pl" key="INSTALL_OK">TrueCrypt został pomyślnie zainstalowany.</string>
    <string lang="pl" key="UNINSTALL_OK">TrueCrypt został pomyślnie odinstalowany.\n\nKliknij 'Koniec' aby usunąć instalator TrueCrypt oraz folder %hs. Pamiętaj, że folder nie zostanie usunięty jeśli zawiera jakieś pliki kte nie zostały zainstalowane lub utworzone przez TrueCrypt.</string>
    <string lang="pl" key="REMOVING_REG">Usuwanie wpisów rejestru TrueCrypt</string>
    <string lang="pl" key="ADDING_REG">Dodawanie pozycji rejestru</string>
    <string lang="pl" key="REMOVING_APPDATA">Usuwanie danych aplikacji</string>
    <string lang="pl" key="INSTALLING">Instalowanie</string>
    <string lang="pl" key="COPYING">Kopiowanie</string>
    <string lang="pl" key="STOPPING">Zatrzymywanie</string>
    <string lang="pl" key="REMOVING">Usuwanie</string>
    <string lang="pl" key="SERVICE">Usługa</string>
    <string lang="pl" key="ADDING_ICON">Dodawanie ikon</string>
    <string lang="pl" key="CREATING_SYS_RESTORE">Tworzenie punktu odtwarzania systemu</string>
    <string lang="pl" key="FAILED_SYS_RESTORE">Niepowodzenie tworzenia punktu odtwarzania systemu!</string>
    <string lang="pl" key="SYS_RESTORE_CREATED">Punkt odtwarzania systemu utworzony</string>
    <string lang="pl" key="INSTALL_OF_FAILED">Instalacja '%hs' nie powiodła się. %hs Chcesz kontynuować instalację?</string>
    <string lang="pl" key="UNINSTALL_OF_FAILED">Deinstalacja '%hs' nie powiodła się. %hs Chcesz kontynuować deinstalację?</string>
    <string lang="pl" key="INSTALL_COMPLETED">Instalacja zakończona.</string>
    <string lang="pl" key="CANT_CREATE_FOLDER">Folder '%hs' nie może być utworzony</string>
    <string lang="pl" key="CLOSE_TC_FIRST">Sterownik urządzenia TrueCrypt niemoże zostać zatrzymany.\n\nProszę zamknąć wszystkie otwarte okan TrueCrypt. Jeśli to nie pomoże, proszę zrestartować Windows i spróbować ponownie.</string>
    <string lang="en" key="DISMOUNT_ALL_FIRST">All TrueCrypt volumes must be dismounted before installing or uninstalling TrueCrypt.</string>
    <string lang="pl" key="REG_INSTALL_FAILED">Nie powiodła się instalacja wpisów rejestru</string>
    <string lang="pl" key="DRIVER_INSTALL_FAILED">Instalacja sterownika urządzenia nie powiodła się. Proszę zrestartować Windows i spróbowac zainstalować TrueCrypt ponownie.</string>
    <string lang="pl" key="STARTING_DRIVER">Uruchamianie sterownika urządzenia TrueCrypt</string>
    <string lang="pl" key="DRIVER_UINSTALL_FAILED">Nie powiodła się deinstalacja sterownika urządzenia TrueCrypt</string>
    <string lang="pl" key="INSTALLING_DRIVER">Instalowanie sterownika urządzenia TrueCrypt</string>
    <string lang="pl" key="STOPPING_DRIVER">Zatrzymywanie sterownika urządzenia TrueCrypt</string>
    <string lang="pl" key="REMOVING_DRIVER">Deinstalacja sterownika urządzenia TrueCryptr</string>
    <string lang="pl" key="COM_REG_FAILED">Rejestracja biblioteki wspierającej zarządzanie kontami użytkownika nie powiodła się.</string>
    <string lang="pl" key="COM_DEREG_FAILED">Wyrejestrowanie biblioteki wspierającej zarządzanie kontami użytkownika nie powiodło się.</string>
    <string lang="pl" key="OUTER_VOL_WRITE_PREVENTED">Zewnętrzny(!)</string>
    <string lang="pl" key="DAYS">dni</string>
    <string lang="pl" key="HOURS">godz.</string>
    <string lang="pl" key="MINUTES">min.</string>
    <string lang="pl" key="SECONDS">sek.</string>
    <string lang="pl" key="OPEN">Otwórz</string>
    <string lang="pl" key="DISMOUNT">Demontuj</string>
    <string lang="pl" key="SHOW_TC">Pokaż TrueCrypt</string>
    <string lang="pl" key="HIDE_TC">Ukryj TrueCrypt</string>
    <string lang="pl" key="TOTAL_DATA_READ">Odczyt Danych od Zamontowania</string>
    <string lang="pl" key="TOTAL_DATA_WRITTEN">Zapis Danych od Zamontownia</string>
    <string lang="pl" key="FAVORITE_VOLUMES_SAVED">Zapisano ulubione wolumeny.</string>
    <string lang="pl" key="ENTER_PASSWORD_FOR">Wprowadż hasło dla %hs</string>
    <string lang="pl" key="KEYFILE_CREATED">Plik-Klucz został pomyślnie utworzony.</string>
    <string lang="pl" key="VOL_HEADER_BACKED_UP">Kopia zapasowa nagłowka wolumenu została pomyślnie utworzona.\n\nWAŻNE: Odtworzenie nagłowak wolumenu z użyciem tej kopii spowoduje odtworzenie aktualnych haseł. Podobnie, jeśli pliki klucze są potrzebne do montowania, te same będą niezbędne do zamontowania wolumenu znowupo odtworzeniu jego nagłowka.\n\nOSTRZEŻENIE: Ta koia zapsaowa nagłówka może być użyta TYLKO dla macierzystego wolumenu. Jeśli użyjesz tej kopii dla innego wolumenu będziesz mógł go zamontować, ale NIE BĘDZIESZ mógł odszyfrować danych składowanych w wolumenie (ponieważ zmienisz jego klucz nadrzędny).</string>
    <string lang="pl" key="VOL_HEADER_RESTORED">Nagłówek wolumenu został pomyślnie odtworzony.\n\nWAŻNE: pamiętaj, że stare hasło również zostało odtworzone. Dodatkowo, o ile pliki-klucze byłY niezbędne do zamontowania wolumenu w chwili wykonania kopii, są znów niezbędne do zamontowania wolumenu.</string>
    <string lang="pl" key="CONFIRM_VOL_HEADER_BAK">Jesteś pewien że chcesz utworzyć kopię zapasową nagłówka wolumenu %hs?\n\nPo kliknięciu "Tak", zostaniesz spytany o nazwę pliku kopii zapasowej.\n\nPamiętaj: Zarówno nagówek standardowego wolumenu jak i obszar gdzie jest przechowywany nagłówek ukrytego wolumenu będzie zachowany (skopiowany do pliku kopii zapasowej), nawet jeśli nie ma ukrytych wolumenów w tym wolumenie (dla zapewnienia "wiarygodnego zaprzeczenia"). Przy odtwarzaniu nagłówka, będzie można wybrać który nagłówek ma być odzyskany (standardowy czy ukryty).</string>
    <string lang="pl" key="CONFIRM_VOL_HEADER_RESTORE">Jesteś pewien, że chcesz odtworzyć nagłówek %hs?\n\nOSTRZEŻENIE: Odtworzenie nagówka wolumenu przywraca dodatkowo hasła które były aktualne w momencie wykonywania kopii. Ponadto, jeśli plik(i)-klucz(e) był(y) neizbędny(e) w czasie tworzenia kopii, tak samo będzie ponownie po odtworzeniu nagłówka wolumenu.\n\nPo kliknięciu "Tak", będziesz mógł wybrać plik kopii zapasowej nagłówka.</string>
    <string lang="pl" key="HEADER_RESTORE_TYPE">Proszę wybrać typ wolumenu TrueCrypt którego nagłówek chcesz odtworzyć:</string>
    <string lang="pl" key="RESTORE_NORMAL_VOLUME_HEADER">Odtwórz nagłowek standardowego wolumenu</string>
    <string lang="pl" key="RESTORE_HIDDEN_VOLUME_HEADER">Odtzwórz nagłowek ukrytego wolumenu</string>
    <string lang="pl" key="CONFIRM_SAVE_FAVORITE_VOL">Zapisać wszystkie aktualnie zamontowane wolumeny i ich litery dysków na listę Ulubionych Wolumenów?\n\nPamiętaj: Jeśli nie ma zamontowanych wolumenów, Lista Ulubionych Wolumenów zostanie skasowana.</string>
    <string lang="pl" key="DISMOUNT_FIRST">Proszę zdemontować wolumen przed wykonaniem.</string>
    <string lang="pl" key="IDPM_CHECK_FILESYS">Sprawdź System Plików</string>
    <string lang="pl" key="IDPM_REPAIR_FILESYS">Napraw System Plików</string>
    <string lang="pl" key="IDPM_PROPERTIES">&amp;Własności</string>
    <string lang="pl" key="HIDDEN_VOL_PROTECTION">Ukryty Wolumen Zabezpieczony</string>
    <string lang="pl" key="N_A_UISTR">N.d.</string>
    <string lang="pl" key="UISTR_YES">Tak</string>
    <string lang="pl" key="UISTR_NO">Nie</string>
    <string lang="pl" key="MODE_OF_OPERATION">Tryb działania</string>
    <string lang="pl" key="UNSUPPORTED_CHARS_IN_PWD">Błąd: Hasło może zawierać tylko znaki ASCII.\n\nZnaki z poza ASCII w haśle mogą spowodować brak możliwości zamontowania po zmianie konfiguracji systemu.\n\nNastępujące znaki są dozwolone:\n\n  ! " # $ % &amp; ' ( ) * + , - . / 0 1 2 3 4  5 6 7 8 9 : ; &lt; = &gt; ? @ A B C D E F  G H I J K L M N O P Q R S T U V W X  Y Z [ \\ ] ^ _ ` a b c d e f g h i j k l m  n o p q r s t u v w k y z { | } ~</string>
    <string lang="pl" key="UNSUPPORTED_CHARS_IN_PWD_RECOM">OSTRZEŻENIE: Hasło zawiera znaki z poza ASCII. Może to spowodować brak możliwości zamontowania  wolumenu Po zmianie konfiguracji systemu operacyjnego.\n\nPowinieneś zastąpić wszystkie znaki z poza ASCII w haśle znakami ASCII. Aby to wykonać, kliknij 'Wolumeny' -&gt; 'Zmień Hasło Wolumenu'.\n\nnastępujące znaki należą do zestawu ASCII:\n\n  ! " # $ % &amp; ' ( ) * + , - . / 0 1 2 3 4  5 6 7 8 9 : ; &lt; = &gt; ? @ A B C D E F  G H I J K L M N O P Q R S T U V W X  Y Z [ \\ ] ^ _ ` a b c d e f g h i j k l m  n o p q r s t u v w k y z { | } ~</string>
    <string lang="pl" key="EXE_FILE_EXTENSION_CONFIRM">OSTRZEŻENIE: Rekomendujemy unikać rozszerzeń nazw plików używanych dla plików wykonywalnych (jak np. .exe, .sys, or .dll). Używanie takich rozszerzeń często powoduje ingerencje  Windows i programów antywirusowych, co pogarsza wydajnośc dla takiego wolumenu i może spowodować poważne problemy.\n\nKontynuować?</string>
    <string lang="pl" key="EXE_FILE_EXTENSION_MOUNT_WARNING">WARNING: Kontener ma rozszerzenia nazwy pliku używane przez pliki wykonywalne (jak np. .exe, .sys, or .dll). To prawdopdobnie spowoduje ingerencje Windows i programów antywirusowych w obsługę tego kontenera, co pogarsza wydajnośc wolumenu i może spowodować poważne problemy.\n\nRekomendujemy usunąć to rozszerzenie nazwy pliku (po zdemontowaniu wolumenu).</string>
    <string lang="pl" key="HOMEPAGE">Strona domowa</string>
    <string lang="pl" key="LARGE_IDE_WARNING_XP">OSTRZEŻENIE: Ten komunikat pojawił się gdyż w twoim Windows XP nie jest zainstalowany żaden Service Pack. Nie powinieneś zapisywać na dyskach IDE większych niż 128 GB w Windows XP jeśli nie zainstalowano Service Pack 1 lub nowszych! Jeśli to zrobisz, dane na dysku (bez znaczenia czy to wolumen TrueCrypt czy nie) moga zostać uszkodzone. Zwróć uwagę, że to jest ograniczenie Windows, a nie błąd w TrueCrypt.</string>
    <string lang="pl" key="LARGE_IDE_WARNING_2K">OSTRZEŻENIE: Ten komunikat pojawił się gdyż w twoim Windows 2000 nie jest zainstalowany Service Pack 3 lub późniejszy. Nie powinieneś zapisywać na dyskach IDE większych niż 128 GB w Windows 2000 jeśli nie zainstalowano Service Pack 3 lub nowszych! Jeśli to zrobisz,dane na dysku (bez znaczenia czy to wolumen TrueCrypt czy nie) moga zostać uszkodzone. Zwróć uwagę, że to jest ograniczenie Windows, a nie błąd w TrueCrypt.\n\nWskazówka: Może zajść potrzeba uruchomienia 48-bitowego wsparcia LBA w rejestrze; aby uzyskać więcej informacji, zobacz http://support.microsoft.com/kb/305098/EN-US</string>
    <string lang="en" key="LARGE_IDE_WARNING_2K_REGISTRY">WARNING: 48-bit LBA ATAPI support is disabled on your system. Therefore, you should not write to IDE disks larger than 128 GB! If you do, data on the disk (no matter if it is a TrueCrypt volume or not) may get corrupted. Note that this is a limitation of Windows, not a limitation of TrueCrypt.\n\nTo enable the 48-bit LBA support, add the 'EnableBigLba' registry value in the registry key HKEY_LOCAL_MACHINE\\SYSTEM\\CurrentControlSet\\Services\\atapi\\Parameters and set it to 1.\n\nFor more information, see http://support.microsoft.com/kb/305098</string>
    <string lang="pl" key="VOLUME_TOO_LARGE_FOR_FAT32">Błąd: Pliki większe niż 4 GB Nie mogą być składowane w systemie plików FAT32. Dlatego, oparty o pliki wolumen TrueCrypt(kontener)  składowany na FAT32 nie może być większy niż 4 GB.\n\nJeśłi potzrebujesz większego wolumenu, uwtórz go w systemie plików NTFS lub zamiast tworzenia wolumenu opartego o plik, zaszyfruj partycję.</string>
    <string lang="pl" key="FREE_SPACE_FOR_WRITING_TO_OUTER_VOLUME">OSTRZEŻENIE: Jeśli chcesz móc w przyszłości dodawac więcej danych/plików do zewnętrznego wolumenu, powinieneś rozważyć wybór mniejszego rozmiaru ukrytego wolumenu.\n\nJesteś pewien, że chcesz kontynuować z użyciem podanego rozmiaru?</string>
    <string lang="pl" key="NO_VOLUME_SELECTED">Nie wybrano wolumenu.\n\nKliknij 'Wybierz Urządzenie' lub 'Wybierz Plik’, aby wybrać wolumen TrueCrypt.</string>
    <string lang="pl" key="CONFIRM_SAVE_DEFAULT_KEYFILES">Jesteś pewien, że chcesz zachować wybrane Pliki-Klucze / Ścieżki jako domyślne?\n\nOSTRZEŻENIE: Jeśli domyślne Pliki-Klucze zostaną ustawione i aktywowane, wolumeny nie uzywające tych plików kluczy nie będą być zmontowane. Zapamiętaj aby odznaczyć  chechbox 'Używaj Plików-Kluczy' zawsze przy montowaniu takich wolumenów.</string>
    <string lang="pl" key="HK_AUTOMOUNT_DEVICES">Automatycznie Montowane Urządzenia</string>
    <string lang="pl" key="HK_DISMOUNT_ALL">Demontuj Wszystkie</string>
    <string lang="pl" key="HK_WIPE_CACHE">Wyczyść Cache</string>
    <string lang="pl" key="HK_FORCE_DISMOUNT_ALL_AND_WIPE">Wymuszaj Demontowanie Wszystkich i Opróżnij Pamięć</string>
    <string lang="pl" key="HK_FORCE_DISMOUNT_ALL_AND_WIPE_AND_EXIT">Wymuszaj Demontowanie Wszystkich, Opróżnij Pamięć i Wyjdź</string>
    <string lang="pl" key="HK_MOUNT_FAVORITE_VOLUMES">Montuj Ulubione Wolumeny</string>
    <string lang="pl" key="HK_SHOW_HIDE_MAIN_WINDOW">Pokaż/Ukryj Okno TrueCrypt</string>
    <string lang="pl" key="PRESS_A_KEY_TO_ASSIGN">(Kliknij tu i naciśnij wybrany klawisz)</string>
    <string lang="pl" key="ACTION">Akcja</string>
    <string lang="pl" key="SHORTCUT">Skrót</string>
    <string lang="pl" key="CANNOT_USE_RESERVED_KEY">Błąd: Skrót jest zarezerwowany. Proszę wybrać inny skrót.</string>
    <string lang="pl" key="SHORTCUT_ALREADY_IN_USE">Błąd: Skrót jest już używany.</string>
    <string lang="pl" key="HOTKEY_REGISTRATION_ERROR">WARNING: Jeden lub więcej systemowy klawisz skrótu TrueCrypt nie będzie poprawnie pracował!\n\nUpewniej się, że inna palikacja lub system nie używają tego samego skrótu co TrueCrypt.</string>
    <string lang="en" key="MOUNTED_VOLUMES_DISMOUNTED">All mounted TrueCrypt volumes have been dismounted.</string>
    <string lang="en" key="MOUNTED_VOLUMES_AUTO_DISMOUNTED">All mounted TrueCrypt volumes have been auto-dismounted.\n\nNote: You can disable or configure auto-dismount in the 'Auto-Dismount' section of the Preferences window (select Settings -&gt; Preferences).</string>
    <string lang="pl" key="DISMOUNT_ALL_ATTEMPT_COMPLETED">Demontowanie wszystkich zamontowanych wolumenów TrueCrypt zakończone.</string>
    <string lang="pl" key="VOLUMES_DISMOUNTED_CACHE_WIPED">Wszystkie zamontowane wolumeny TrueCrypt zostały zdemontowane a pamięć haseł wyczyszczona.</string>
    <string lang="en" key="CONFIRM_TIMESTAMP_UPDATING">WARNING: If timestamps are not preserved, plausible deniability may be adversely affected!\n\nAre you sure you do not want container timestamps to be preserved?</string>
    <string lang="pl" key="CONFIRM_BACKGROUND_TASK_DISABLED">WARNING: Jeśli proces tła TrueCrypt jest wyłączony, nastęujące będą niedostępne jeśłi wyjdziesz z TrueCrypt:\n\n1) Klawisz skrótu\n2) Automatyczne demontpwanie (np.po wylogowaniu, niespodziewanym usunięcia nośnika hosta, upływie czasu, itp.)\n3) Notyfikacje (np. ochrona wolumenów ukrytych przed uszkozeniem)\n4) Ikona zasobnika\n\nUwaga: Możesz wyłączyć Proces Tła w dowlnej chwili klikając prawym klawiszem ikonę TrueCryptw zasobniku i wybierjąc 'Wyjście'.\n\nAre you sure you want to disable the TrueCrypt Background Task?</string>
    <string lang="pl" key="CONFIRM_NO_FORCED_AUTODISMOUNT">OSTRZEŻENIE: Jeśli zostanie wyłączona, wolumeny zawierające otwarte pliki/katalogi nie będą mogły być automatycznie demontowane.\n\njesteś pewien, że chcesz wyłączyć tą opcję?</string>
    <string lang="pl" key="WARN_PREF_AUTO_DISMOUNT">OSTRZEŻENIE: Wolumeny zawierające otwarte pliki/katalogi nie będą automatycznie demontowane.\n\nAby to zmienić, aktywuj następującą opcję w tym oknie dilaogowym: 'Wymuszaj automatyczne demontowanie nawet, jeśli wolumen zawiera otwarte pliki lub katalogi'</string>
    <string lang="pl" key="CONFIRM_EXIT">OSTZREŻENIE: Jeśli teraz zamkniesz TrueCrypt, następujące funkcje będą wyłączone:\n\n1) Klawisze skrótu\n2) Autmoatyczne demontowanie (np. po wylogowaniu, nispodziewanym usunięciu nośnika hosta, upływie casu, itp.)\n3) Notyfikacje (np. jeśłi wolumen ukryty jest chroniony)\n\nUwaga: Jeśłi ie cchesz aby TrueCrypt pracował w tle po zamknięciu okna wyłącz proces tła w preferencjach.\n\nJesteś pewien, że chcesz opuścić TrieCrypt?</string>
    <string lang="pl" key="HIDVOL_PROT_BKG_TASK_WARNING">OSTRZEŻENIE: Proces Tła TrueCrypt jest wyłączony. Po opuszczeniu TrueCrypt, nie będziesz ostrzegany o podjęciu działań zabezpieczających przed uszkodzeniem ukrytych wolumenów.\n\nPamiętaj: Możesz zamknąć proces tła w dowolnym momencie przez kliknięcie prawym klawiszem na ikonie TrueCrypt w zasobniku i wybór opcji 'Wyjście'.\n\nUruchomić Proces Tła TrueCrypt?</string>
    <string lang="pl" key="LANG_PACK_VERSION">Wersja pakietu języka: %s</string>
    <string lang="pl" key="CHECKING_FS">Sprawdzanie systemu plików w wolumenie TrueCrypt zamontowanym jako %hs...</string>
    <string lang="pl" key="REPAIRING_FS">Próba naprawy systemu plików w wolumenie TrueCrypt zamontowanym jako %hs...</string>
    <string lang="en" key="WARN_64_BIT_BLOCK_CIPHER">Warning: This volume is encrypted with a legacy encryption algorithm.\n\nAll 64-bit-block encryption algorithms (e.g., Blowfish, CAST-128, or Triple DES) are deprecated. It will be possible to mount this volume using future versions of TrueCrypt. However, there will be no further enhancements to the implementations of these legacy encryption algorithms. We recommend that you create a new TrueCrypt volume encrypted with a 128-bit-block encryption algorithm (e.g., AES, Serpent, Twofish, etc.) and that you move all files from this volume to the new volume.</string>
    <string lang="pl" key="SYS_AUTOMOUNT_DISABLED">Twój system nie jest skonfigurowany do automatycznego montowania nowych wolumenów. Może być niemożliwe zamontowanie wolumenów TrueCrypt opartych o urządzenia. Automatyczne montowanie może być uaktywnione przez następującą komendę i restart systemu.\n\nmountvol.exe /E</string>
    <string lang="pl" key="SYS_ASSIGN_DRIVE_LETTER">Proszę przypisac literę dysku do partycji/urządzenia przed uruchomieniem ('Panel Sterowania' &gt; 'Wydajność i Konserwacja' &gt; 'Narzędzia Adminsistracyjne').\n\nZauważ, że to jest wymaganie systemu operacyjnego.</string>
    <string lang="pl" key="MOUNT_TC_VOLUME">Montuj wolumen TrueCrypt</string>
    <string lang="pl" key="DISMOUNT_ALL_TC_VOLUMES">Demontuj wszytskie wolumeny TrueCrypt</string>
    <string lang="pl" key="UAC_INIT_ERROR">TrueCrypt - niepowodzenie uzyskania praw Administratora.</string>
    <string lang="pl" key="ERR_ACCESS_DENIED">Brak dostępu w systemieoperacyjnym.\n\nMożliwa przyczyna: System wymaga posiadania praw odczyt/zapis(lub praw administratora) dla niektórych folderów, plików, i urządzeń, dla zapewnienia Ci możliwości odczytu i zapisu danych. Zwykle, użytkownik bez praw administratora może tworzyć, czytać i modyfikować pliki w swoim folderze dokumentów.</string>
    <string lang="en" key="LARGE_SECTOR_UNSUPPORTED">Error: The selected device uses a sector size other than 512 bytes.\n\nIt is currently not possible to create device-hosted volumes on devices that use a sector size other than 512 bytes. However, note that you can create a file-hosted volume (container) on this device.</string>
    <string lang="pl" key="KEYFILE">Plik-Klucz</string>
    <string lang="pl" key="VOLUME_LABEL">Nazwa</string>
    <string lang="pl" key="VKEY_08">Backspace</string>
    <string lang="pl" key="VKEY_09">Tab</string>
    <string lang="pl" key="VKEY_0C">Czyść</string>
    <string lang="pl" key="VKEY_0D">Enter</string>
    <string lang="pl" key="VKEY_13">Pauza</string>
    <string lang="pl" key="VKEY_14">Caps Lock</string>
    <string lang="pl" key="VKEY_20">Spacja</string>
    <string lang="pl" key="VKEY_21">Page Up</string>
    <string lang="pl" key="VKEY_22">Page Down</string>
    <string lang="pl" key="VKEY_23">End</string>
    <string lang="pl" key="VKEY_24">Home</string>
    <string lang="pl" key="VKEY_25">W lewo</string>
    <string lang="pl" key="VKEY_26">W górę</string>
    <string lang="pl" key="VKEY_27">W prawo</string>
    <string lang="pl" key="VKEY_28">W dół</string>
    <string lang="pl" key="VKEY_29">Klawisz wyboru</string>
    <string lang="pl" key="VKEY_2A">Klawisz wydruku</string>
    <string lang="pl" key="VKEY_2B">Klawisz wykonania</string>
    <string lang="pl" key="VKEY_2C">Wydruk ekranu</string>
    <string lang="pl" key="VKEY_2D">Wstaw</string>
    <string lang="pl" key="VKEY_2E">Kasuj</string>
    <string lang="pl" key="VKEY_5D">Klawisz aplikacyjny</string>
    <string lang="pl" key="VKEY_5F">Usypianie</string>
    <string lang="pl" key="VKEY_90">Num Lock</string>
    <string lang="pl" key="VKEY_91">Scroll Lock</string>
    <string lang="pl" key="VKEY_A6">Poprzednia strona</string>
    <string lang="pl" key="VKEY_A7">Następna strona</string>
    <string lang="pl" key="VKEY_A8">Odświerz stronę</string>
    <string lang="pl" key="VKEY_A9">Zatrzymaj przeglądanie</string>
    <string lang="pl" key="VKEY_AA">Przeszukiwanie</string>
    <string lang="pl" key="VKEY_AB">Ulubione</string>
    <string lang="pl" key="VKEY_AC">Strona domowa</string>
    <string lang="pl" key="VKEY_AD">Wyciszenie</string>
    <string lang="pl" key="VKEY_AE">Ciszej</string>
    <string lang="pl" key="VKEY_AF">Głośniej</string>
    <string lang="pl" key="VKEY_B0">Nast. ścieżka</string>
    <string lang="pl" key="VKEY_B1">Poprz. ścieżka</string>
    <string lang="pl" key="VKEY_B2">Stop odtw.</string>
    <string lang="pl" key="VKEY_B3">Odtwarzanie/Pauza</string>
    <string lang="pl" key="VKEY_B4">Klawisz ur. poczty</string>
    <string lang="pl" key="VKEY_B5">Kaliwsz wyboru mediów</string>
    <string lang="pl" key="VKEY_B6">Aplikacja 1</string>
    <string lang="pl" key="VKEY_B7">Aplikacja 2</string>
    <string lang="pl" key="VKEY_F6">Attn</string>
    <string lang="pl" key="VKEY_F7">CrSel</string>
    <string lang="pl" key="VKEY_F8">ExSel</string>
    <string lang="pl" key="VKEY_FA">Odtwarzaj</string>
    <string lang="pl" key="VKEY_FB">Zoom</string>
    <string lang="pl" key="VK_NUMPAD">NumPad</string>
    <string lang="pl" key="VK_SHIFT">Shift</string>
    <string lang="pl" key="VK_CONTROL">Control</string>
    <string lang="pl" key="VK_ALT">Alt</string>
    <string lang="pl" key="VK_WIN">Win</string>
    <string lang="pl" key="BYTE">B</string>
    <string lang="pl" key="KB">KB</string>
    <string lang="pl" key="MB">MB</string>
    <string lang="pl" key="GB">GB</string>
    <string lang="pl" key="TB">TB</string>
    <string lang="pl" key="PB">PB</string>
    <string lang="pl" key="B_PER_SEC">B/s</string>
    <string lang="pl" key="KB_PER_SEC">KB/s</string>
    <string lang="pl" key="MB_PER_SEC">MB/s</string>
    <string lang="pl" key="GB_PER_SEC">GB/s</string>
    <string lang="pl" key="TB_PER_SEC">TB/s</string>
    <string lang="pl" key="PB_PER_SEC">PB/s</string>
  </localization>
</TrueCrypt>
