﻿<?xml version="1.0" encoding="utf-8"?>
<TrueCrypt>
  <localization prog-version="4.3a">
    <!-- Languages -->
    <language langid="nn" name="Norsk Nynorsk" en-name="Norwegian (Nynorsk)" version="0.1.0" translators="Kjell Rune Helland, Asbjørn Stokka" />
    <!-- Fonts -->
    <font lang="nn" class="normal" size="11" face="default" />
    <font lang="nn" class="bold" size="13" face="Arial" />
    <font lang="nn" class="fixed" size="12" face="Lucida Console" />
    <font lang="nn" class="title" size="21" face="Times New Roman" />
    <!-- Controls -->
    <control lang="nn" key="IDCANCEL">Avbryt</control>
    <control lang="nn" key="IDC_ALL_USERS">Installer for alle brukarar</control>
    <control lang="nn" key="IDC_BROWSE">Bla gjennom...</control>
    <control lang="nn" key="IDC_DESKTOP_ICON">Legg til TrueCrypt ikon til skrivebordet</control>
    <control lang="nn" key="IDC_FILE_TYPE">Assosier '.tc' filer med TrueCrypt</control>
    <control lang="nn" key="IDC_INSTALL">Installer</control>
    <control lang="nn" key="IDC_PROG_GROUP">Legg TrueCrypt til Start menyen</control>
    <control lang="nn" key="IDC_SYSTEM_RESTORE">Lag System Gjennopprettings Punkt</control>
    <control lang="nn" key="IDC_UNINSTALL">Avinstaller</control>
    <control lang="nn" key="IDD_INSTALL">TrueCrypt Setup</control>
    <control lang="nn" key="IDD_UNINSTALL">Avinstaller TrueCrypt</control>
    <control lang="nn" key="IDT_INSTALL_DIR">Installer til:</control>
    <control lang="nn" key="IDT_INSTALL_OPTIONS">Innstallasjons Alternativ</control>
    <control lang="nn" key="IDT_UNINSTALL_DIR">Avinstaller TrueCrypt frå:</control>
    <control lang="nn" key="IDC_ABORT_BUTTON">Avbryt</control>
    <control lang="nn" key="IDC_CIPHER_TEST">&amp;Test</control>
    <control lang="nn" key="IDC_HIDDEN_VOL">Lag eit skjult TrueCrypt volum </control>
    <control lang="nn" key="IDC_HIDDEN_VOL_HELP">Kva er eit skjult volum?</control>
    <control lang="nn" key="IDC_HIDVOL_WIZ_MODE_DIRECT">Lag eit skjult volum inni eit eksisterande TrueCrypt volum</control>
    <control lang="nn" key="IDC_HIDVOL_WIZ_MODE_FULL">Lag eit TrueCrypt volum og så eit skult volum i det</control>
    <control lang="nn" key="IDC_KB">&amp;KB</control>
    <control lang="nn" key="IDC_KEYFILES_ENABLE">Bruk nøkkelfiler</control>
    <control lang="nn" key="IDC_KEY_FILES">Nø&amp;kkelfiler..</control>
    <control lang="en" key="IDC_LINK_HASH_INFO">Information on hash algorithms</control>
    <control lang="en" key="IDC_LINK_MORE_INFO_ABOUT_CIPHER">More information</control>
    <control lang="nn" key="IDC_MB">MB</control>
    <control lang="nn" key="IDC_NO_HISTORY">Aldri lagra historie</control>
    <control lang="nn" key="IDC_OPEN_OUTER_VOLUME">Opne Ytre Volum</control>
    <control lang="nn" key="IDC_QUICKFORMAT">Rask Formatering</control>
    <control lang="nn" key="IDC_SELECT_DEVICE">Vel Eining...</control>
    <control lang="nn" key="IDC_SELECT_FILE">Vel Fil...</control>
    <control lang="nn" key="IDC_SHOW_PASSWORD">&amp;Vis passord</control>
    <control lang="nn" key="IDC_SHOW_PASSWORD_HIDVOL_HOST">Vis passor&amp;d</control>
    <control lang="nn" key="IDC_STD_VOL">Lag eit vanleg TrueCrypt volum</control>
    <control lang="nn" key="IDC_WIZ_BENCHMARK">Yteprøv</control>
    <control lang="nn" key="IDD_MKFS_DLG">TrueCrypt Volum Opprettings Vegvisar</control>
    <control lang="nn" key="IDHELP">&amp;Hjelp</control>
    <control lang="en" key="IDT_CLUSTER">Cluster </control>
    <control lang="nn" key="IDT_CONFIRM">&amp;Bekreft:</control>
    <control lang="nn" key="IDT_DONE">Ferdig </control>
    <control lang="nn" key="IDT_ENCRYPTION_ALGO">Krypterings Algoritme</control>
    <control lang="nn" key="IDT_FILESYSTEM">Filsystem </control>
    <control lang="nn" key="IDT_FORMAT_OPTIONS">Alternativ</control>
    <control lang="nn" key="IDT_HASH_ALGO">Hash Algoritme</control>
    <control lang="nn" key="IDT_HEADER_KEY">Over Nøkkel: </control>
    <control lang="nn" key="IDT_LEFT">Venstre </control>
    <control lang="nn" key="IDT_MASTER_KEY">Hovud Nøkkel: </control>
    <control lang="nn" key="IDT_PASSWORD">Passord:</control>
    <control lang="nn" key="IDT_RANDOM_POOL">Tilfeldig Gruppe: </control>
    <control lang="nn" key="IDT_SPEED">Hastigheit </control>
    <control lang="nn" key="IDCLOSE">Avslutt</control>
    <control lang="nn" key="IDC_AUTORUN_DISABLE">Ikkje gjer noko</control>
    <control lang="nn" key="IDC_AUTORUN_MOUNT">&amp;Automatisk monter TrueCrypt volum (spesifiser under)</control>
    <control lang="nn" key="IDC_AUTORUN_START">&amp;Start TrueCrypt</control>
    <control lang="nn" key="IDC_BROWSE_DIRS">Bla gjennom...</control>
    <control lang="nn" key="IDC_BROWSE_FILES">Bla gjennom...</control>
    <control lang="nn" key="IDC_CACHE">Hurtiglagra passord og nøkkelfiler i minne</control>
    <control lang="nn" key="IDC_CLOSE_BKG_TASK_WHEN_NOVOL">Avslutt når det ikkje er monterte volum</control>
    <control lang="nn" key="IDC_COPY_WIZARD">Inkluder TrueCrypt Volum Opprettings Vegvisar</control>
    <control lang="nn" key="IDC_CREATE">Opprett</control>
    <control lang="nn" key="IDC_CREATE_VOLUME">&amp;Opprett Volum</control>
    <control lang="nn" key="IDC_DISMOUNT_CONFIRM_MSG_BOX">Vis bekrefting etter avmontering</control>
    <control lang="nn" key="IDC_DISMOUNT_CONFIRM_PLAY_SOUND">Spel system varslings lyd etter montering/avmontering</control>
    <control lang="nn" key="IDC_ENABLE_KEYFILES">Bruk nøkkelfiler</control>
    <control lang="nn" key="IDC_ENABLE_NEW_KEYFILES">Bruk nøkkelfiler</control>
    <control lang="nn" key="IDC_EXIT">Avslutt</control>
    <control lang="nn" key="IDC_HK_MOD_ALT">Alt</control>
    <control lang="nn" key="IDC_HK_MOD_CTRL">Control</control>
    <control lang="nn" key="IDC_HK_MOD_SHIFT">Shift</control>
    <control lang="nn" key="IDC_HK_MOD_WIN">Win</control>
    <control lang="nn" key="IDC_HOTKEY_ASSIGN">Anngje</control>
    <control lang="nn" key="IDC_HOTKEY_REMOVE">Fjern</control>
    <control lang="nn" key="IDC_KEYFILES">Nøkkelfiler...</control>
    <control lang="nn" key="IDC_MOUNTALL">&amp;Auto monter einheiter</control>
    <control lang="nn" key="IDC_MOUNT_OPTIONS">Alternativ...</control>
    <control lang="nn" key="IDC_MOUNT_READONLY">Monter volum som skriveverna</control>
    <control lang="nn" key="IDC_NEW_KEYFILES">Nøkkelfiler...</control>
    <control lang="nn" key="IDC_PREFS_HOTKEY_SETTINGS">Snøggtast Innstillingar...</control>
    <control lang="nn" key="IDC_PREFS_KEYFILE_SETTINGS">Standard Nøkkelfiler...</control>
    <control lang="nn" key="IDC_PREF_BKG_TASK_ENABLE">Aktivert</control>
    <control lang="nn" key="IDC_PREF_CACHE_PASSWORDS">Snøgglagra passord i drivar minne</control>
    <control lang="nn" key="IDC_PREF_CLOSE_DISMOUNTED_WINDOWS">Steng alle Utforskar vindauge før volum vert avmontert</control>
    <control lang="nn" key="IDC_PREF_DISMOUNT_INACTIVE">Auto avmonter volum vist det ikkje er skrive/lese data til det på</control>
    <control lang="nn" key="IDC_PREF_DISMOUNT_LOGOFF">Brukar loggar av</control>
    <control lang="nn" key="IDC_PREF_DISMOUNT_POWERSAVING">Går inn i straum sparings modus</control>
    <control lang="nn" key="IDC_PREF_DISMOUNT_SCREENSAVER">Skjerm sparar er starta</control>
    <control lang="nn" key="IDC_PREF_FORCE_AUTO_DISMOUNT">Tving auto avmontering sjølv om voluma inneheld opne filer og mapper</control>
    <control lang="nn" key="IDC_PREF_LOGON_MOUNT_DEVICES">Monter alle einings-verta TrueCrypt volum</control>
    <control lang="nn" key="IDC_PREF_LOGON_MOUNT_FAVORITES">Monter favoritt volum</control>
    <control lang="nn" key="IDC_PREF_LOGON_START">Starta TrueCrypt</control>
    <control lang="nn" key="IDC_PREF_MOUNT_READONLY">Monter volum som skriveverna</control>
    <control lang="nn" key="IDC_PREF_MOUNT_REMOVABLE">Monter volum som fjernbart medium</control>
    <control lang="nn" key="IDC_PREF_OPEN_EXPLORER">Opne Utforskar vindauga for vellykka monterte volum</control>
    <control lang="nn" key="IDC_PREF_WIPE_CACHE_ON_AUTODISMOUNT">Slett snøgglagra passord ved automatisk avmontering</control>
    <control lang="nn" key="IDC_PREF_WIPE_CACHE_ON_EXIT">Slett snøgglagra passord ved avslutning</control>
    <control lang="en" key="IDC_PRESERVE_TIMESTAMPS">Preserve timestamps of file containers</control>
    <control lang="nn" key="IDC_RESET_HOTKEYS">Tilbakestill</control>
    <control lang="nn" key="IDC_SHOW_PASSWORD_CHPWD_NEW">Vis passord</control>
    <control lang="nn" key="IDC_SHOW_PASSWORD_CHPWD_ORI">Vis passord</control>
    <control lang="nn" key="IDC_TRAVEL_OPEN_EXPLORER">Opne Utforskar vindauga for montert volum</control>
    <control lang="nn" key="IDC_TRAV_CACHE_PASSWORDS">&amp;snøgglagra passord i drivar minne</control>
    <control lang="nn" key="IDC_UNMOUNTALL">Avmonter Alle</control>
    <control lang="nn" key="IDC_VOLUME_PROPERTIES">&amp;Volum Eigenskapar...</control>
    <control lang="nn" key="IDC_VOLUME_TOOLS">Volum Verktøy...</control>
    <control lang="nn" key="IDC_WIPE_CACHE">&amp;Slett Snøgglager</control>
    <control lang="nn" key="IDD_HOTKEYS_DLG">TrueCrypt - System snøgg tastar</control>
    <control lang="nn" key="IDD_MOUNT_DLG">TrueCrypt</control>
    <control lang="nn" key="IDD_PASSWORDCHANGE_DLG">Endre Volum Passord og Nøkkelfiler</control>
    <control lang="nn" key="IDD_PASSWORD_DLG">Skriv inn TrueCrypt Volum Passord</control>
    <control lang="nn" key="IDD_PREFERENCES_DLG">TrueCrypt - Innstillingar</control>
    <control lang="nn" key="IDD_TRAVELLER_DLG">TrueCrypt Flyttbar disk oppsett</control>
    <control lang="nn" key="IDD_VOLUME_PROPERTIES">TrueCrypt Volum Eigenskapar</control>
    <control lang="nn" key="IDM_ABOUT">Om...</control>
    <control lang="nn" key="IDM_ADD_REMOVE_VOL_KEYFILES">Legg til/fjern Nøkkelfiler til/frå Volum...</control>
    <control lang="nn" key="IDM_BACKUP_VOL_HEADER">Sikkerhetskopier Volum Header...</control>
    <control lang="nn" key="IDM_BENCHMARK">"Yteprøv..."</control>
    <control lang="nn" key="IDM_BUGREPORT">Rapportere feil...</control>
    <control lang="nn" key="IDM_CHANGE_HEADER_KEY_DERIV_ALGO">Set Header Nøkkel Derivasjons Algoritme...</control>
    <control lang="nn" key="IDM_CHANGE_PASSWORD">Endre Volum Passord...</control>
    <control lang="nn" key="IDM_CLEAR_HISTORY">Slett Volum Historie</control>
    <control lang="nn" key="IDM_CONTACT">Kontakt...</control>
    <control lang="nn" key="IDM_CREATE_VOLUME">Lag nytt Volum...</control>
    <control lang="nn" key="IDM_DEFAULT_KEYFILES">Standard Nøkkelfiler...</control>
    <control lang="en" key="IDM_DONATIONS">Donations...</control>
    <control lang="nn" key="IDM_EXIT">Avslutt</control>
    <control lang="nn" key="IDM_FAQ">Ofte Stilte Spørsmål</control>
    <control lang="nn" key="IDM_FORUMS">Forum</control>
    <control lang="nn" key="IDM_GENERATE_KEYFILE">Lag Tilfeldig Nøkkelfil...</control>
    <control lang="nn" key="IDM_HELP">Brukarrettleiing</control>
    <control lang="nn" key="IDM_HOMEPAGE">Heimeside</control>
    <control lang="nn" key="IDM_HOTKEY_SETTINGS">Snøggtastar...</control>
    <control lang="nn" key="IDM_KEYFILE_GENERATOR">Nøkkelfil Generator</control>
    <control lang="nn" key="IDM_LANGUAGE">Språk...</control>
    <control lang="nn" key="IDM_LICENSE">Juridisk Merknad</control>
    <control lang="nn" key="IDM_MOUNTALL">Auto-Monter Alle Einings-verta Volum</control>
    <control lang="nn" key="IDM_MOUNT_FAVORITE_VOLUMES">Monter Favoritt Volum</control>
    <control lang="nn" key="IDM_MOUNT_VOLUME">Monter Volum</control>
    <control lang="nn" key="IDM_MOUNT_VOLUME_OPTIONS">Monter Volum med Alternativ</control>
    <control lang="nn" key="IDM_NEWS">Nyheiter</control>
    <control lang="nn" key="IDM_ONLINE_HELP">Online Hjelp</control>
    <control lang="nn" key="IDM_ONLINE_TUTORIAL">Nybegynnar rettleiing</control>
    <control lang="nn" key="IDM_PREFERENCES">Innstillingar...</control>
    <control lang="nn" key="IDM_REFRESH_DRIVE_LETTERS">Oppfrisk Stasjons bokstavar</control>
    <control lang="nn" key="IDM_REMOVE_ALL_KEYFILES_FROM_VOL">Fjern Alle Nøkkel filer frå Volum...</control>
    <control lang="nn" key="IDM_RESTORE_VOL_HEADER">Gjennoprett Volum Header...</control>
    <control lang="nn" key="IDM_SAVE_FAVORITE_VOLUMES">Lagra Gjeldande Montert Volum som Favoritt</control>
    <control lang="nn" key="IDM_SELECT_DEVICE">Vel Eining...</control>
    <control lang="nn" key="IDM_SELECT_FILE">Vel Fil...</control>
    <control lang="nn" key="IDM_SET_DEFAULT_KEYFILES">Set Standard Nøkkelfiler/Stiar...</control>
    <control lang="nn" key="IDM_TC_DOWNLOADS">Nedlastingar</control>
    <control lang="nn" key="IDM_TEST_VECTORS">Test Vektorar...</control>
    <control lang="nn" key="IDM_TRAVELLER">Flyttbar Disk Oppsett...</control>
    <control lang="nn" key="IDM_UNMOUNTALL">Avmonter Alle Monterte Volum</control>
    <control lang="nn" key="IDM_UNMOUNT_VOLUME">Avmonter Volum</control>
    <control lang="nn" key="IDM_VERSION_HISTORY">Versjons Historie</control>
    <control lang="nn" key="IDM_VOLUME_PROPERTIES">Volum Eigenskapar</control>
    <control lang="nn" key="IDM_VOLUME_WIZARD">Volum Oppretting Vegvisar</control>
    <control lang="nn" key="IDM_WEBSITE">TrueCrypt Heimeside</control>
    <control lang="nn" key="IDM_WIPE_CACHE">Slett snøgglagra Passord</control>
    <control lang="nn" key="IDOK">OK</control>
    <control lang="nn" key="IDT_ASSIGN_HOTKEY">Snarveg</control>
    <control lang="nn" key="IDT_AUTORUN">AutoKøyr Konfigurasjon (autorun.inf)</control>
    <control lang="nn" key="IDT_AUTO_DISMOUNT">Auto-Avmonter</control>
    <control lang="nn" key="IDT_AUTO_DISMOUNT_ON">Avmonter alle når:</control>
    <control lang="nn" key="IDT_CONFIRM_PASSWORD">Bekreft Passord:</control>
    <control lang="nn" key="IDT_CURRENT">Gjeldande</control>
    <control lang="nn" key="IDT_DEFAULT_MOUNT_OPTIONS">Standard Monternigs Alternativ</control>
    <control lang="nn" key="IDT_DISMOUNT_ACTION">Snøggtast Alternativ</control>
    <control lang="nn" key="IDT_FILE_SETTINGS">Fil Innstillingar</control>
    <control lang="nn" key="IDT_HOTKEY_KEY">Nøkkel å Anngje:</control>
    <control lang="nn" key="IDT_LOGON">Handlingar som skal gjerast ved Windows pålogging</control>
    <control lang="nn" key="IDT_MINUTES">min</control>
    <control lang="nn" key="IDT_MOUNT_LETTER">Monter volum som stasjons bokstav:</control>
    <control lang="nn" key="IDT_MOUNT_SETTINGS">Monterings Innstillingar</control>
    <control lang="nn" key="IDT_NEW">Ny</control>
    <control lang="nn" key="IDT_NEW_PASSWORD">Passord:</control>
    <control lang="nn" key="IDT_PKCS5_PRF">PKCS-5 PRF:</control>
    <control lang="nn" key="IDT_PW_CACHE_OPTIONS">Passord Snøgglager</control>
    <control lang="nn" key="IDT_TASKBAR_ICON">TrueCrypt Bakgrunns Oppgåve</control>
    <control lang="nn" key="IDT_TRAVELLER_MOUNT">TrueCrypt volum til å montere (relativt til flyttbar disk rot):</control>
    <control lang="nn" key="IDT_TRAVEL_INSERTION">Ved innsetjing av flyttbar disk: </control>
    <control lang="nn" key="IDT_TRAVEL_ROOT">Opprett flyttbar disk filer i (flyttbar disk rot katalog):</control>
    <control lang="nn" key="IDT_VOLUME">Volum</control>
    <control lang="nn" key="IDT_WINDOWS_RELATED_SETTING">Windows</control>
    <control lang="nn" key="IDC_ADD_KEYFILE_PATH">Legg til katalog...</control>
    <control lang="nn" key="IDC_AUTO">Auto-Test Alle</control>
    <control lang="nn" key="IDC_DECRYPT">Dekrypter</control>
    <control lang="nn" key="IDC_DISPLAY_POOL_CONTENTS">Skjerm basseng innhald</control>
    <control lang="en" key="IDC_DONATIONS">Donations...</control>
    <control lang="nn" key="IDC_ENCRYPT">krypter</control>
    <control lang="nn" key="IDC_GENERATE_AND_SAVE_KEYFILE">Lag og Lagra Nøkkelfil...</control>
    <control lang="nn" key="IDC_GENERATE_KEYFILE">La&amp;g tilfeldig Keyfile...</control>
    <control lang="nn" key="IDC_GET_LANG_PACKS">Last ned språkpakke</control>
    <control lang="nn" key="IDC_KEYADD">Legg til &amp;Fil...</control>
    <control lang="nn" key="IDC_KEYFILES_ENABLE_HIDVOL_PROT">Bruk nøkkelfiler</control>
    <control lang="nn" key="IDC_KEYFILES_HIDVOL_PROT">Nøkkelfiler...</control>
    <control lang="nn" key="IDC_KEYREMOVE">Fje&amp;rn</control>
    <control lang="nn" key="IDC_KEYREMOVEALL">Fjern &amp;Alle</control>
    <control lang="en" key="IDC_LINK_HIDVOL_PROTECTION_INFO">What is hidden volume protection?</control>
    <control lang="en" key="IDC_LINK_KEYFILES_INFO">What is a keyfile?</control>
    <control lang="nn" key="IDC_LRW_INDEX_LSB">Minst viktige bit først</control>
    <control lang="nn" key="IDC_LRW_MODE_ENABLED">LRW modus</control>
    <control lang="nn" key="IDC_MOUNT_REMOVABLE">Monter volum som flyttbart medium</control>
    <control lang="nn" key="IDC_PERFORM_BENCHMARK">"Ytetest"</control>
    <control lang="nn" key="IDC_PROTECT_HIDDEN_VOL">Vern skjult volum mot skade frå skriving til ytre volum</control>
    <control lang="nn" key="IDC_RESET">Tilakestill</control>
    <control lang="nn" key="IDC_SHOW_PASSWORD_MO">Vis passord</control>
    <control lang="nn" key="IDD_ABOUT_DLG">Om TrueCrypt</control>
    <control lang="nn" key="IDD_BENCHMARK_DLG">TrueCrypt - Krypterings Algoritme Ytetest</control>
    <control lang="nn" key="IDD_CIPHER_TEST_DLG">TrueCrypt - Test Vektorar</control>
    <control lang="nn" key="IDD_COMMANDHELP_DLG">Kommando Linje Hjelp</control>
    <control lang="nn" key="IDD_KEYFILES">TrueCrypt - Nøkkelfiler</control>
    <control lang="nn" key="IDD_KEYFILE_GENERATOR">TrueCrypt - Nøkkelfil Generator</control>
    <control lang="nn" key="IDD_LANGUAGE">TrueCrypt - Språk</control>
    <control lang="nn" key="IDD_LEGAL_NOTICES_DLG">TrueCrypt - Juridisk Merknad</control>
    <control lang="nn" key="IDD_MOUNT_OPTIONS">TrueCrypt - Monterings Alternativer</control>
    <control lang="nn" key="IDD_RAWDEVICES_DLG">Vel ein partisjon eller ei Eining</control>
    <control lang="nn" key="IDT_ACTIVE_LANG_PACK">Bruk språk pakke</control>
    <control lang="nn" key="IDT_BOX_BENCHMARK_INFO">Hastighet er berørt av prosessor last og lagrings eininga sin karakteristikk.\n\n Desse testane vert gjort i minne.</control>
    <control lang="nn" key="IDT_BUFFER_SIZE">Buffer Storleik:</control>
    <control lang="nn" key="IDT_CIPHER">Kodenøkkel:</control>
    <control lang="nn" key="IDT_HIDDEN_PROT_PASSWD">Passord til skjult volum:\n(vist tomt, vert snøggminne nytta)</control>
    <control lang="nn" key="IDT_HIDDEN_VOL_PROTECTION">Skjult Volum verning</control>
    <control lang="nn" key="IDT_KEY">Nøkkel storleik:</control>
    <control lang="nn" key="IDT_KEYFILE_GENERATOR_NOTE">Flytt musa tilfeldig innanfor dette vindauge. Dess lengre du flyttar på musa, dess betre.</control>
    <control lang="en" key="IDT_KEYFILE_WARNING">WARNING: If you lose a keyfile or if any bit of its first 1024 kilobytes changes, it will be impossible to mount volumes that use the keyfile!</control>
    <control lang="nn" key="IDT_KEY_UNIT">bits</control>
    <control lang="nn" key="IDT_LANGPACK_AUTHORS">Omsett av:</control>
    <control lang="nn" key="IDT_LRW_BLOCK_INDEX">Blokk indeks (heksadesimal)</control>
    <control lang="nn" key="IDT_LRW_KEY">Sekunder nøkkel (heksadesimal)</control>
    <control lang="nn" key="IDT_LRW_MODE">LRW modus</control>
    <control lang="nn" key="IDT_PLAINTEXT">Klartekst storleik:</control>
    <control lang="nn" key="IDT_PLAINTEXT_SIZE_UNIT">bits</control>
    <control lang="nn" key="IDT_POOL_CONTENTS">Gjeldande Basseng Innhald</control>
    <control lang="nn" key="IDT_PRF">Blandande Krypt Alg:</control>
    <control lang="nn" key="IDT_SORT_METHOD">Sorterings metode:</control>
    <control lang="nn" key="IDT_TEST_CIPHERTEXT">Kodenøkkel tekst (heksadesimal)</control>
    <control lang="nn" key="IDT_TEST_KEY">Nøkkel (heksadesimal)</control>
    <control lang="nn" key="IDT_TEST_PLAINTEXT">Klartekst (heksadesimal)</control>
    <control lang="nn" key="IDT_KEYFILES_NOTE">Einkvar filtype (fs, .mp3, .jpg, .zip, .avi) kan verta brukt som TrueCrypt nøkkelfil. NB TrueCrypt endrar aldri innhaldet i nøkkelfiler. Du kan velja meir enn ei nøkkelfil (rekkjefølja spelar ingen rolle). Vist du legg til ei mappe, vill alle filer som vert funne i den verta brukte som nøkkelfiler.</control>
    <control lang="nn" key="IDT_TEST_CONFIG">Kodenøkkel alternativ (alle størelsar i bytes)</control>
    <control lang="nn" key="IDD_PCDM_CHANGE_PKCS5_PRF">Set Header Nøkkel Derivasjon Algorytme</control>
    <control lang="nn" key="IDD_PCDM_ADD_REMOVE_VOL_KEYFILES">Legg til/Fjern Nøkkelfiler til/frå Volum</control>
    <control lang="nn" key="IDD_PCDM_REMOVE_ALL_KEYFILES_FROM_VOL">Fjern alle Nøkkelfiler frå Volum</control>
    <control lang="nn" key="IDT_EXPLORER_OPTIONS">Windows Utforskar</control>
    <control lang="nn" key="IDC_BROWSE_KEYFILES">Bla gjennom...</control>
    <control lang="nn" key="IDD_KEYFILE_GENERATOR_DLG">TrueCrypt - Nøkkelfil Generator</control>
    <control lang="nn" key="IDT_LICENSE">Lisens Betingelsar:</control>
    <control lang="en" key="IDT_UNINSTALL_INFO">No TrueCrypt volume will be deleted. The registry entries at HKLM\\SYSTEM\\ControlSet001\\Enum\\Root\\LEGACY_TRUECRYPT cannot be removed as Windows does not allow their deletion.</control>
    <control lang="nn" key="MENU_FILE">Fil</control>
    <control lang="nn" key="MENU_VOLUMES">Volum</control>
    <control lang="nn" key="MENU_KEYFILES">Nøkkelfiler</control>
    <control lang="nn" key="MENU_TOOLS">Verktøy</control>
    <control lang="nn" key="MENU_SETTINGS">Innstillingar</control>
    <control lang="nn" key="MENU_HELP">Hjelp</control>
    <control lang="nn" key="MENU_WEBSITE"> Heimeside </control>
    <!-- Strings -->
    <string lang="nn" key="ABOUTBOX">Om...</string>
    <string lang="nn" key="ACCESSMODEFAIL">Skrivevernings attributten på ditt gamle volum kunne ikkje endrast. Sjekk om du har tilgang til fila.</string>
    <string lang="nn" key="ACCESS_DENIED">Feil: Ingen tilgang.\n\nPartisjonen du prøvar å opna er anten 0 sektorar lang, eller der er ein oppstarts eining.</string>
    <string lang="nn" key="ADMIN_PRIVILEGES_DRIVER">For å kunne lasta TrueCrypt drivaren må du vera logga inn med ein konto som har administrator rettigheiter.</string>
    <string lang="nn" key="ADMIN_PRIVILEGES_WARN_DEVICES">Obs for å kryptera/formatera ein partisjon/ei eining må du vera logga inn med ein konto som har administrator rettigheiter.\n\nDette gjeld ikkje fil-verta volum.</string>
    <string lang="nn" key="ADMIN_PRIVILEGES_WARN_HIDVOL">For å oppretta eit skjult volum må du vera logga inn med ein konto som har administrator rettigheiter.\n\nFortsetja?</string>
    <string lang="nn" key="ADMIN_PRIVILEGES_WARN_NTFS">Obs for å kunna formatera volumet som NTFS må du vera logga inn med ein konto som har administrator rettigheiter.\n\nUtan administrator rettigheiter, kan du berre formatera volumet som FAT.</string>
    <string lang="en" key="AES_HELP">FIPS-approved cipher (Rijndael, published in 1998) that may be used by U.S. government departments and agencies to protect classified information up to the Top Secret level. 256-bit key, 128-bit block, 14 rounds (AES-256). Mode of operation is LRW.</string>
    <string lang="nn" key="ALREADY_MOUNTED">Volumet er allereie montert.</string>
    <string lang="nn" key="ERR_SELF_TESTS_FAILED">ADVARSEL: Minst ein kryptering eller hash algorytme besto ikkje den innebygde automatiske sjølv testen!\n\nTrueCrypt installasjonen kan vera korrupt.</string>
    <string lang="nn" key="ERR_NOT_ENOUGH_RANDOM_DATA">ADVARSEL: Det er ikkje nok data i Tilfeldig Nummer Generator til att ein kan laga den forespurde mengden data.\n\nDu bør ikkje halda fram. Ver vennleg å vel 'Rapporter feil' frå Hjelp menyen, og rapporter denne feilen.</string>
    <string lang="nn" key="BAD_DRIVE_LETTER">Ugyldig stasjons bokstav.</string>
    <string lang="nn" key="CANCEL">Avbryt</string>
    <string lang="nn" key="CANNOT_CALC_SPACE">Får ikkje tilgang til eininga. Sjå etter att den valde eininga eksisterar og att den ikkje er i bruk av systemet.</string>
    <string lang="nn" key="CAPSLOCK_ON">Advarsel: Caps Lock er på. Dette kan føra til att du skriv passordet feil.</string>
    <string lang="nn" key="CIPHER_HIDVOL_HOST_TITLE">Ytre Volum krypterings alternativ</string>
    <string lang="nn" key="CIPHER_HIDVOL_TITLE">Skjult Volum krypterings alternativ</string>
    <string lang="nn" key="CIPHER_TITLE">Krypterings Alternativer</string>
    <string lang="nn" key="CLEAN_WINMRU_FAILED">ADVARSEL: Kunne ikkje fjerna stien til den sist valde volum/nøkkelfila (hugsa av fil veljar)!</string>
    <string lang="en" key="COMPRESSION_NOT_SUPPORTED">Error: The container has been compressed at the filesystem level. TrueCrypt does not support compressed containers (note that compression of encrypted data is ineffective and redundant).\n\nPlease disable compression for the container by following these steps:\n1) Right-click the container in Windows Explorer (not in TrueCrypt).\n2) Select 'Properties'.\n3) In the 'Properties' dialog box, click 'Advanced'.\n4) In the 'Advanced Attributes' dialog box, disable the option 'Compress contents to save disk space' and click 'OK'.\n5) In the 'Properties' dialog box, click 'OK'.</string>
    <string lang="nn" key="CREATE_FAILED">Kunne ikkje oppretta volum %hs</string>
    <string lang="nn" key="DEVICE_FREE_BYTES">%hs er %.2f bytes stor</string>
    <string lang="nn" key="DEVICE_FREE_GB">%hs er %d GB</string>
    <string lang="nn" key="DEVICE_FREE_KB">%hs er %.2f KB</string>
    <string lang="nn" key="DEVICE_FREE_MB">%hs er %.2f MB</string>
    <string lang="nn" key="DEVICE_FREE_PB">%hs er %d PB</string>
    <string lang="nn" key="DEVICE_FREE_TB">%hs er %d TB</string>
    <string lang="nn" key="DEVICE_IN_USE">ADVARSEL: Eininga/partisjonen er allereie i bruk!\n\nÅ oversjå dette kan føra til utilsikta resultat inkludert ustabilt system. Alle program som kan bruka eininga/partisjonen bør lukkast før volumet vert montert.\n\nHalda fram med å montera?</string>
    <string lang="en" key="DEVICE_IN_USE_FORMAT">WARNING: The device/partition is in use by the operating system or applications. Formatting the device/partition might cause data corruption and system instability.\n\nContinue?</string>
    <string lang="en" key="FORMAT_CANT_DISMOUNT_FILESYS">Error: The device/partition contains a file system that could not be dismounted. The file system may be in use by the operating system. Formatting the device/partition would very likely cause data corruption and system instability.\n\nTo solve this issue, we recommend that you first delete the partition and then recreate it without formatting. To do so, follow these steps:\n1) Right-click the 'Computer' (or 'My Computer') icon in the 'Start Menu' and select 'Manage'. The 'Computer Management' window should appear.\n2) In the 'Computer Management' window, select 'Storage' &gt; 'Disk Management'.\n3) Right-click the partition you want to encrypt and select either 'Delete Partition', or 'Delete Volume', or 'Delete Logical Drive'.\n4) Click 'Yes'. If Windows asks you to restart the computer, do so. Then repeat the steps 1 and 2 and continue from the step 5.\n5) Right-click the unallocated/free space area and select either 'New Partition', or 'New Simple Volume', or 'New Logical Drive'.\n6) The 'New Partition Wizard' or 'New Simple Volume Wizard' window should appear now; follow its instructions. On the wizard page entitled 'Format Partition', select either 'Do not format this partition' or 'Do not format this volume'. In the same wizard, click 'Next' and then 'Finish'.\n7) Note that the device path you have selected in TrueCrypt may be wrong now. Therefore, exit the TrueCrypt Volume Creation Wizard (if it is still running) and then start it again.\n8) Try encrypting the device/partition again.\n\nIf TrueCrypt repeatedly fails to encrypt the device/partition, you may want to consider creating a file container instead.</string>
    <string lang="nn" key="DEVICE_IN_USE_INFO">ADVARSEL: Nokre av dei monterte einingane/partisjonane var allereie i bruk!\n\nÅ oversjå dette kan føra til utilsikta resultat inkludert ustabilt system.\n\nMe anbefaler på det sterkaste att du lukkar alle program som kan bruka einingane/partisjonane.</string>
    <string lang="en" key="DEVICE_PARTITIONS_ERR">The selected device contains partitions.\n\nFormatting the device might cause system instability and/or data corruption. Please either select a partition on the device, or remove all partitions on the device to enable TrueCrypt to format it safely.</string>
    <string lang="en" key="WHOLE_DEVICE_WARNING">IMPORTANT: If you encrypt the entire device, the operating system will consider the device as new and unformatted (as it will contain no partition table). This will make the volume susceptible to accidental initialization, which may cause it to be impossible to mount.\n\nIt is preferable to create a partition on the device and encrypt the partition instead.\n\nAre you sure want to encrypt the entire device?</string>
    <string lang="en" key="WHOLE_DEVICE_NOTE">IMPORTANT: Keep in mind to answer 'No', whenever Windows asks you whether you want to initialize this device (even if Windows tells you that you must do so). Otherwise, you may damage the volume and make it impossible to mount.\n\nWe also recommend that you backup the volume header after the volume is created (Tools -&gt; Backup Volume Header).</string>
    <string lang="en" key="AFTER_FORMAT_DRIVE_LETTER_WARN">IMPORTANT: Please keep in mind that this partition/device can NOT be mounted using the drive letter %c:, which is currently assigned to it!\n\nTo mount this partition/device, click 'Auto-Mount Devices' in the main TrueCrypt window. Alternatively, in the main TrueCrypt window, click 'Select Device', then select this partition/device, and click 'Mount'. The partition/device will be mounted to a different drive letter, which you will select from the list in the main TrueCrypt window.\n\nThe original drive letter %c: should be used only in case you need to remove encryption from the partition/device (e.g., if you no longer need encryption). In such a case, right-click the drive letter %c: in the 'Computer' (or 'My Computer') list and select 'Format'. Otherwise, the drive letter %c: should never be used (unless you remove it and assign it to another partition/device).</string>
    <string lang="nn" key="DISK_FREE_BYTES">Stasjon %hs har %.2f bytes ledig.</string>
    <string lang="nn" key="DISK_FREE_GB">Stasjon %hs har %d GB ledig.</string>
    <string lang="nn" key="DISK_FREE_KB">Stasjon %hs har %.2f KB ledig.</string>
    <string lang="nn" key="DISK_FREE_MB">Stasjon %hs har %.2f  MB ledig.</string>
    <string lang="nn" key="DISK_FREE_PB">Stasjon %hs har %d PB ledig.</string>
    <string lang="nn" key="DISK_FREE_TB">Stasjon %hs har %d TB ledig.</string>
    <string lang="nn" key="DRIVELETTERS">Kunne ikkje få tilgjengelege stasjons bokstavar.</string>
    <string lang="nn" key="DRIVER_NOT_FOUND">TrueCrypt drivar ikkje funnen!\n\nKopier filene 'truecrypt.sys' og 'truecrypt-x64.sys' til same mappe som programmet er i.</string>
    <string lang="nn" key="DRIVER_VERSION">Ein inkompatibel versjon av TrueCrypt einings drivaren er no i bruk.\n\nPåkrevd versjon er: TrueCrypt %hs</string>
    <string lang="nn" key="ERR_CIPHER_INIT_FAILURE">Feil: Cipher initialisering feila.</string>
    <string lang="nn" key="ERR_CIPHER_INIT_WEAK_KEY">Feil: Ein svak nøkkel har vorte oppdaga! Prøv omatt.</string>
    <string lang="en" key="EXCEPTION_REPORT">A critical error has occured and TrueCrypt must be terminated. If this is caused by a bug in TrueCrypt, we would like to fix it. To help us, you can send us an automatically generated error report containing the following items:\n\n- Program version\n- Operating system version\n- TrueCrypt component name\n- Checksum of TrueCrypt executable\n- TrueCrypt dialog identifier\n- Error category\n- Error address\n- TrueCrypt call stack\n\nIf you select 'Yes', the following URL (which contains the entire error report) will be opened in your default Internet browser (note that in some cases this may take up to 30 seconds).\n\n%hs\n\nDo you want to send us the above error report?</string>
    <string lang="nn" key="EXCEPTION_REPORT_EXT">Det har skjedd ein kritisk systemfeil som gjer at TrueCrypt må avslutta.\n\nDenne feilen kjem ikkje frå TrueCrypt (så utviklarane av TrueCrypt kan ikkje fiksa det). Sjekk systemet ditt etter moglege feil (t.d., system instillingar, netverkstilkoblingar, feilande maskinvare).</string>
    <string lang="nn" key="EXCEPTION_REPORT_TITLE">TrueCrypt kritisk feil</string>
    <string lang="nn" key="EXIT">Avslutt</string>
    <string lang="nn" key="EXT_PARTITION">Opprett ein logisk stasjon for denne utvida partisjonen, og prøv omatt.</string>
    <string lang="nn" key="FILE_HELP">Du kan oppretta fil-verta volum eller kryptera heile partisjonar, diskettar, USB minne pennar og andre lagrings einingar. Trykk 'Vel Eining...' for å spesifisera namnet og plasseringa av fila som skal innehalda det nye volumet, eller klikk på 'Vel Eining...' for å velja ein partisjon eller ei eining å kryptera.\n\nAdvarsel: Viss du krypterar ein partisjon eller ei eining, vill alle data som er lagra på partisjonen verta sletta.</string>
    <string lang="nn" key="FILE_HELP_HIDDEN_HOST_VOL">Vel plasseringa der det ytre volumet skal opprettast (Inni dette volumet vill det skjulte volumet verta oppretta seinare).\n\nDu kan oppretta fil-verta volum eller kryptera heile partisjonar, diskettar, USB minne pennar og andre lagrings einingar. Trykk 'Vel Eining...' for å spesifisera namnet og plasseringa av fila som skal innehalda det nye volumet, eller klikk på 'Vel Eining...' for å velja ein partisjon eller ei eining å kryptera.\n\nAdvarsel: Vist du krypterar ein partisjon eller ei eining, vill alle data som er lagra på partisjonen verta sletta.</string>
    <string lang="nn" key="FILE_HELP_HIDDEN_HOST_VOL_DIRECT">Vel plassering av TrueCrypt volum innanfor der du ønskjer å oppretta eit skjult volum.</string>
    <string lang="nn" key="FILE_IN_USE">ADVARSEL: Vert fil/eining er allereie i bruk!\n\nÅ oversjå dette kan føra til utilsikta resultat inkludert ustabilt system. Alle program som kan bruka eininga/partisjonen bør lukkast før volumet vert montert.\n\nHalda fram med å montera?</string>
    <string lang="nn" key="FILE_IN_USE_FAILED">Feil: Kan ikkje montera volum. Eining/partisjon er allereie i bruk. Forsøk på å montera utan ekslusiv tilgang feila og.</string>
    <string lang="nn" key="FILE_OPEN_FAILED">Fila kunne ikkje opnast.</string>
    <string lang="nn" key="FILE_TITLE">Volum Plassering</string>
    <string lang="en" key="FORMAT">&amp;Format</string>
    <string lang="nn" key="FORMAT_ABORT">Avbryt formatering?</string>
    <string lang="en" key="FORMAT_FINISHED_HELP">\n\nThe TrueCrypt volume has been created and is ready for use. If you wish to create another TrueCrypt volume, click Next. Otherwise, click Exit.</string>
    <string lang="en" key="FORMAT_FINISHED_INFO">The TrueCrypt volume has been successfully created.</string>
    <string lang="nn" key="FORMAT_FINISHED_TITLE">Volum Oppretta</string>
    <string lang="en" key="FORMAT_HELP">Here you can set additional options that will affect the format of the new volume. Please refer to the documentation for more information. When done, click 'Format' to create your new volume.</string>
    <string lang="en" key="FORMAT_HIDVOL_HOST_HELP">Note that a hidden volume can only be created within a FAT volume. For more information, please refer to the documentation. When ready, click 'Format' to create the outer volume.</string>
    <string lang="nn" key="FORMAT_HIDVOL_HOST_TITLE">Ytre Volum Formatering</string>
    <string lang="nn" key="FORMAT_HIDVOL_TITLE">Skjult Volum Formatering</string>
    <string lang="nn" key="FORMAT_TITLE">Volum Formatering</string>
    <string lang="nn" key="GETFILETIME_FAILED">ADVARSEL: Kunne ikkje få kontainer tidstempel!</string>
    <string lang="nn" key="GETFILETIME_FAILED_GENERIC">ADVARSEL: Kunne ikkje få kontainer tidstempel!\n\nViss det er eit skjult volum inni denne kontaineren, er det sannsynleg att tilgangsnekting til denne kontainaren verta berørt.</string>
    <string lang="nn" key="GETFILETIME_FAILED_IMPLANT">ADVARSEL: Kunne ikkje få kontainer tidstempel!\n\nViss du ikkje tilbakestiller tidstempelet med ein eksternt verktøy, anbefaler me att du ikkje opprettar eit skjult volum inni denne kontainaren.</string>
    <string lang="nn" key="GETFILETIME_FAILED_PW">ADVARSEL: Kunne ikkje få kontainer tidstempel!\n\nViss det er eit skjult volum inni denne kontaineren, er det sannsynleg att tilgangsnekting til dette skjulte volumet kan verta berørt etter endring av passord eller forsøk på å endra passord.</string>
    <string lang="nn" key="GETFILETIME_FAILED_KEYFILE">ADVARSEL: Kunne ikkje få nøkkelfil tidstempel! Kan ikkje oppretthalde info om når sist var opna.\n\nDet vill vera mogeleg å seie om fila har vore opna.</string>
    <string lang="nn" key="HELP_READER_ERROR">Adobe Reader (eller kompatibelt program) er nødvendig for å lesa og/eller skriva ut TrueCrypt Brukarhandboka. Adobe Reader (freeware) kan lastast ned frå: www.adobe.com\n\nVil du sjå online dokumentasjonen istadenfor?</string>
    <string lang="nn" key="HIDDEN_VOL_WIZARD_MODE_HELP">Uerfarne brukarar bør velja det fyrste valet. Vist du vel det andre valet, reknar ein med att du allereie har oppretta eit TrueCrypt volum som er passande for å vera vert for det skjulte volumet.</string>
    <string lang="nn" key="HIDDEN_VOL_WIZARD_MODE_TITLE">Vegvisar Modus</string>
    <string lang="en" key="HIDVOL_FORMAT_FINISHED_HELP">The hidden TrueCrypt volume has been successfully created and is ready for use. If all the instructions have been followed and if precautions mentioned in the section "Security Precautions Pertaining to Hidden Volumes" in the TrueCrypt User's Guide are followed, it will be impossible to prove that the hidden volume exists, even when the outer volume is mounted.\n\nWARNING: IF YOU DO NOT PROTECT THE HIDDEN VOLUME (FOR INFORMATION ON HOW TO DO SO, REFER TO THE SECTION "PROTECTION OF HIDDEN VOLUMES AGAINST DAMAGE" IN THE TRUECRYPT USER'S GUIDE), DO NOT WRITE TO THE OUTER VOLUME. OTHERWISE, YOU MAY OVERWRITE AND DAMAGE THE HIDDEN VOLUME!</string>
    <string lang="nn" key="HIDVOL_FORMAT_FINISHED_TITLE">Skjult Volum Oppretta</string>
    <string lang="en" key="HIDVOL_HOST_FILLING_HELP">Outer volume has been successfully created and mounted as drive %hc:. To this volume you should now copy some sensitive-looking files that you actually do NOT want to hide. The files will be there for anyone forcing you to disclose your password. You will reveal only the password for this outer volume, not for the hidden one. The files that you really care about will be stored in the hidden volume, which will be created later on. When you finish copying, click Next. Do not dismount the volume.\n\nNote: After you click Next, cluster bitmap of the outer volume will be scanned to determine the size of uninterrupted area of free space whose end is aligned with the end of the volume. This area will accommodate the hidden volume, so it will limit its maximum possible size. Cluster bitmap scanning ensures that no data on the outer volume are overwritten by the hidden volume.</string>
    <string lang="nn" key="HIDVOL_HOST_FILLING_TITLE">Innhald på Ytre Volum </string>
    <string lang="nn" key="HIDVOL_HOST_PRE_CIPHER_HELP">\n\nI dei neste stega vel du alternativa for det ytre volumet (som du seinare opprettar det skjulte volumet i). </string>
    <string lang="nn" key="HIDVOL_HOST_PRE_CIPHER_TITLE">Ytre Volum</string>
    <string lang="nn" key="HIDVOL_PRE_CIPHER_HELP">\n\nVolum sektorgruppe punktkartet har vorte skanna og den maksimale mogelege storleiken på det skjulte volumet har vorte fastsett. I det neste steget vill du setja alternativa, storleiken og passord for det skjulte volumet.</string>
    <string lang="nn" key="HIDVOL_PRE_CIPHER_TITLE">Skjult Volum</string>
    <string lang="en" key="HIDVOL_PROT_WARN_AFTER_MOUNT">The hidden volume is now protected against damage until the outer volume is dismounted.\n\nWARNING: If any data is attempted to be saved to the hidden volume area, TrueCrypt will start write-protecting the entire volume (both the outer and the hidden part) until it is dismounted. This may cause filesystem corruption on the outer volume. Any data being saved to the hidden volume area will NOT be saved and will be lost! Windows may report this as a write error ("Delayed Write Failed" or "The parameter is incorrect").</string>
    <string lang="en" key="HIDVOL_PROT_WARN_AFTER_MOUNT_PLURAL">Each of the hidden volumes within the newly mounted volumes is now protected against damage until dismounted.\n\nWARNING: If any data is attempted to be saved to protected hidden volume area of any of these volumes, TrueCrypt will start write-protecting the entire volume (both the outer and the hidden part) until it is dismounted. This may cause filesystem corruption on the outer volume. Any data being saved to protected hidden volume areas will NOT be saved and will be lost! Windows may report this as a write error ("Delayed Write Failed" or "The parameter is incorrect").</string>
    <string lang="en" key="DAMAGE_TO_HIDDEN_VOLUME_PREVENTED">WARNING: Data were attempted to be saved to the hidden volume area of the volume mounted as %c:!\n\nTrueCrypt prevented these data from being saved in order to protect the hidden volume. This may have caused filesystem corruption on the outer volume and Windows may have reported a write error ("Delayed Write Failed" or "The parameter is incorrect"). The entire volume (both the outer and the hidden part) will be write-protected until it is dismounted.\n\nWe strongly recommend that you restart the operating system now.</string>
    <string lang="nn" key="INIT_MUTEX">Klarte ikkje å initialisera programmet. Klarte ikkje å oppretta det påkrevde mutex objektet.</string>
    <string lang="nn" key="INIT_RAND">Klarte ikkje å initialisera den tilfeldige nummer generatoren!</string>
    <string lang="nn" key="INIT_REGISTER">Kunne ikkje initialisera programmet. Klarte ikkje å registrera Dialog klassen.</string>
    <string lang="nn" key="INTRO_HELP">\nDenne vegvisaren vill hjelpa deg å oppretta eit nytt TrueCrypt volum.\n\nViktig: Innsamling av tilfeldige data har begynt. Dataane vill verta brukt ved generering av hovud nøkkel, sekunder nøkkel (LRW modus), og salt, for det nye volumet. Innsamla data inkluderer mus bevegelsane dine innanfor dette vindauga, tastatur trykk og andre data henta frå systemet. Dataane bør vera så tilfeldige som mogeleg, så dess meir tilfeldig og jo lengre du bevegar musa, dess betre!</string>
    <string lang="nn" key="INTRO_TITLE">TrueCrypt Volum Opprettings Vegvisar</string>
    <string lang="nn" key="INVALID_DEVICE">Ugyldig statsjon eller partisjon er spesifisert. Bruk følgjande syntaks for å montera partisjonar: \\Einheit\\Harddisk0\\Partisjon4</string>
    <string lang="nn" key="MAX_HIDVOL_SIZE_BYTES">Størst mogleg skjult volum storleik for dette volumet er %.2f bytes.</string>
    <string lang="nn" key="MAX_HIDVOL_SIZE_KB">Størst mogleg skjult volum storleik for dette volumet er %.2f KB.</string>
    <string lang="nn" key="MAX_HIDVOL_SIZE_MB">Størst mogleg skjult volum storleik for dette volumet er %.2f MB.</string>
    <string lang="nn" key="MOUNTED_NOPWCHANGE">Volum passord/nøkkelfiler kan ikkje endrast så lenge volumet er montert. Avmonter volumet fyrst.</string>
    <string lang="nn" key="MOUNTED_NO_PKCS5_PRF_CHANGE">Hovud nøkkel derivasjons algoritme kan ikkje endrast så lenge volumet er montert. Avmonter volumet fyrst.</string>
    <string lang="nn" key="MOUNT_BUTTON">Monter</string>
    <string lang="nn" key="NEW_VERSION_REQUIRED">Ein nyare versjon av TrueCrypt er nødvendig for å montera dette volumet.</string>
    <string lang="nn" key="VOL_CREATION_WIZARD_NOT_FOUND">Feil: Volum Opprettings Vegvisar vart ikkje funnen.\n\nSjekk att fila 'TrueCrypt Format.exe' er i same mappe som 'TrueCrypt.exe' vart starta i. Viss den ikkje er der, må du ominstallera TrueCrypt eller finna 'TrueCrypt Format.exe' på hardisken din</string>
    <string lang="nn" key="NEXT">&amp;Neste &gt;</string>
    <string lang="en" key="FINALIZE">&amp;Finish</string>
    <string lang="en" key="NODRIVER">Unable to connect to the TrueCrypt device driver. TrueCrypt cannot work if the device driver is not running.\n\nPlease note that, due to a Windows issue, it may be required to log off or restart the system before the device driver can be loaded.</string>
    <string lang="nn" key="NOFONT">Feil ved lasting/klargjering av skrifttypar.</string>
    <string lang="nn" key="NOT_FOUND">DOS stasjons bokstaven du spesifiserte vart ikkje funnet.</string>
    <string lang="en" key="DRIVE_LETTER_UNAVAILABLE">Drive letter not available.</string>
    <string lang="nn" key="NO_FILE_SELECTED">Ingen filer Valt!</string>
    <string lang="nn" key="NO_FREE_DRIVES">Ingen stasjons bokstavar tilgjengeleg.</string>
    <string lang="nn" key="NO_FREE_DRIVE_FOR_OUTER_VOL">Ingen ledige stasjons bokstavar for det ytre volumet! Volum skaping kan ikkje halda fram.</string>
    <string lang="nn" key="NO_OS_VER">Kunne ikkje fastsetja kva operativsystem du brukar eller så brukar du eit operativsystem som ikkje er støtta.</string>
    <string lang="nn" key="NO_PATH_SELECTED">Ingen sti valt!</string>
    <string lang="nn" key="NO_SPACE_FOR_HIDDEN_VOL">Ikkje nok ledig plass til å oppretta det skjulte volumet Volum skaping kan ikkje halda fram.</string>
    <string lang="nn" key="OPENFILES_DRIVER">Drivaren klarte ikkje å avmontera volumet. Nokre filer som ligg på volumet kan framleis vera opne.</string>
    <string lang="nn" key="OPENFILES_LOCK">Kunne ikkje lukka volumet. Det er framleis opne filer på volumet. Derfor kan ikkje volumet avmonterast.</string>
    <string lang="nn" key="OPEN_VOL_TITLE">Vel eit TrueCrypt Volum</string>
    <string lang="nn" key="OPEN_TITLE">Spesifiser Sti og Fil namn</string>
    <string lang="nn" key="OUTOFMEMORY">Ikkje meir minne</string>
    <string lang="en" key="FORMAT_DEVICE_FOR_ADVANCED_ONLY">IMPORTANT: We strongly recommend that inexperienced users create a TrueCrypt file container on the selected device/partition, instead of attempting to encrypt the entire device/partition.\n\nWhen you create a TrueCrypt file container (as opposed to encrypting a device or partition) there is, for example, no risk of destroying a large number of files. Note that a TrueCrypt file container (even though it contains a virtual encrypted disk) is actually just like any normal file. Therefore, it can be, for example, easily renamed, moved, or copied as any normal file. To create a TrueCrypt file container, click 'No' and then click 'Select File' in the wizard window. For more information, see the chapter Beginner's Tutorial in the TrueCrypt User Guide.\n\nAre you sure you want to encrypt the entire device/partition?</string>
    <string lang="nn" key="OVERWRITEPROMPT">ADVARSEL: Volumet '%hs' eksisterar allereie ! Er du sikker på att du vil erstatta det og mista alle data som det inneheld?</string>
    <string lang="en" key="OVERWRITEPROMPT_DEVICE">CAUTION: ALL FILES CURRENTLY STORED ON THE SELECTED %s '%hs'%s WILL BE ERASED AND LOST!\n\nAre you sure you want to proceed with format?</string>
    <string lang="nn" key="PASSWORD">Passord</string>
    <string lang="nn" key="PASSWORD_CHANGED">Passord og/eller nøkkelfil(er) er endra.\n\nVIKTIG: Les delen 'Endring av passord og nøkkelfiler' i kapittelet 'sikkerhet' i TrueCrypt brukarhandboka før du fortsetter.</string>
    <string lang="nn" key="KEYFILE_CHANGED">Nøkkelfil(er) lagt til/fjerna.</string>
    <string lang="nn" key="PKCS5_PRF_CHANGED">Hovud nøkkel derivasjons algorytme vellykka sett.</string>
    <string lang="nn" key="PASSWORD_HELP">Det er viktig att du vel eit godt passord. Du bør unngå å bruka eit som berre inneheld eit enkelt ord som kan finnast i ei ordbok (eller ein kombinasjon av 2, 3 eller 4 slike ord) Det bør heller ikkje innehalde namn eller fødselsdagar. Det skal ikkje vera lett å gjetta. Eit godt passord består av ein tilfeldig kombinasjon av små og store bokstavar, nummer og spesial teikn, slik som @ ^ = $ * + osv.\n\nMe anbefaler å velja eit passord som består av meir enn 20 teikn (dess lengre dess betre) Maksimal passord lengd er 64 teikn.</string>
    <string lang="nn" key="PASSWORD_HIDDENVOL_HELP">Vel eit passord for det skjulte volumet. </string>
    <string lang="nn" key="PASSWORD_HIDDENVOL_HOST_DIRECT_HELP">Skriv inn passordet for volumet som du ønskjer å oppretta eit skjult volum i.\n\nNår du klikkar Neste kjem TrueCrypt til å montera volumet. Når volumet er montert vil sektorgruppe punktkartet av det ytre volumet bli undersøkt for å finna storleiken på det uavbrotne område med ledig plass (vist det er nokon) som sluttar mot slutten av volumet. Dette området vill verta tilpassa det skjulte volumet og derfor vill det begrensa dets maksimale mogelege storleik. Sektorgruppe kart skanning er nødvendig for å sikra att ingen data i det ytre volumet vert overskrive av det skjulte volumet</string>
    <string lang="nn" key="PASSWORD_HIDDENVOL_HOST_HELP">\nVel eit passord for det ytre volumet. Dette vill vera det passordet som du kan gje til motstandarden vist du vert spurd eller tvinga til det.\n\nPassordet må vera eit anna enn det du vel for det skjulte volumet.\n\n\nNb: Maksimal passordlengd er 64 teikn.</string>
    <string lang="nn" key="PASSWORD_HIDVOL_HOST_TITLE">Ytre Volum Passord</string>
    <string lang="nn" key="PASSWORD_HIDVOL_TITLE">Skjult Volum Passord</string>
    <string lang="nn" key="PASSWORD_LENGTH_WARNING">ADVARSEL: Korte passord er enkle å knekka ved bruk av 'brute force' teknikkar!\n\nMe anbefaler å velja eit passord som består av minst 20 teikn.\n\nEr du sikker på att du vil bruka eit kort passord?</string>
    <string lang="nn" key="PASSWORD_TITLE">Volum Passord</string>
    <string lang="nn" key="PASSWORD_WRONG">Feil passord eller ikkje eit TrueCrypt volum.</string>
    <string lang="nn" key="PASSWORD_OR_KEYFILE_WRONG">Feil nøkkelfil(er) og/eller passord eller ikkje eit TrueCrypt volum.</string>
    <string lang="nn" key="PASSWORD_WRONG_CAPSLOCK_ON">\n\nAdvarsel: Caps Lock er på. Dette kan føra til att du skriv inn passordet feil.</string>
    <string lang="nn" key="PASSWORD_WRONG_AUTOMOUNT">Feil passord eller ingen TrueCrypt volum funne.</string>
    <string lang="nn" key="PASSWORD_OR_KEYFILE_WRONG_AUTOMOUNT">Feil nøkkelfil(er)/passord eller ingen TrueCrypt volum funnet.</string>
    <string lang="nn" key="PREV">&lt; &amp;Tilbake</string>
    <string lang="nn" key="RAWDEVICES">Kunne ikkje lista raw einingar installert på systemet ditt!</string>
    <string lang="nn" key="READONLYPROMPT">Volumet '%hs' eksisterer, og er skrive verna. Er du sikker på att du vill erstatta det?</string>
    <string lang="nn" key="SELECT_DEST_DIR">Vel destinasjons katalog</string>
    <string lang="nn" key="SELECT_KEYFILE">Vel Nøkkelfil</string>
    <string lang="nn" key="SELECT_KEYFILE_PATH">Vel ei nøkkelfil søke sti. ADVARSEL: merk att det er berre stien som vert hugsa, ikkje filnamna!</string>
    <string lang="nn" key="SERPENT_HELP">Designa av Ross Anderson, Eli Biham, og Lars Knudsen. Publisert i 1998. 256-bit key, 128-bit block. Operasjonsmodus er LRW. Serpent var ein av AES finalistane.</string>
    <string lang="nn" key="SETFILETIME_FAILED_IMPLANT">ADVARSEL: Kunne ikkje gjenoppretta kontainer tidstempel (fila si modifikasjon/opne dato/tid)!\n\nDette kan påverka moglegheita for å nekte for at det er eit skjult volum.</string>
    <string lang="nn" key="SETFILETIME_FAILED_PREP_IMPLANT">ADVARSEL: Kunne ikkje gjenoppretta konteiner tidsstempel!\n\nVist du ikkje tilbakestiller tidstempelet med eit eksternt verktøy, anbefaler me att du ikkje lagar eit skjult volum inni denne konteineren.</string>
    <string lang="nn" key="SETFILETIME_FAILED_PW">ADVARSEL: Kunne ikkje gjenoppretta kontainer tidstempel (fila si modifikasjon/opne dato/tid)!\n\nVist det er eit skult volum innanfor denne kontainaren. Dette påverkar mest sannsynleg moglegheita for å nekte for at det er eit skjult volum.</string>
    <string lang="nn" key="SETFILETIME_FAILED_KEYFILE">ADVARSEL: Kunne ikkje gjenoppretta nøkkelfil tidstempel! Kan ikkje bevare siste opning dato/tid.\n\nDet vill vera mogeleg å vita om denne fila har vorte opna.</string>
    <string lang="en" key="SETUP_INCOMPLETE">Error: 'Setup Files' folder not found.\n\nNote that before you can install TrueCrypt, you must extract all files from the distribution package.</string>
    <string lang="nn" key="SIZE_HELP">Ver venleg å spesifiser storleiken på volumet som skal lagast. Den minste mogelege storleiken på eit FAT volum er 19KB. Den minste mogelege storleiken på eit NTFS volum er 2526 KB. Den største moglege storleiken på eit fil-verta volum er begrensa av storleiken på vert filsystemet. Eit fil verta volum som vert lagra på eit FAT32 fil system kan ikkje vera større enn 4 GB.</string>
    <string lang="en" key="SIZE_HELP_HIDDEN_HOST_VOL">Please specify the size of the new outer volume (within which the hidden volume will be created later on). The minimum possible size of a volume within which a hidden volume is intended to be created is 40 KB.</string>
    <string lang="nn" key="SIZE_HELP_HIDDEN_VOL">Ver venleg å spesifiser storleiken på det skjulte volumet som skal opprettast. Den minste storleiken på eit FAT volum er 19 KB. Minste storleiken av eit NTFS volum er 2526 KB. Den maksimale storleiken du kan velje for det skjulte volumet er vist ovanfor.</string>
    <string lang="nn" key="SIZE_HIDVOL_HOST_TITLE">Ytre Volum storleik</string>
    <string lang="nn" key="SIZE_HIDVOL_TITLE">Skjult Volum storleik</string>
    <string lang="en" key="SIZE_PARTITION_HELP">Size of a device or partition cannot be modified. Please verify that the size of the selected device or partition shown above is correct and click Next.</string>
    <string lang="en" key="SIZE_PARTITION_HIDDEN_VOL_HELP">\n\nNote that the minimum possible size of a volume within which a hidden volume is intended to be created is 40 KB.</string>
    <string lang="nn" key="SIZE_TITLE">Volum storleik</string>
    <string lang="nn" key="SPARSE_FILE">Dynamisk</string>
    <string lang="nn" key="TESTS_FAILED">ADVARSEL: SJØLVTEST-FEILA!</string>
    <string lang="nn" key="TESTS_PASSED">Sjølvtest av alle algoritmar godkjent</string>
    <string lang="nn" key="TEST_INCORRECT_LRW_INDEX_SIZE">LRW blok indeksen som du har spesifisert er for lang eller kort.</string>
    <string lang="nn" key="TEST_INCORRECT_LRW_KEY_SIZE">Den sekundere nøkkelen som du har valt er for lang eller kort.</string>
    <string lang="nn" key="TEST_CIPHERTEXT_SIZE">Test cipherteksten som du har valt er for kort eller lang.</string>
    <string lang="nn" key="TEST_KEY_SIZE">Test nøkkelen som du har valt er for lang eller kort.</string>
    <string lang="nn" key="TEST_PLAINTEXT_SIZE">Test klarteksten du har valt er for lang eller kort.</string>
    <string lang="nn" key="TEST_LRW_INDEX_OVERRUN">Feil: TrueCrypt støttar for tida ikkje LRW blokker større enn 2^64.\n\nLegg og merkje til att maksimal støtta volum storleik er 2^63 bytar.</string>
    <string lang="nn" key="TWO_LAYER_CASCADE_HELP">To kodenøkklar opererer i LRW modus. Kvar blokk vert fyrst kryptert med %hs (%d-bit nøkkel) og deretter med %hs (%d-bit nøkkel). Kvar kodenøkkel brukar sin eigen nøkkel. Alle nøklar er gjensidig sjølvstendige.</string>
    <string lang="nn" key="THREE_LAYER_CASCADE_HELP">Tre kodenøkklar opererer i LRW modus. Kvar blokk vert fyrst kryptert med %hs (%d-bit nøkkel), og deretter med %hs (%d-bit nøkkel), og til sist med %hs (%d-bit nøkkel). Kvar kodenøkkel brukar sin eigen nøkkel. Alle nøklar er gjensidig sjølvstendige.</string>
    <string lang="nn" key="TRAVELLER_DISK_CREATED">TrueCrypt mobil disk har vorte vellykka oppretta.\n\nLegg merkje til att du treng administrator rettigheiter for å køyre TrueCrypt i mobil modus. Legg og merkje til att, etter undersøking av register fila, kan det vera mogeleg å seia om TrueCrypt vart køyrt på eit Windows system sjølv om det vart køyrt i mobil modus.</string>
    <string lang="en" key="TC_TRAVELLER_DISK">TrueCrypt Traveller Disk</string>
    <string lang="nn" key="TWOFISH_HELP">Designa av Bruce Schneier, John Kelsey, Doug Whiting, David Wagner, Chris Hall og Niels Ferguson. Publisert in 1998. 256-bit key, 128-bit block. Opererer i LRW modus. Twofish var ein av AES finalistane.</string>
    <string lang="en" key="MORE_INFO_ABOUT">More information on %hs</string>
    <string lang="nn" key="UNKNOWN">Ukjent</string>
    <string lang="nn" key="ERR_UNKNOWN">Ein Uspesifisert eller ukjent feil forekom .</string>
    <string lang="nn" key="UNKNOWN_DRIVER_CODE">Einings drivaren returnerte ein ukjent feil, feil kode = %d</string>
    <string lang="nn" key="UNMOUNTALL_LOCK_FAILED">Eit eller anna volum inneheld filer som er i bruk av eit program eller system.\n\nTving avmontering?</string>
    <string lang="nn" key="UNMOUNT_BUTTON">&amp;Avmonter</string>
    <string lang="nn" key="UNMOUNT_FAILED">Avmontering feila!</string>
    <string lang="nn" key="UNMOUNT_LOCK_FAILED">Volum inneheld filer eller mapper som er i bruk av eit program eller system.\n\nTving avmontering?</string>
    <string lang="nn" key="VOL_ALREADY_MOUNTED">Volumet som du prøver å montera er allereie montert. </string>
    <string lang="nn" key="VOL_FORMAT_BAD">Formatet på dette volumet er ikkje gjenkjent. Volumet kan vera korrupt.</string>
    <string lang="nn" key="VOL_MOUNT_FAILED">Ein feil oppstod ved forsøk på montering av volumet.</string>
    <string lang="nn" key="VOL_READING">Feil ved lesing av data frå volum.</string>
    <string lang="nn" key="VOL_SEEKING">Feil ved søkings lokasjon innanfor volum.</string>
    <string lang="nn" key="VOL_SIZE_WRONG">Feil: Feil volum storleik.</string>
    <string lang="nn" key="VOL_TOO_SMALL">Volumet er for lite - det er eit ugyldig volum.</string>
    <string lang="nn" key="VOL_WRITING">Feil ved skriving av data til volum.</string>
    <string lang="nn" key="WARN_QUICK_FORMAT">ADVARSEL: Du bør berre bruka snøgg formatering i følgjande tilfelle:\n\n1) Eininga inneheld tilfeldige data (t.d. har allereie vorte fullstendig kryptert)\n2) Du skal bruka all ledig kapasitet umiddelbart\n3) Du bryr deg ikkje om sikkerheit (testing)</string>
    <string lang="en" key="CONFIRM_SPARSE_FILE">Dynamic container is a pre-allocated NTFS sparse file whose physical size (actual disk space used) grows as new data is added to it.\n\nWARNING: Performance of sparse-file-hosted volumes is significantly worse than performance of regular volumes. Sparse-file-hosted volumes are also less secure, because it is possible to tell which volume sectors are unused. Furthermore, if data is written to a sparse file container when there is not enough free space in the host file system, the encrypted file system may get corrupted.\n\nAre you sure you want to create a sparse-file-hosted volume?</string>
    <string lang="en" key="SPARSE_FILE_SIZE_NOTE">Note that the size of the dynamic container reported by Windows and by TrueCrypt will always be equal to its maximum size. To find out current physical size of the container (actual disk space it uses), right-click the container file (in a Windows Explorer window, not in TrueCrypt), then select 'Properties' and see the 'Size on disk' value.</string>
    <string lang="nn" key="WIPE_CACHE">Passord som var lagra i einings drivaren har vorte viska ut.</string>
    <string lang="nn" key="WRONG_VOL_TYPE">TrueCrypt kan ikkje endra passordet for eit framand volum.</string>
    <string lang="nn" key="SELECT_FREE_DRIVE">Ver gild å vel ein ledig stasjons bokstav frå lista.</string>
    <string lang="nn" key="SELECT_A_MOUNTED_VOLUME">Ver gild å vel eit montert volum i stasjons bokstav lista.</string>
    <string lang="nn" key="CANT_CREATE_AUTORUN">Feil: Kunne ikkje oppretta autorun.inf</string>
    <string lang="nn" key="ERR_PROCESS_KEYFILE">Feil ved prosesering av nøkkelfil!</string>
    <string lang="nn" key="ERR_PROCESS_KEYFILE_PATH">Feil ved proseserig av nøkkelfil sti!</string>
    <string lang="nn" key="UNSUPPORTED_OS">TrueCrypt støttar ikkje dette operativ systemet.</string>
    <string lang="en" key="UNSUPPORTED_BETA_OS">Error: TrueCrypt supports only stable (non-beta) versions of this operating system.</string>
    <string lang="nn" key="ERR_MEM_ALLOC">Feil: Kunne allokere minne.</string>
    <string lang="nn" key="ERR_PERF_COUNTER">Feil: Kunne ikkje gjenoppretta verdiane av ytelse teljar.</string>
    <string lang="nn" key="ALL_FILES">Alle Filer</string>
    <string lang="nn" key="TC_VOLUMES">TrueCrypt Volum</string>
    <string lang="nn" key="FORMAT_NTFS_STOP">NTFS formatering kan ikkje halde fram.</string>
    <string lang="nn" key="CANT_MOUNT_VOLUME">Kan ikkje montera volum.</string>
    <string lang="nn" key="CANT_DISMOUNT_VOLUME">Kan ikkje avmontera volum.</string>
    <string lang="en" key="FORMAT_NTFS_FAILED">Windows failed to format the volume as NTFS.\n\nPlease select a different type of file system (if possible) and try again. Alternatively, you could leave the volume unformatted (select 'None' as the filesystem), exit this wizard, mount the volume, and then use either a system or a third-party tool to format the mounted volume (the volume will remain encrypted).</string>
    <string lang="nn" key="DEFAULT">Standard</string>
    <string lang="nn" key="SECTOR">sektor</string>
    <string lang="nn" key="BLOCK">blokk</string>
    <string lang="nn" key="PARTITION">Partisjon</string>
    <string lang="nn" key="PARTITION_LC">partisjon</string>
    <string lang="en" key="PARTITION_UPPER_CASE">PARTITION</string>
    <string lang="nn" key="DEVICE">Einheit</string>
    <string lang="nn" key="DEVICE_LC">Eining</string>
    <string lang="en" key="DEVICE_UPPER_CASE">DEVICE</string>
    <string lang="nn" key="CLUSTER_TOO_SMALL">Valte cluster storleik er for liten for denne volum storleiken. Ein større cluster størrelse vill verta brukat i staden.</string>
    <string lang="nn" key="CANT_GET_VOLSIZE">Feil: Kan ikkje skaffa volum Storleik!\n\nForviss deg om att valt volum ikkje er i bruk av systemet eller eit program.</string>
    <string lang="nn" key="HIDDEN_HOST_FAT_ONLY">Eit skjult volum kan berre opprettast innanfor eit FAT volum.\n\nFor meir informasjon, sjekk dokumentasjonen.</string>
    <string lang="en" key="HIDDEN_VOL_HOST_SPARSE">Hidden volumes shall not be created within dynamic (sparse file) containers. To achieve plausible deniability, the hidden volume shall be created within a regular volume.</string>
    <string lang="en" key="CANT_ACCESS_VOL">Error: Cannot access the volume!\n\nMake sure that the selected volume exists, that it is not mounted or being used by the system or an application, that you have read/write permission for the volume, and that it is not write-protected.</string>
    <string lang="nn" key="CANT_DISMOUNT_OUTER_VOL">Feil: Kan ikkje avmontera det ytre volumet!\n\nVolumet kan ikkje avmonterast vist det inneheld filer eller mapper som er i bruk at eit program eller systemet.\n\nVer gild å steng alle program som kan bruka filer eller mapper på volumet og trykk Prøv på nytt.</string>
    <string lang="nn" key="CANT_LOCK_OUTER_VOL">Feil: Kan ikkje låsa det ytre volumet!\n\nVolumet kan ikkje låsast vist det inneheld filer eller mapper som er i bruk at eit program eller systemet.\n\nVer gild å steng alle program som kan bruka filer eller mapper på volumet og trykk Prøv på nytt. Vist du overser dette, må du vera sikker på att etter att du har trykt Ignorer, vert det ikkje skreve meir data til volumet før det vert avmontert. Vist dette ikkje vert gjort kan det føra til negativt påvirkning av den antakelege tilgangs nekten til volumet!</string>
    <string lang="nn" key="CANT_ACCESS_OUTER_VOL">Feil: Kan ikkje opna det ytre volumet! Volum oppretting kan ikkje halde fram.</string>
    <string lang="nn" key="CANT_MOUNT_OUTER_VOL">Feil: Kan ikkje montera det ytre volumet! Volum oppretting kan ikkje halde fram.</string>
    <string lang="nn" key="CANT_GET_CLUSTER_BITMAP">Feil: Kan ikkje skaffa volum cluster bitmap! Volum oppretting kan ikkje halde fram.</string>
    <string lang="nn" key="ALPHABETICAL_CATEGORIZED">Alfabetisk/Kategorisert</string>
    <string lang="nn" key="MEAN_SPEED">Gjennomsnits fart (Synkande)</string>
    <string lang="nn" key="ALGORITHM">Algoritme</string>
    <string lang="nn" key="ENCRYPTION">Kryptering</string>
    <string lang="nn" key="DECRYPTION">Dekryptering</string>
    <string lang="nn" key="MEAN">Hovud</string>
    <string lang="nn" key="DRIVE">St</string>
    <string lang="nn" key="VOLUME">Volum</string>
    <string lang="nn" key="SIZE">Storleik</string>
    <string lang="nn" key="ENCRYPTION_ALGORITHM">Krypt Algoritme</string>
    <string lang="en" key="ENCRYPTION_ALGORITHM_LV">Encryption algorithm</string>
    <string lang="nn" key="TYPE">Type</string>
    <string lang="nn" key="VALUE">Verdi</string>
    <string lang="nn" key="PROPERTY">Eigneskapar</string>
    <string lang="nn" key="LOCATION">Lokalitet</string>
    <string lang="nn" key="BYTES">byte</string>
    <string lang="nn" key="HIDDEN">Skjult</string>
    <string lang="nn" key="OUTER">Ytre</string>
    <string lang="nn" key="NORMAL">Normal</string>
    <string lang="nn" key="READ_ONLY">Skriveverna</string>
    <string lang="nn" key="HIDDEN_VOLUME">Skjult Volum</string>
    <string lang="nn" key="HID_VOL_DAMAGE_PREVENTED">Ja (skade ungått!)</string>
    <string lang="nn" key="NONE">Ingen</string>
    <string lang="nn" key="ACTIVE">Aktiver</string>
    <string lang="nn" key="KEY_SIZE">Nøkkel Storleik</string>
    <string lang="en" key="BITS">bits</string>
    <string lang="nn" key="BLOCK_SIZE">Blokk Størrelse</string>
    <string lang="nn" key="MODE">Modus</string>
    <string lang="nn" key="PKCS5_PRF">PKCS-5 PRF</string>
    <string lang="nn" key="PKCS5_ITERATIONS">PKCS-5 gjenntakings tal</string>
    <string lang="nn" key="VOLUME_CREATE_DATE">Volum Oppretta</string>
    <string lang="nn" key="VOLUME_HEADER_DATE">Header Sist Endra</string>
    <string lang="nn" key="VOLUME_HEADER_DAYS"> (%I64d dagar sidan)</string>
    <string lang="nn" key="FIRST_AVAILABLE">Fyrst tilgjengeleg</string>
    <string lang="nn" key="REMOVABLE">Flyttbar</string>
    <string lang="nn" key="HARDDISK">Harddisk</string>
    <string lang="nn" key="UNCHANGED">Uendra</string>
    <string lang="en" key="AFTER_UPGRADE_RELEASE_NOTES">Do you want to view release notes for the current (latest stable) version of TrueCrypt?</string>
    <string lang="en" key="AFTER_INSTALL_TUTORIAL">If you have never used TrueCrypt before, we recommend that you read the chapter Beginner's Tutorial in the TrueCrypt User Guide. Do you want to view the tutorial?</string>
    <string lang="nn" key="SELECT_INSTALL_DIR">Vel ein installasjonskatalog</string>
    <string lang="nn" key="SETUP_ADMIN">For å installera/avinstallera TrueCrypt må du ha administrator rettigheiter, vill du halda fram?</string>
    <string lang="nn" key="INSTALL_FAILED">Installasjonen har feila!</string>
    <string lang="nn" key="UNINSTALL_FAILED">Avinstalleringen har feila!</string>
    <string lang="en" key="ROLLBACK">The installation has been rolled back.</string>
    <string lang="en" key="INSTALL_OK">TrueCrypt has been successfully installed.</string>
    <string lang="en" key="UNINSTALL_OK">TrueCrypt has been successfully uninstalled.\n\nClick 'Finish' to remove the TrueCrypt installer and the folder %hs. Note that the folder will not be removed if it contains any files that were not installed by the TrueCrypt installer or created by TrueCrypt.</string>
    <string lang="en" key="REMOVING_REG">Removing TrueCrypt registry entries</string>
    <string lang="nn" key="ADDING_REG">Legg til register oppføring</string>
    <string lang="nn" key="REMOVING_APPDATA">Fjernar program spesifikke data</string>
    <string lang="en" key="INSTALLING">Installing</string>
    <string lang="nn" key="COPYING">Kopierer</string>
    <string lang="nn" key="STOPPING">Stoppar</string>
    <string lang="nn" key="REMOVING">Fjernar</string>
    <string lang="en" key="SERVICE">Service</string>
    <string lang="nn" key="ADDING_ICON">Legg til ikon</string>
    <string lang="nn" key="CREATING_SYS_RESTORE">Lag system gjennopprettings punkt</string>
    <string lang="nn" key="FAILED_SYS_RESTORE">Kunne ikkje laga system gjennopprettings punkt!</string>
    <string lang="nn" key="SYS_RESTORE_CREATED">System gjennopprettings punkt laga</string>
    <string lang="nn" key="INSTALL_OF_FAILED">Installasjonen av '%hs' har feila. %hs Vill du halda fram med installasjonen?</string>
    <string lang="nn" key="UNINSTALL_OF_FAILED">Avinstallering av '%hs' har feila. %hs Vill du halda fram med avinstalleringa?</string>
    <string lang="nn" key="INSTALL_COMPLETED">Installasjonen er fullført.</string>
    <string lang="nn" key="CANT_CREATE_FOLDER">Mappe '%hs' kunne ikkje opprettast</string>
    <string lang="en" key="CLOSE_TC_FIRST">The TrueCrypt device driver cannot be unloaded.\n\nPlease close all open TrueCrypt windows first. If it does not help, please restart Windows and then try again.</string>
    <string lang="en" key="DISMOUNT_ALL_FIRST">All TrueCrypt volumes must be dismounted before installing or uninstalling TrueCrypt.</string>
    <string lang="nn" key="REG_INSTALL_FAILED">Installasjonen av register oppføringane har feila</string>
    <string lang="en" key="DRIVER_INSTALL_FAILED">The installation of the device driver has failed. Please restart Windows and then try installing TrueCrypt again.</string>
    <string lang="nn" key="STARTING_DRIVER">Startar TrueCrypt einings drivarane</string>
    <string lang="nn" key="DRIVER_UINSTALL_FAILED">Avinstaleringa av einings drivarane har feila</string>
    <string lang="nn" key="INSTALLING_DRIVER">Installerer TrueCrypt einings drivarane</string>
    <string lang="nn" key="STOPPING_DRIVER">Stoppar TrueCrypt einings drivarane</string>
    <string lang="nn" key="REMOVING_DRIVER">Avinstallerar TrueCrypt einings drivarane</string>
    <string lang="en" key="COM_REG_FAILED">Registration of the User Account Control support library failed.</string>
    <string lang="en" key="COM_DEREG_FAILED">Unregistration of the User Account Control support library failed.</string>
    <string lang="nn" key="OUTER_VOL_WRITE_PREVENTED">Ytre(!)</string>
    <string lang="nn" key="DAYS">dagar</string>
    <string lang="nn" key="HOURS">timar</string>
    <string lang="nn" key="MINUTES">minuttar</string>
    <string lang="nn" key="SECONDS">s</string>
    <string lang="nn" key="OPEN">Opne</string>
    <string lang="nn" key="DISMOUNT">Avmonter</string>
    <string lang="nn" key="SHOW_TC">Vis TrueCrypt</string>
    <string lang="nn" key="HIDE_TC">Skjul TrueCrypt</string>
    <string lang="nn" key="TOTAL_DATA_READ">Data Lest sidan Montering</string>
    <string lang="nn" key="TOTAL_DATA_WRITTEN">Data Skreve sidan Montering</string>
    <string lang="nn" key="FAVORITE_VOLUMES_SAVED">Favoritt volum lagra.</string>
    <string lang="nn" key="ENTER_PASSWORD_FOR">Skriv inn passord for %hs</string>
    <string lang="nn" key="KEYFILE_CREATED">Nøkkelfil har vorte laga.</string>
    <string lang="en" key="VOL_HEADER_BACKED_UP">Volume header backup has been successfully created.\n\nIMPORTANT: Restoring the volume header using this backup will also restore the current volume password. Moreover, if keyfile(s) are/is necessary to mount the volume, the same keyfile(s) will be necessary to mount the volume again when the volume header is restored.\n\nWARNING: This volume header backup may be used to restore the header ONLY of this particular volume. If you use this header backup to restore a header of a different volume, you will be able to mount the volume, but you will NOT be able to decrypt any data stored in the volume (because you will change its master key).</string>
    <string lang="nn" key="VOL_HEADER_RESTORED">Volum header har vorte gjennoppretta.\n\nVIKTIG: Merk deg att eit gammalt passord  kan ha vorte gjennoppretta og</string>
    <string lang="nn" key="CONFIRM_VOL_HEADER_BAK">Er du sikker på att du vill laga volum header sikkerheits kopi av %hs ?\n\nEtter att du trykkjer Ja, vill du verta spurd om eit filnamn for header sikkerheits kopien. Både standard volum header og ommråde kor det skulte volum headers er lagra vill verta sikkerheits koppiert (kopiert til sikkerheits kopi fila), sjølv om det ikkje er noko skjult volum innanfor dette volumet (for å ivareta den antakelege tilgangs nekten).</string>
    <string lang="nn" key="CONFIRM_VOL_HEADER_RESTORE">Er du sikker på att du vill gjennoppretta volum header av %hs ?\n\nADVARSEL: Gjennoppretting av ein volume header gjennopprettar og volum passordet som var gyldig når sikkerheits kopien vart laga.\n\nEtter att du har trykt Ja, skal du velja header sikkerheits kopi fila.</string>
    <string lang="en" key="HEADER_RESTORE_TYPE">Please select the type of TrueCrypt volume whose header you want to restore:</string>
    <string lang="en" key="RESTORE_NORMAL_VOLUME_HEADER">Restore header of standard volume</string>
    <string lang="en" key="RESTORE_HIDDEN_VOLUME_HEADER">Restore header of hidden volume</string>
    <string lang="nn" key="CONFIRM_SAVE_FAVORITE_VOL">Lagre alle noverande monterte volum og deira stasjons bokstavar til Favoritt Volum lista?\n\nLegg merkje til: Vist det ikkje er montert noko volum, vil Favoritt Volum lista bli sletta.</string>
    <string lang="nn" key="DISMOUNT_FIRST">Ver venleg å avmonter volum før du held fram.</string>
    <string lang="nn" key="IDPM_CHECK_FILESYS">Sjekk Filsystem</string>
    <string lang="nn" key="IDPM_REPAIR_FILESYS">Reparer Filsystem</string>
    <string lang="nn" key="IDPM_PROPERTIES">Eigenskapar</string>
    <string lang="nn" key="HIDDEN_VOL_PROTECTION">Vern Skjult Volum</string>
    <string lang="en" key="N_A_UISTR">N/A</string>
    <string lang="nn" key="UISTR_YES">Ja</string>
    <string lang="nn" key="UISTR_NO">Nei</string>
    <string lang="nn" key="MODE_OF_OPERATION">Modus for Operasjon</string>
    <string lang="nn" key="UNSUPPORTED_CHARS_IN_PWD">Feil: Passord kan berre innehalde ASCII teikn.\n\nikkje-ASCII teikn i passord kan føra til att det ikkje vert mogeleg å montera volumet når system konfigen din endrar seg.\n\nFølgjande teken er lov:\n\n  ! " # $ % &amp; ' ( ) * + , - . / 0 1 2 3 4  5 6 7 8 9 : ; &lt; = &gt; ? @ A B C D E F  G H I J K L M N O P Q R S T U V W X  Y Z [ \\ ] ^ _ ` a b c d e f g h i j k l m  n o p q r s t u v w k y z { | } ~</string>
    <string lang="nn" key="UNSUPPORTED_CHARS_IN_PWD_RECOM">Advarsel: Passord inneheld ikkje-ASCII teikn. Dette kan føra til att det ikkje vert mogeleg å montera volumet når system konfigen din endrar seg.\n\nDu bør byta ut alle ikkje-ASCII teken i passordet med ASCII teken. For å gjera det, trykk på 'Volum' -&gt; 'Endre Volum passord'.\n\nFølgjande er ASCII teikn:\n\n  ! " # $ % &amp; ' ( ) * + , - . / 0 1 2 3 4  5 6 7 8 9 : ; &lt; = &gt; ? @ A B C D E F  G H I J K L M N O P Q R S T U V W X  Y Z [ \\ ] ^ _ ` a b c d e f g h i j k l m  n o p q r s t u v w k y z { | } ~</string>
    <string lang="en" key="EXE_FILE_EXTENSION_CONFIRM">WARNING: We recommend that you avoid file extensions that are used for executable files (such as .exe, .sys, or .dll). Using such file extensions often causes Windows and antivirus software to interfere with the container, which adversely affects the performance of the volume and may also cause other serious problems.\n\nContinue?</string>
    <string lang="en" key="EXE_FILE_EXTENSION_MOUNT_WARNING">WARNING: This container has a file extension that is used for executable files (such as .exe, .sys, or .dll). It will very likely cause Windows and antivirus software to interfere with the container, which will adversely affect the performance of the volume and may also cause other serious problems.\n\nWe recommend that you change or remove the file extension of the container (after you dismount the volume).</string>
    <string lang="nn" key="HOMEPAGE">Heimeside</string>
    <string lang="nn" key="LARGE_IDE_WARNING_XP">ADVARSEL: Det ser ut til att du ikkje har installert nokon service pakke til din Windows installasjon. Du skal ikkje skriva til IDE diskar større enn 128 GB under Windows XP som ikkje har SP 1 eller høgare! Vist du gjere det kan data som er på disken (uansett om det er eit TrueCrypt Volum eller ikkje) verta korrupte.  Dette er ein begrensing i Windows, ikkje ein feil i TrueCrypt.</string>
    <string lang="nn" key="LARGE_IDE_WARNING_2K">ADVARSEL: Det ser ut til att du ikkje har installert service pack 2 eller seinare til din Windows installasjon. Du skal ikkje skriva til IDE diskar større enn 128 GB under Windows 2000 som ikkje har installert SP 3 eller høgare! Vist du gjere det kan data som er på disken (uansett om det er eit TrueCrypt Volum eller ikkje) verta korrupte.  Dette er ein begrensing i Windows, ikkje ein feil i TrueCrypt.\n\nMerk: Det kan og hende du må aktivere støtta for 48-bit LBA i Windows registeret; for meir info, sjå http://support.microsoft.com/kb/305098/EN-US</string>
    <string lang="en" key="LARGE_IDE_WARNING_2K_REGISTRY">WARNING: 48-bit LBA ATAPI support is disabled on your system. Therefore, you should not write to IDE disks larger than 128 GB! If you do, data on the disk (no matter if it is a TrueCrypt volume or not) may get corrupted. Note that this is a limitation of Windows, not a limitation of TrueCrypt.\n\nTo enable the 48-bit LBA support, add the 'EnableBigLba' registry value in the registry key HKEY_LOCAL_MACHINE\\SYSTEM\\CurrentControlSet\\Services\\atapi\\Parameters and set it to 1.\n\nFor more information, see http://support.microsoft.com/kb/305098</string>
    <string lang="en" key="VOLUME_TOO_LARGE_FOR_FAT32">Error: Files larger than 4 GB cannot be stored on a FAT32 file system. Therefore, file-hosted TrueCrypt volumes (containers) stored on a FAT32 file system cannot be larger than 4 GB.\n\nIf you need a larger volume, create it on an NTFS file system or, instead of creating a file-hosted volume, encrypt a partition.</string>
    <string lang="en" key="FREE_SPACE_FOR_WRITING_TO_OUTER_VOLUME">WARNING: If you want to be able to add more data/files to the outer volume in future, you should consider choosing a smaller size for the hidden volume.\n\nAre you sure you want to continue with the size you specified?</string>
    <string lang="nn" key="NO_VOLUME_SELECTED">Ingen volum valgt.\n\nKlikk 'Vel Einheit' eller 'Vel Fil' for å velgja eit TrueCrypt volum.</string>
    <string lang="nn" key="CONFIRM_SAVE_DEFAULT_KEYFILES">Er du sikker på att du vill lagra den valte nøkkelfila/stien som standard?\n\nADVARSEL: Vist standard nøkkelfiler er sett og aktivert, vill volum som ikkje brukar desse nøkkelene vera umogeleg å opne. Hugs på og fjern haken i  'Bruk nøkkelfiler' avmerkingsboksen når du monterar slike volum.</string>
    <string lang="nn" key="HK_AUTOMOUNT_DEVICES">Auto monter einheiter</string>
    <string lang="nn" key="HK_DISMOUNT_ALL">Avmonter alle</string>
    <string lang="en" key="HK_WIPE_CACHE">Wipe Cache</string>
    <string lang="nn" key="HK_FORCE_DISMOUNT_ALL_AND_WIPE">Tving avmontering av alle  &amp;  Visk ut snøgglager</string>
    <string lang="nn" key="HK_FORCE_DISMOUNT_ALL_AND_WIPE_AND_EXIT">Tving avmontering av alle,  Visk ut snøgglager  &amp;  Avslutt</string>
    <string lang="nn" key="HK_MOUNT_FAVORITE_VOLUMES">Monter Favoritt Volum</string>
    <string lang="nn" key="HK_SHOW_HIDE_MAIN_WINDOW">Vis/skjul Hovud TrueCrypt vindauga</string>
    <string lang="nn" key="PRESS_A_KEY_TO_ASSIGN">(Klikk her og trykk ein tast)</string>
    <string lang="nn" key="ACTION">Sett i gang</string>
    <string lang="nn" key="SHORTCUT">Snarveg</string>
    <string lang="nn" key="CANNOT_USE_RESERVED_KEY">Feil: Denne snarvegen er reservert. Vel ein annan snarveg.</string>
    <string lang="nn" key="SHORTCUT_ALREADY_IN_USE">Feil: Snarvegen er allereie i bruk.</string>
    <string lang="en" key="HOTKEY_REGISTRATION_ERROR">WARNING: One or more TrueCrypt system-wide hot keys will not work!\n\nPlease make sure that other applications and the operating system do not use the same shortcut(s) as TrueCrypt.</string>
    <string lang="en" key="MOUNTED_VOLUMES_DISMOUNTED">All mounted TrueCrypt volumes have been dismounted.</string>
    <string lang="en" key="MOUNTED_VOLUMES_AUTO_DISMOUNTED">All mounted TrueCrypt volumes have been auto-dismounted.\n\nNote: You can disable or configure auto-dismount in the 'Auto-Dismount' section of the Preferences window (select Settings -&gt; Preferences).</string>
    <string lang="nn" key="DISMOUNT_ALL_ATTEMPT_COMPLETED">Forsøk på å avmontera alle monterte TrueCrypt volum er ferdig.</string>
    <string lang="nn" key="VOLUMES_DISMOUNTED_CACHE_WIPED">Alle monterte TrueCrypt volum har vorte avmontert og passord snøgglager har vorte viska ut.</string>
    <string lang="en" key="CONFIRM_TIMESTAMP_UPDATING">WARNING: If timestamps are not preserved, plausible deniability may be adversely affected!\n\nAre you sure you do not want container timestamps to be preserved?</string>
    <string lang="en" key="CONFIRM_BACKGROUND_TASK_DISABLED">WARNING: If the TrueCrypt Background Task is disabled, the following functions will be disabled whenever you exit TrueCrypt:\n\n1) Hot keys\n2) Auto-dismount (e.g., upon log off, inadvertent host device removal, time-out, etc.)\n3) Notifications (e.g., when damage to hidden volume is prevented)\n4) Tray icon\n\nNote: You may shut down the Background Task anytime by right-clicking the TrueCrypt tray icon and selecting 'Exit'.\n\nAre you sure you want to disable the TrueCrypt Background Task?</string>
    <string lang="nn" key="CONFIRM_NO_FORCED_AUTODISMOUNT">Advarsel: Vist denne mogelegheita vert aktivert, vill ikkje volum som inneheld opne  filer/mapper vera mogeleg å auto-avmontera.\n\nEr du sikker på att du vill deaktivera denne mogelegheita?</string>
    <string lang="nn" key="WARN_PREF_AUTO_DISMOUNT">ADVARSEL:TrueCrypt avsluttar no, følgjande funksjonar vill vera deaktivert når du avluttar TrueCrypt:\n\n1) Snøggtastar 2) Auto-avmontering 3) Meldingar (td. når skade på skult volum er ungått)\n\nMerk: Vist du vill att TrueCrypt skall halda fram med å kjøyra i bakgrunnen etter att du lukkar dette vindauga, deaktiver bakgrunns oppgåve i Innstillingar.\n\nEr du sikker på att du vil halde fram med å avslutta TrueCrypt?</string>
    <string lang="en" key="CONFIRM_EXIT">WARNING: If TrueCrypt exits now, the following functions will be disabled:\n\n1) Hot keys\n2) Auto-dismount (e.g., upon log off, inadvertent host device removal, time-out, etc.)\n3) Notifications (e.g., when damage to hidden volume is prevented)\n\nNote: If you do not wish TrueCrypt to continue running in background after you close its window, disable the Background Task in the Preferences.\n\nAre you sure you want TrueCrypt to exit?</string>
    <string lang="nn" key="HIDVOL_PROT_BKG_TASK_WARNING">ADVARSEL: TrueCrypt Bakgrunns oppgåve er deaktivert. Etter att du avsluttar TrueCrypt, vil du ikkje lenger få melding om skade på skjult volum er ungått.\n\nMerk: Du kan og slå av bakgrunns oppgåva kor tid som helst ved å høgre klikka på TrueCrypt systemstatus felt ikonet og vel 'Avslutt'.\n\n\nAktivera TrueCrypt bakgrunns oppgåve?</string>
    <string lang="nn" key="LANG_PACK_VERSION">Språk pakke versjon:  %s</string>
    <string lang="nn" key="CHECKING_FS">Sjekkar filsystemet på TrueCrypt volumet montert som %hs...</string>
    <string lang="nn" key="REPAIRING_FS">Forsøk på å reparere filsystemet på TrueCrypt volumet montert som har %hs...</string>
    <string lang="en" key="WARN_64_BIT_BLOCK_CIPHER">Warning: This volume is encrypted with a legacy encryption algorithm.\n\nAll 64-bit-block encryption algorithms (e.g., Blowfish, CAST-128, or Triple DES) are deprecated. It will be possible to mount this volume using future versions of TrueCrypt. However, there will be no further enhancements to the implementations of these legacy encryption algorithms. We recommend that you create a new TrueCrypt volume encrypted with a 128-bit-block encryption algorithm (e.g., AES, Serpent, Twofish, etc.) and that you move all files from this volume to the new volume.</string>
    <string lang="nn" key="SYS_AUTOMOUNT_DISABLED">Systemet ditt er ikkje konfigurert for å auto montera nye volum. Det kan vera umogeleg å montera einings verta volum. Auto montering kan aktiverast ved å utføra følgjande kommando og restarta systemet.\n\nmountvol.exe /E</string>
    <string lang="en" key="SYS_ASSIGN_DRIVE_LETTER">Please assign a drive letter to the partition/device before proceeding ('Control Panel' &gt; 'System and Maintenance' &gt; 'Administrative Tools' - 'Create and format hard disk partitions').\n\nNote that this is a requirement of the operating system.</string>
    <string lang="en" key="MOUNT_TC_VOLUME">Mount TrueCrypt volume</string>
    <string lang="en" key="DISMOUNT_ALL_TC_VOLUMES">Dismount all TrueCrypt volumes</string>
    <string lang="en" key="UAC_INIT_ERROR">TrueCrypt failed to obtain Administrator privileges.</string>
    <string lang="en" key="ERR_ACCESS_DENIED">Access was denied by the operating system.\n\nPossible cause: The operating system requires that you have read/write permission (or administrator privileges) for certain folders, files, and devices, in order for you to be allowed to read and write data to/from them. Normally, a user without administrator privileges is allowed to create, read and modify files in his or her Documents folder.</string>
    <string lang="en" key="LARGE_SECTOR_UNSUPPORTED">Error: The selected device uses a sector size other than 512 bytes.\n\nIt is currently not possible to create device-hosted volumes on devices that use a sector size other than 512 bytes. However, note that you can create a file-hosted volume (container) on this device.</string>
    <string lang="nn" key="KEYFILE">Nøkkelfil</string>
    <string lang="en" key="VOLUME_LABEL">Name</string>
    <string lang="nn" key="VKEY_08">Backspace</string>
    <string lang="nn" key="VKEY_09">Tab</string>
    <string lang="nn" key="VKEY_0C">Clear</string>
    <string lang="nn" key="VKEY_0D">Enter</string>
    <string lang="nn" key="VKEY_13">Pause</string>
    <string lang="nn" key="VKEY_14">Caps Lock</string>
    <string lang="nn" key="VKEY_20">mellomrom</string>
    <string lang="nn" key="VKEY_21">Page Up</string>
    <string lang="nn" key="VKEY_22">Page Down</string>
    <string lang="nn" key="VKEY_23">End</string>
    <string lang="nn" key="VKEY_24">Home</string>
    <string lang="nn" key="VKEY_25">Venstre Piltast</string>
    <string lang="nn" key="VKEY_26">Opp Piltast</string>
    <string lang="nn" key="VKEY_27">Høgre Piltast</string>
    <string lang="nn" key="VKEY_28">Ned Piltast</string>
    <string lang="nn" key="VKEY_29">Vel Nøkkel</string>
    <string lang="nn" key="VKEY_2A">Utskrift tast</string>
    <string lang="nn" key="VKEY_2B">Utførings tast</string>
    <string lang="nn" key="VKEY_2C">Print Screen</string>
    <string lang="nn" key="VKEY_2D">Insert</string>
    <string lang="nn" key="VKEY_2E">Delete</string>
    <string lang="nn" key="VKEY_5D">Program Tastar</string>
    <string lang="nn" key="VKEY_5F">Sov</string>
    <string lang="nn" key="VKEY_90">Num Lock</string>
    <string lang="nn" key="VKEY_91">Scroll Lock</string>
    <string lang="nn" key="VKEY_A6">Utforskar Tilbake</string>
    <string lang="nn" key="VKEY_A7">Utforskar Fram</string>
    <string lang="nn" key="VKEY_A8">Utforskar Oppfrisking</string>
    <string lang="nn" key="VKEY_A9">Utforskar Stop</string>
    <string lang="nn" key="VKEY_AA">Utforskar Søk</string>
    <string lang="nn" key="VKEY_AB">Utforskar Favorittar</string>
    <string lang="nn" key="VKEY_AC">Utforskar Heim</string>
    <string lang="nn" key="VKEY_AD">Stille</string>
    <string lang="nn" key="VKEY_AE">Volum Ned</string>
    <string lang="nn" key="VKEY_AF">Volum Opp</string>
    <string lang="nn" key="VKEY_B0">Neste Spor</string>
    <string lang="nn" key="VKEY_B1">Forrige Spor</string>
    <string lang="nn" key="VKEY_B2">Stopp Media</string>
    <string lang="nn" key="VKEY_B3">Spel/Pause Media</string>
    <string lang="nn" key="VKEY_B4">Start E-post Tast</string>
    <string lang="nn" key="VKEY_B5">Vel Media Tast</string>
    <string lang="nn" key="VKEY_B6">Program 1</string>
    <string lang="nn" key="VKEY_B7">Program 2</string>
    <string lang="nn" key="VKEY_F6">Attn</string>
    <string lang="nn" key="VKEY_F7">CrSel</string>
    <string lang="nn" key="VKEY_F8">ExSel</string>
    <string lang="nn" key="VKEY_FA">Spel</string>
    <string lang="nn" key="VKEY_FB">Zoom</string>
    <string lang="nn" key="VK_NUMPAD">NumPad</string>
    <string lang="nn" key="VK_SHIFT">Shift</string>
    <string lang="nn" key="VK_CONTROL">Control</string>
    <string lang="nn" key="VK_ALT">Alt</string>
    <string lang="nn" key="VK_WIN">Win</string>
    <string lang="nn" key="BYTE">B</string>
    <string lang="nn" key="KB">KB</string>
    <string lang="nn" key="MB">MB</string>
    <string lang="nn" key="GB">GB</string>
    <string lang="nn" key="TB">TB</string>
    <string lang="nn" key="PB">PB</string>
    <string lang="nn" key="B_PER_SEC">B/s</string>
    <string lang="nn" key="KB_PER_SEC">KB/s</string>
    <string lang="nn" key="MB_PER_SEC">MB/s</string>
    <string lang="nn" key="GB_PER_SEC">GB/s</string>
    <string lang="nn" key="TB_PER_SEC">TB/s</string>
    <string lang="nn" key="PB_PER_SEC">PB/s</string>
  </localization>
</TrueCrypt>
