﻿<?xml version="1.0" encoding="utf-8"?>
<TrueCrypt>
  <localization prog-version="4.3a">
    <!-- Languages -->
    <language langid="hu" name="Magyar" en-name="Hungarian" version="0.1.0" translators="Nyul Balazs" />
    <!-- Fonts -->
    <font lang="hu" class="normal" size="11" face="default" />
    <font lang="hu" class="bold" size="13" face="Arial" />
    <font lang="hu" class="fixed" size="12" face="Lucida Console" />
    <font lang="hu" class="title" size="21" face="Times New Roman" />
    <!-- Controls -->
    <control lang="hu" key="IDCANCEL">Mégsem</control>
    <control lang="hu" key="IDC_ALL_USERS">Telepítés az összes felhasználónak</control>
    <control lang="hu" key="IDC_BROWSE">&amp;Tallózás...</control>
    <control lang="en" key="IDC_DESKTOP_ICON">Add TrueCrypt icon to &amp;desktop</control>
    <control lang="en" key="IDC_FILE_TYPE">Associate '.tc' file &amp;extension with TrueCrypt</control>
    <control lang="hu" key="IDC_INSTALL">&amp;Telepítés</control>
    <control lang="hu" key="IDC_PROG_GROUP">TrueCrypt hozzáadása a &amp;Start menühöz</control>
    <control lang="hu" key="IDC_SYSTEM_RESTORE">Rendszer visszaállítási pont létrehozása</control>
    <control lang="hu" key="IDC_UNINSTALL">&amp;Program eltávolítása</control>
    <control lang="hu" key="IDD_INSTALL">TrueCrypt Telepítő</control>
    <control lang="hu" key="IDD_UNINSTALL">TrueCrypt eltávolítása</control>
    <control lang="hu" key="IDT_INSTALL_DIR">Telepítés &amp;ide:</control>
    <control lang="hu" key="IDT_INSTALL_OPTIONS">Telepítési Beállítások</control>
    <control lang="hu" key="IDT_UNINSTALL_DIR">TrueCrypt eltávolítása innen:</control>
    <control lang="hu" key="IDC_ABORT_BUTTON">Megszakít</control>
    <control lang="hu" key="IDC_CIPHER_TEST">&amp;Teszt</control>
    <control lang="hu" key="IDC_HIDDEN_VOL">Rejtett Truecrypt kötet létrehozása </control>
    <control lang="hu" key="IDC_HIDDEN_VOL_HELP">Mi a rejtett kötet?</control>
    <control lang="hu" key="IDC_HIDVOL_WIZ_MODE_DIRECT">Rejtett kötet létrehozása létező Truecrypt köteten belül</control>
    <control lang="hu" key="IDC_HIDVOL_WIZ_MODE_FULL">Egy Truecrypt kötet, majd azon belül egy rejtett kötet létrehozása</control>
    <control lang="hu" key="IDC_KB">&amp;KB</control>
    <control lang="en" key="IDC_KEYFILES_ENABLE">U&amp;se keyfiles</control>
    <control lang="en" key="IDC_KEY_FILES">&amp;Keyfiles..</control>
    <control lang="en" key="IDC_LINK_HASH_INFO">Information on hash algorithms</control>
    <control lang="en" key="IDC_LINK_MORE_INFO_ABOUT_CIPHER">More information</control>
    <control lang="hu" key="IDC_MB">&amp;MB</control>
    <control lang="en" key="IDC_NO_HISTORY">Never &amp;save history</control>
    <control lang="hu" key="IDC_OPEN_OUTER_VOLUME">Külső kötet megnyitása</control>
    <control lang="hu" key="IDC_QUICKFORMAT">Gyorsformázás</control>
    <control lang="hu" key="IDC_SELECT_DEVICE">&amp;Eszközt kiválaszt</control>
    <control lang="hu" key="IDC_SELECT_FILE">&amp;Fájl kiválasztása</control>
    <control lang="en" key="IDC_SHOW_PASSWORD">&amp;Display password</control>
    <control lang="en" key="IDC_SHOW_PASSWORD_HIDVOL_HOST">&amp;Display password</control>
    <control lang="hu" key="IDC_STD_VOL">Szabványos TrueCrypt kötet létrehozása</control>
    <control lang="en" key="IDC_WIZ_BENCHMARK">&amp;Benchmark</control>
    <control lang="hu" key="IDD_MKFS_DLG">TrueCrypt Kötet Létrehozás varázsló</control>
    <control lang="hu" key="IDHELP">&amp;Súgó</control>
    <control lang="hu" key="IDT_CLUSTER">Cluster </control>
    <control lang="hu" key="IDT_CONFIRM">&amp;Megerősítés:</control>
    <control lang="hu" key="IDT_DONE">Kész </control>
    <control lang="hu" key="IDT_ENCRYPTION_ALGO">Titkosítási Algoritmus</control>
    <control lang="hu" key="IDT_FILESYSTEM">Fájlrendszer </control>
    <control lang="hu" key="IDT_FORMAT_OPTIONS">Beállítások</control>
    <control lang="hu" key="IDT_HASH_ALGO">Hash Algoritmus</control>
    <control lang="hu" key="IDT_HEADER_KEY">Header Kulcs: </control>
    <control lang="hu" key="IDT_LEFT">Bal </control>
    <control lang="hu" key="IDT_MASTER_KEY">Master Kulcs: </control>
    <control lang="hu" key="IDT_PASSWORD">Jelszó:</control>
    <control lang="hu" key="IDT_RANDOM_POOL">Random Pool: </control>
    <control lang="hu" key="IDT_SPEED">Sebesség </control>
    <control lang="hu" key="IDCLOSE">Bezár</control>
    <control lang="hu" key="IDC_AUTORUN_DISABLE">Ne csináljon semmit</control>
    <control lang="en" key="IDC_AUTORUN_MOUNT">&amp;Auto-mount TrueCrypt volume (specified below)</control>
    <control lang="hu" key="IDC_AUTORUN_START">TrueCrypt &amp;indítása</control>
    <control lang="hu" key="IDC_BROWSE_DIRS">Tallózás...</control>
    <control lang="hu" key="IDC_BROWSE_FILES">Tallózás...</control>
    <control lang="en" key="IDC_CACHE">Cache passwords and keyfil&amp;es in memory</control>
    <control lang="hu" key="IDC_CLOSE_BKG_TASK_WHEN_NOVOL">Lépjen ki ha nincs csatolt kötet</control>
    <control lang="hu" key="IDC_COPY_WIZARD">Tartalmazza a TrueCrypt Kötet Létrehozás Varázslót</control>
    <control lang="hu" key="IDC_CREATE">Létrehoz</control>
    <control lang="hu" key="IDC_CREATE_VOLUME">&amp;Kötet létrehozása</control>
    <control lang="hu" key="IDC_DISMOUNT_CONFIRM_MSG_BOX">Lecsatolás után mutassa a megerősítő üzenetablakot</control>
    <control lang="hu" key="IDC_DISMOUNT_CONFIRM_PLAY_SOUND">Figyelmeztető hang lejátszása csatolás/leválasztás után</control>
    <control lang="hu" key="IDC_ENABLE_KEYFILES">Kulcsfájlok használata</control>
    <control lang="hu" key="IDC_ENABLE_NEW_KEYFILES">Kulcsfájlok használata</control>
    <control lang="hu" key="IDC_EXIT">K&amp;ilépés</control>
    <control lang="hu" key="IDC_HK_MOD_ALT">Alt</control>
    <control lang="hu" key="IDC_HK_MOD_CTRL">Control</control>
    <control lang="hu" key="IDC_HK_MOD_SHIFT">Shift</control>
    <control lang="hu" key="IDC_HK_MOD_WIN">Win</control>
    <control lang="hu" key="IDC_HOTKEY_ASSIGN">Hozzárendel</control>
    <control lang="hu" key="IDC_HOTKEY_REMOVE">Eltávolít</control>
    <control lang="hu" key="IDC_KEYFILES">Kulcsfájlok...</control>
    <control lang="hu" key="IDC_MOUNTALL">&amp;Eszközök auto-csatolása</control>
    <control lang="en" key="IDC_MOUNT_OPTIONS">Mount Opti&amp;ons...</control>
    <control lang="hu" key="IDC_MOUNT_READONLY">Kötet csak &amp;olvasható módú csatolása</control>
    <control lang="hu" key="IDC_NEW_KEYFILES">Kulcsfájlok...</control>
    <control lang="hu" key="IDC_PREFS_HOTKEY_SETTINGS">Gyorsgomb beállítások</control>
    <control lang="hu" key="IDC_PREFS_KEYFILE_SETTINGS">Alapért. kulcsfájlok...</control>
    <control lang="hu" key="IDC_PREF_BKG_TASK_ENABLE">Engedélyezve</control>
    <control lang="hu" key="IDC_PREF_CACHE_PASSWORDS">Jelszavak tárolása a driver memóriájában</control>
    <control lang="hu" key="IDC_PREF_CLOSE_DISMOUNTED_WINDOWS">Lecsatolandó köteteket nyitott Explorer ablakok bezárása</control>
    <control lang="hu" key="IDC_PREF_DISMOUNT_INACTIVE">Kötet leválasztása, ha adatot nem írtak/olvastak róla ennyi ideje:</control>
    <control lang="hu" key="IDC_PREF_DISMOUNT_LOGOFF">Felhasználó kijelentkezik</control>
    <control lang="hu" key="IDC_PREF_DISMOUNT_POWERSAVING">Energiatakarékos módba lépéskor</control>
    <control lang="hu" key="IDC_PREF_DISMOUNT_SCREENSAVER">Képernyővédő elindulásakor</control>
    <control lang="hu" key="IDC_PREF_FORCE_AUTO_DISMOUNT">Auto-leválasztás akkor is ha a kötet nyitott fájlokat tartalmaz</control>
    <control lang="hu" key="IDC_PREF_LOGON_MOUNT_DEVICES">Minden eszközön található TrueCrypt kötet csatolása</control>
    <control lang="hu" key="IDC_PREF_LOGON_MOUNT_FAVORITES">Kedvenc kötetek csatolása</control>
    <control lang="hu" key="IDC_PREF_LOGON_START">TrueCrypt indítása</control>
    <control lang="hu" key="IDC_PREF_MOUNT_READONLY">Kötetek csak olvasható csatolása</control>
    <control lang="hu" key="IDC_PREF_MOUNT_REMOVABLE">Kötetek csatolása cserélhető lemezként</control>
    <control lang="hu" key="IDC_PREF_OPEN_EXPLORER">Sikeresen csatolt kötet Explorerben való megnyitása</control>
    <control lang="hu" key="IDC_PREF_WIPE_CACHE_ON_AUTODISMOUNT">Tárolt jelszavak törlése auto-leválasztáskor</control>
    <control lang="hu" key="IDC_PREF_WIPE_CACHE_ON_EXIT">Tárolt jelszavak törlése kilépéskor</control>
    <control lang="en" key="IDC_PRESERVE_TIMESTAMPS">Preserve timestamps of file containers</control>
    <control lang="hu" key="IDC_RESET_HOTKEYS">Reset</control>
    <control lang="en" key="IDC_SHOW_PASSWORD_CHPWD_NEW">Display password</control>
    <control lang="en" key="IDC_SHOW_PASSWORD_CHPWD_ORI">Display password</control>
    <control lang="hu" key="IDC_TRAVEL_OPEN_EXPLORER">&amp;Explorer ablak nyitása a csatolt kötethez</control>
    <control lang="hu" key="IDC_TRAV_CACHE_PASSWORDS">&amp;Jelszó tárolása a driver memóriájában</control>
    <control lang="hu" key="IDC_UNMOUNTALL">M&amp;inden lecsatolása</control>
    <control lang="hu" key="IDC_VOLUME_PROPERTIES">&amp;Kötet Tulajdonságok...</control>
    <control lang="hu" key="IDC_VOLUME_TOOLS">Kötet &amp;Eszközök...</control>
    <control lang="hu" key="IDC_WIPE_CACHE">&amp;Cache ürítés</control>
    <control lang="hu" key="IDD_HOTKEYS_DLG">TrueCrypt - Rendszer szintű gyorsgombok</control>
    <control lang="hu" key="IDD_MOUNT_DLG">TrueCrypt</control>
    <control lang="hu" key="IDD_PASSWORDCHANGE_DLG">Kötet jelszavának és kulcsfájljainak módosítása</control>
    <control lang="hu" key="IDD_PASSWORD_DLG">TrueCrypt Kötet Jelszavának Megadása</control>
    <control lang="hu" key="IDD_PREFERENCES_DLG">TrueCrypt - Beállítások</control>
    <control lang="hu" key="IDD_TRAVELLER_DLG">TrueCrypt Utazó Lemez Beállítások</control>
    <control lang="hu" key="IDD_VOLUME_PROPERTIES">TrueCrypt Kötet Tulajdonságok</control>
    <control lang="hu" key="IDM_ABOUT">Rólunk...</control>
    <control lang="en" key="IDM_ADD_REMOVE_VOL_KEYFILES">Add/Remove Keyfiles to/from Volume...</control>
    <control lang="en" key="IDM_BACKUP_VOL_HEADER">Backup Volume Header...</control>
    <control lang="hu" key="IDM_BENCHMARK">Benchmark...</control>
    <control lang="hu" key="IDM_BUGREPORT">Bug jelentése...</control>
    <control lang="en" key="IDM_CHANGE_HEADER_KEY_DERIV_ALGO">Set Header Key Derivation Algorithm...</control>
    <control lang="hu" key="IDM_CHANGE_PASSWORD">Kötet jelszó megváltoztatása...</control>
    <control lang="hu" key="IDM_CLEAR_HISTORY">Kötet history törlése</control>
    <control lang="hu" key="IDM_CONTACT">Kapcsolat...</control>
    <control lang="hu" key="IDM_CREATE_VOLUME">Új kötet létrehozása...</control>
    <control lang="hu" key="IDM_DEFAULT_KEYFILES">Alap. kulcsfájlok...</control>
    <control lang="en" key="IDM_DONATIONS">Donations...</control>
    <control lang="hu" key="IDM_EXIT">Kilépés</control>
    <control lang="hu" key="IDM_FAQ">Gyakran Ismételt Kérdések</control>
    <control lang="hu" key="IDM_FORUMS">Fórumok</control>
    <control lang="hu" key="IDM_GENERATE_KEYFILE">Random kulcsfájl generálása..</control>
    <control lang="hu" key="IDM_HELP">User's Guide</control>
    <control lang="hu" key="IDM_HOMEPAGE">&amp;Honlap </control>
    <control lang="hu" key="IDM_HOTKEY_SETTINGS">Gyors billentyűk...</control>
    <control lang="hu" key="IDM_KEYFILE_GENERATOR">Kulcsfájl Generátor</control>
    <control lang="hu" key="IDM_LANGUAGE">Nyelv...</control>
    <control lang="hu" key="IDM_LICENSE">Jogi Nyilatkozat</control>
    <control lang="hu" key="IDM_MOUNTALL">Az eszközön levő összes kötet auto-cstolása</control>
    <control lang="hu" key="IDM_MOUNT_FAVORITE_VOLUMES">Kedvenc kötetek csatolása</control>
    <control lang="hu" key="IDM_MOUNT_VOLUME">Kötet csatolása</control>
    <control lang="hu" key="IDM_MOUNT_VOLUME_OPTIONS">Kötet csatolása beállításokkal</control>
    <control lang="hu" key="IDM_NEWS">Hírek</control>
    <control lang="en" key="IDM_ONLINE_HELP">Online Help</control>
    <control lang="en" key="IDM_ONLINE_TUTORIAL">Beginner's Tutorial</control>
    <control lang="hu" key="IDM_PREFERENCES">Beállítások...</control>
    <control lang="hu" key="IDM_REFRESH_DRIVE_LETTERS">Meghajtó betüjelek frissítése</control>
    <control lang="hu" key="IDM_REMOVE_ALL_KEYFILES_FROM_VOL">Az összes kulcsfájl eltávolítása a kötetből...</control>
    <control lang="hu" key="IDM_RESTORE_VOL_HEADER">Kötet fejrész visszaállítása...</control>
    <control lang="hu" key="IDM_SAVE_FAVORITE_VOLUMES">A most felcsatolt eszközök hozzáadása a Kedvencekhez</control>
    <control lang="hu" key="IDM_SELECT_DEVICE">Eszköz választása...</control>
    <control lang="hu" key="IDM_SELECT_FILE">Fájl kiválasztása...</control>
    <control lang="hu" key="IDM_SET_DEFAULT_KEYFILES">Alap. kulcsfájlok/útvonalak beállítása...</control>
    <control lang="hu" key="IDM_TC_DOWNLOADS">Letöltések</control>
    <control lang="hu" key="IDM_TEST_VECTORS">Test Vectors...</control>
    <control lang="hu" key="IDM_TRAVELLER">Utazó lemez beállítások...</control>
    <control lang="hu" key="IDM_UNMOUNTALL">Az összes felcsatolt kötet leválasztása</control>
    <control lang="hu" key="IDM_UNMOUNT_VOLUME">Kötet leválasztása</control>
    <control lang="hu" key="IDM_VERSION_HISTORY">Verzió történet</control>
    <control lang="hu" key="IDM_VOLUME_PROPERTIES">Kötet tulajdonságok</control>
    <control lang="hu" key="IDM_VOLUME_WIZARD">Kötet létrehozás varázsló</control>
    <control lang="hu" key="IDM_WEBSITE">TrueCrypt Honlap</control>
    <control lang="hu" key="IDM_WIPE_CACHE">Tárolt jelszavak ürítése</control>
    <control lang="hu" key="IDOK">OK</control>
    <control lang="hu" key="IDT_ASSIGN_HOTKEY">Shortcut</control>
    <control lang="hu" key="IDT_AUTORUN">AutoRun konfiguráció (autorun.inf)</control>
    <control lang="hu" key="IDT_AUTO_DISMOUNT">Auto-Leválasztás</control>
    <control lang="hu" key="IDT_AUTO_DISMOUNT_ON">Minden kötet lecsatolása ha:</control>
    <control lang="hu" key="IDT_CONFIRM_PASSWORD">Jelszó megerősítése:</control>
    <control lang="hu" key="IDT_CURRENT">Aktuális</control>
    <control lang="hu" key="IDT_DEFAULT_MOUNT_OPTIONS">Alapértelmezett csatolási beállítások</control>
    <control lang="hu" key="IDT_DISMOUNT_ACTION">Gyorsgomb beállítások</control>
    <control lang="hu" key="IDT_FILE_SETTINGS">Fájl beállítások</control>
    <control lang="hu" key="IDT_HOTKEY_KEY">Hozzárendelendő gomb:</control>
    <control lang="hu" key="IDT_LOGON">Windowsba bejelentkezéskor elvégzendő műveletek</control>
    <control lang="hu" key="IDT_MINUTES">perc</control>
    <control lang="hu" key="IDT_MOUNT_LETTER">Kötet csatolása mint ez a meghajtó betűjel:</control>
    <control lang="hu" key="IDT_MOUNT_SETTINGS">Csatolási Beállítások</control>
    <control lang="hu" key="IDT_NEW">Új</control>
    <control lang="hu" key="IDT_NEW_PASSWORD">Jelszó:</control>
    <control lang="en" key="IDT_PKCS5_PRF">PKCS-5 PRF:</control>
    <control lang="hu" key="IDT_PW_CACHE_OPTIONS">Jelszó Cache</control>
    <control lang="hu" key="IDT_TASKBAR_ICON">TrueCrypt háttérben futó taszk</control>
    <control lang="hu" key="IDT_TRAVELLER_MOUNT">Csatolandó TrueCrypt kötet (relatív út az utazó lemez gyökeréhez):</control>
    <control lang="hu" key="IDT_TRAVEL_INSERTION">Utazó lemez beillesztésekor: </control>
    <control lang="hu" key="IDT_TRAVEL_ROOT">Utazó lemez fájlok létrehozása (utazó lemez gyökér könyvtára):</control>
    <control lang="hu" key="IDT_VOLUME">Kötet</control>
    <control lang="hu" key="IDT_WINDOWS_RELATED_SETTING">Windows</control>
    <control lang="en" key="IDC_ADD_KEYFILE_PATH">Add &amp;Path...</control>
    <control lang="hu" key="IDC_AUTO">&amp;Auto-Test All</control>
    <control lang="hu" key="IDC_DECRYPT">&amp;Kikódol</control>
    <control lang="en" key="IDC_DISPLAY_POOL_CONTENTS">Display pool content</control>
    <control lang="en" key="IDC_DONATIONS">Donations...</control>
    <control lang="hu" key="IDC_ENCRYPT">&amp;Titkosít</control>
    <control lang="hu" key="IDC_GENERATE_AND_SAVE_KEYFILE">Kulcsfájl generálása és mentése...</control>
    <control lang="en" key="IDC_GENERATE_KEYFILE">&amp;Generate Random Keyfile...</control>
    <control lang="en" key="IDC_GET_LANG_PACKS">Download language pack</control>
    <control lang="en" key="IDC_KEYADD">Add &amp;File...</control>
    <control lang="en" key="IDC_KEYFILES_ENABLE_HIDVOL_PROT">U&amp;se keyfiles</control>
    <control lang="hu" key="IDC_KEYFILES_HIDVOL_PROT">&amp;Kulcsfájlok...</control>
    <control lang="en" key="IDC_KEYREMOVE">&amp;Remove</control>
    <control lang="en" key="IDC_KEYREMOVEALL">Remove &amp;All</control>
    <control lang="en" key="IDC_LINK_HIDVOL_PROTECTION_INFO">What is hidden volume protection?</control>
    <control lang="en" key="IDC_LINK_KEYFILES_INFO">What is a keyfile?</control>
    <control lang="en" key="IDC_LRW_INDEX_LSB">Least significant bit first</control>
    <control lang="en" key="IDC_LRW_MODE_ENABLED">LRW mode</control>
    <control lang="hu" key="IDC_MOUNT_REMOVABLE">Kötet csatolása eltávolítható &amp;médiaként</control>
    <control lang="hu" key="IDC_PERFORM_BENCHMARK">Benchmark</control>
    <control lang="hu" key="IDC_PROTECT_HIDDEN_VOL">&amp;Rejtett kötet védelme a külső kötetre történő írás miatt előfordulható sérüléstől</control>
    <control lang="hu" key="IDC_RESET">&amp;Reset</control>
    <control lang="en" key="IDC_SHOW_PASSWORD_MO">&amp;Display password</control>
    <control lang="hu" key="IDD_ABOUT_DLG">A TrueCrypt-ről</control>
    <control lang="hu" key="IDD_BENCHMARK_DLG">TrueCrypt - Titkosítási Algoritmus Sebességteszt</control>
    <control lang="en" key="IDD_CIPHER_TEST_DLG">TrueCrypt - Test Vectors</control>
    <control lang="hu" key="IDD_COMMANDHELP_DLG">Parancssoros súgó</control>
    <control lang="hu" key="IDD_KEYFILES">TrueCrypt - Kulcsfájlok</control>
    <control lang="hu" key="IDD_KEYFILE_GENERATOR">TrueCrypt - Kulcsfájl Generátor</control>
    <control lang="hu" key="IDD_LANGUAGE">TrueCrypt - Nyelv</control>
    <control lang="hu" key="IDD_LEGAL_NOTICES_DLG">TrueCrypt - Jogi Nyilatkozat</control>
    <control lang="hu" key="IDD_MOUNT_OPTIONS">TrueCrypt - Csatolási Beállítások</control>
    <control lang="hu" key="IDD_RAWDEVICES_DLG">Partíció vagy Eszköz választása</control>
    <control lang="hu" key="IDT_ACTIVE_LANG_PACK">Aktív nyelvi csomag</control>
    <control lang="hu" key="IDT_BOX_BENCHMARK_INFO">A sebesség a CPU terheltségétől és a háttértár karakterisztikájától függ.\n\nEzek a tesztek a RAM-ban futnak.</control>
    <control lang="hu" key="IDT_BUFFER_SIZE">Buffer méret:</control>
    <control lang="en" key="IDT_CIPHER">Cipher:</control>
    <control lang="hu" key="IDT_HIDDEN_PROT_PASSWD">J&amp;elszó a rejtett kötethez:\n(ha üres, a cache lesz használva)</control>
    <control lang="hu" key="IDT_HIDDEN_VOL_PROTECTION">Rejtett-kötet védelem</control>
    <control lang="hu" key="IDT_KEY">Kulcs méret:</control>
    <control lang="hu" key="IDT_KEYFILE_GENERATOR_NOTE">Mozgassa az egeret az ablakon belül! Minél tovább mozgatja az egeret, annál jobb.</control>
    <control lang="en" key="IDT_KEYFILE_WARNING">WARNING: If you lose a keyfile or if any bit of its first 1024 kilobytes changes, it will be impossible to mount volumes that use the keyfile!</control>
    <control lang="hu" key="IDT_KEY_UNIT">bit</control>
    <control lang="hu" key="IDT_LANGPACK_AUTHORS">Fordította:</control>
    <control lang="en" key="IDT_LRW_BLOCK_INDEX">Block index (hexadecimal)</control>
    <control lang="en" key="IDT_LRW_KEY">Secondary key (hexadecimal)</control>
    <control lang="en" key="IDT_LRW_MODE">LRW mode</control>
    <control lang="hu" key="IDT_PLAINTEXT">Szöveg méret:</control>
    <control lang="hu" key="IDT_PLAINTEXT_SIZE_UNIT">bit</control>
    <control lang="hu" key="IDT_POOL_CONTENTS">Aktuális Pool tartalom</control>
    <control lang="hu" key="IDT_PRF">Mixing PRF:</control>
    <control lang="hu" key="IDT_SORT_METHOD">Rendezés módja:</control>
    <control lang="hu" key="IDT_TEST_CIPHERTEXT">Titkosított szöveg (hexadecimális)</control>
    <control lang="hu" key="IDT_TEST_KEY">Kulcs (hexadecimális)</control>
    <control lang="hu" key="IDT_TEST_PLAINTEXT">Szöveg (hexadecimális)</control>
    <control lang="hu" key="IDT_KEYFILES_NOTE">Bármilyen típusú fájlt (például .mp3, .jpg, .zip, .avi) lehet használni TrueCrypt kulcsfájlnak. Megjegyezzük, hogy a TrueCrypt sohasem módosítja a kulcsfájlok tartalmát. Választhat több mint egy kulcsfájlt is (a sorrend nem számít). Ha egy egész könyvtárat hozzáad, akkor az összes fájl ami benne található kulcsfájlként lesz használva.</control>
    <control lang="hu" key="IDT_TEST_CONFIG">Titkosítási konfiguráció (minden méret byte-ban van)</control>
    <control lang="en" key="IDD_PCDM_CHANGE_PKCS5_PRF">Set Header Key Derivation Algorithm</control>
    <control lang="en" key="IDD_PCDM_ADD_REMOVE_VOL_KEYFILES">Add/Remove Keyfiles to/from Volume</control>
    <control lang="en" key="IDD_PCDM_REMOVE_ALL_KEYFILES_FROM_VOL">Remove All Keyfiles from Volume</control>
    <control lang="hu" key="IDT_EXPLORER_OPTIONS">Windows Explorer</control>
    <control lang="hu" key="IDC_BROWSE_KEYFILES">Tallózás...</control>
    <control lang="hu" key="IDD_KEYFILE_GENERATOR_DLG">TrueCrypt - Kulcsfile Generátor</control>
    <control lang="hu" key="IDT_LICENSE">Licensz:</control>
    <control lang="en" key="IDT_UNINSTALL_INFO">No TrueCrypt volume will be deleted. The registry entries at HKLM\\SYSTEM\\ControlSet001\\Enum\\Root\\LEGACY_TRUECRYPT cannot be removed as Windows does not allow their deletion.</control>
    <control lang="hu" key="MENU_FILE">Fájl</control>
    <control lang="en" key="MENU_VOLUMES">&amp;Volumes</control>
    <control lang="en" key="MENU_KEYFILES">&amp;Keyfiles</control>
    <control lang="en" key="MENU_TOOLS">T&amp;ools</control>
    <control lang="en" key="MENU_SETTINGS">Setti&amp;ngs</control>
    <control lang="en" key="MENU_HELP">&amp;Help</control>
    <control lang="en" key="MENU_WEBSITE">   Home&amp;page   </control>
    <!-- Strings -->
    <string lang="hu" key="ABOUTBOX">&amp;Rólunk...</string>
    <string lang="en" key="ACCESSMODEFAIL">The read-only attribute on your old volume could not be changed. Please check the file access permissions.</string>
    <string lang="hu" key="ACCESS_DENIED">Hiba: Belépés megtagadva.\n\nA partíció amihez hozzá próbált hozzéférni vagy 0 szektor hosszú, vagy az a boot eszköz.</string>
    <string lang="en" key="ADMIN_PRIVILEGES_DRIVER">In order to load the TrueCrypt driver, you need to be logged into an account with administrator privileges.</string>
    <string lang="en" key="ADMIN_PRIVILEGES_WARN_DEVICES">Please note that in order to encrypt/format a partition/device you need to be logged into an account with administrator privileges.\n\nThis does not apply to file-hosted volumes.</string>
    <string lang="en" key="ADMIN_PRIVILEGES_WARN_HIDVOL">In order to create a hidden volume you need to be logged into an account with administrator privileges.\n\nContinue?</string>
    <string lang="en" key="ADMIN_PRIVILEGES_WARN_NTFS">Please note that in order to format the volume as NTFS you need to be logged into an account with administrator privileges.\n\nWithout administrator privileges, you can format the volume as FAT.</string>
    <string lang="en" key="AES_HELP">FIPS-approved cipher (Rijndael, published in 1998) that may be used by U.S. government departments and agencies to protect classified information up to the Top Secret level. 256-bit key, 128-bit block, 14 rounds (AES-256). Mode of operation is LRW.</string>
    <string lang="hu" key="ALREADY_MOUNTED">A kötet már fel van csatolva.</string>
    <string lang="en" key="ERR_SELF_TESTS_FAILED">CAUTION: At least one encryption or hash algorithm failed the built-in automatic self-tests!\n\nTrueCrypt installation may be corrupted.</string>
    <string lang="en" key="ERR_NOT_ENOUGH_RANDOM_DATA">CAUTION: There is not enough data in the Random Number Generator pool to provide the requested amount of random data.\n\nYou should not proceed any further. Please select 'Report a Bug' from the Help menu, and report this error.</string>
    <string lang="hu" key="BAD_DRIVE_LETTER">Hibás meghajtó betüjel.</string>
    <string lang="hu" key="CANCEL">Mégsem</string>
    <string lang="hu" key="CANNOT_CALC_SPACE">Az eszköz nem hozzáférhető. Kérem bizonyosodjon meg róla, hogy a kiválasztott eszköz létezik és nincs használatban.</string>
    <string lang="hu" key="CAPSLOCK_ON">Figyelem: CapsLock bekapcsolva. Ez azt eredményezheti hogy hibásan irja be a jelszavát.</string>
    <string lang="en" key="CIPHER_HIDVOL_HOST_TITLE">Outer Volume Encryption Options</string>
    <string lang="hu" key="CIPHER_HIDVOL_TITLE">Rejtett kötet titkosításának beállításai</string>
    <string lang="hu" key="CIPHER_TITLE">Titkosítási beállítások</string>
    <string lang="en" key="CLEAN_WINMRU_FAILED">WARNING: Failed to clear the path of the last selected volume/keyfile (remembered by file selector)!</string>
    <string lang="en" key="COMPRESSION_NOT_SUPPORTED">Error: The container has been compressed at the filesystem level. TrueCrypt does not support compressed containers (note that compression of encrypted data is ineffective and redundant).\n\nPlease disable compression for the container by following these steps:\n1) Right-click the container in Windows Explorer (not in TrueCrypt).\n2) Select 'Properties'.\n3) In the 'Properties' dialog box, click 'Advanced'.\n4) In the 'Advanced Attributes' dialog box, disable the option 'Compress contents to save disk space' and click 'OK'.\n5) In the 'Properties' dialog box, click 'OK'.</string>
    <string lang="hu" key="CREATE_FAILED">Kötet létrehozás sikertelen: %hs</string>
    <string lang="en" key="DEVICE_FREE_BYTES">Size of %hs is %.2f bytes</string>
    <string lang="en" key="DEVICE_FREE_GB">Size of %hs is %d GB</string>
    <string lang="en" key="DEVICE_FREE_KB">Size of %hs is %.2f KB</string>
    <string lang="en" key="DEVICE_FREE_MB">Size of %hs is %.2f MB</string>
    <string lang="en" key="DEVICE_FREE_PB">Size of %hs is %d PB</string>
    <string lang="en" key="DEVICE_FREE_TB">Size of %hs is %d TB</string>
    <string lang="en" key="DEVICE_IN_USE">WARNING: Device/partition is already in use!\n\nIgnoring this can cause undesired results including system instability. All applications that might be using the device/partition should be closed before mounting the volume.\n\nContinue with mounting?</string>
    <string lang="en" key="DEVICE_IN_USE_FORMAT">WARNING: The device/partition is in use by the operating system or applications. Formatting the device/partition might cause data corruption and system instability.\n\nContinue?</string>
    <string lang="en" key="FORMAT_CANT_DISMOUNT_FILESYS">Error: The device/partition contains a file system that could not be dismounted. The file system may be in use by the operating system. Formatting the device/partition would very likely cause data corruption and system instability.\n\nTo solve this issue, we recommend that you first delete the partition and then recreate it without formatting. To do so, follow these steps:\n1) Right-click the 'Computer' (or 'My Computer') icon in the 'Start Menu' and select 'Manage'. The 'Computer Management' window should appear.\n2) In the 'Computer Management' window, select 'Storage' &gt; 'Disk Management'.\n3) Right-click the partition you want to encrypt and select either 'Delete Partition', or 'Delete Volume', or 'Delete Logical Drive'.\n4) Click 'Yes'. If Windows asks you to restart the computer, do so. Then repeat the steps 1 and 2 and continue from the step 5.\n5) Right-click the unallocated/free space area and select either 'New Partition', or 'New Simple Volume', or 'New Logical Drive'.\n6) The 'New Partition Wizard' or 'New Simple Volume Wizard' window should appear now; follow its instructions. On the wizard page entitled 'Format Partition', select either 'Do not format this partition' or 'Do not format this volume'. In the same wizard, click 'Next' and then 'Finish'.\n7) Note that the device path you have selected in TrueCrypt may be wrong now. Therefore, exit the TrueCrypt Volume Creation Wizard (if it is still running) and then start it again.\n8) Try encrypting the device/partition again.\n\nIf TrueCrypt repeatedly fails to encrypt the device/partition, you may want to consider creating a file container instead.</string>
    <string lang="en" key="DEVICE_IN_USE_INFO">WARNING: Some of the mounted devices/partitions were already in use!\n\nIgnoring this can cause undesired results including system instability.\n\nWe strongly recommend that you close any application that might be using the devices/partitions.</string>
    <string lang="en" key="DEVICE_PARTITIONS_ERR">The selected device contains partitions.\n\nFormatting the device might cause system instability and/or data corruption. Please either select a partition on the device, or remove all partitions on the device to enable TrueCrypt to format it safely.</string>
    <string lang="en" key="WHOLE_DEVICE_WARNING">IMPORTANT: If you encrypt the entire device, the operating system will consider the device as new and unformatted (as it will contain no partition table). This will make the volume susceptible to accidental initialization, which may cause it to be impossible to mount.\n\nIt is preferable to create a partition on the device and encrypt the partition instead.\n\nAre you sure want to encrypt the entire device?</string>
    <string lang="en" key="WHOLE_DEVICE_NOTE">IMPORTANT: Keep in mind to answer 'No', whenever Windows asks you whether you want to initialize this device (even if Windows tells you that you must do so). Otherwise, you may damage the volume and make it impossible to mount.\n\nWe also recommend that you backup the volume header after the volume is created (Tools -&gt; Backup Volume Header).</string>
    <string lang="en" key="AFTER_FORMAT_DRIVE_LETTER_WARN">IMPORTANT: Please keep in mind that this partition/device can NOT be mounted using the drive letter %c:, which is currently assigned to it!\n\nTo mount this partition/device, click 'Auto-Mount Devices' in the main TrueCrypt window. Alternatively, in the main TrueCrypt window, click 'Select Device', then select this partition/device, and click 'Mount'. The partition/device will be mounted to a different drive letter, which you will select from the list in the main TrueCrypt window.\n\nThe original drive letter %c: should be used only in case you need to remove encryption from the partition/device (e.g., if you no longer need encryption). In such a case, right-click the drive letter %c: in the 'Computer' (or 'My Computer') list and select 'Format'. Otherwise, the drive letter %c: should never be used (unless you remove it and assign it to another partition/device).</string>
    <string lang="en" key="DISK_FREE_BYTES">Free space on drive %hs is %.2f bytes.</string>
    <string lang="en" key="DISK_FREE_GB">Free space on drive %hs is %d GB.</string>
    <string lang="en" key="DISK_FREE_KB">Free space on drive %hs is %.2f KB.</string>
    <string lang="en" key="DISK_FREE_MB">Free space on drive %hs is %.2f MB.</string>
    <string lang="en" key="DISK_FREE_PB">Free space on drive %hs is %d PB.</string>
    <string lang="en" key="DISK_FREE_TB">Free space on drive %hs is %d TB.</string>
    <string lang="en" key="DRIVELETTERS">Could not get available drive letters.</string>
    <string lang="en" key="DRIVER_NOT_FOUND">TrueCrypt driver not found!\n\nPlease copy files 'truecrypt.sys' and 'truecrypt-x64.sys' to the same directory where the application is located.</string>
    <string lang="en" key="DRIVER_VERSION">An incompatible version of the TrueCrypt device driver is currently running.\n\nRequired version: TrueCrypt %hs</string>
    <string lang="en" key="ERR_CIPHER_INIT_FAILURE">Error: Cipher initialization failure.</string>
    <string lang="en" key="ERR_CIPHER_INIT_WEAK_KEY">Error: A weak or a potentially weak key has been detected. The key will be discarded. Please try again.</string>
    <string lang="en" key="EXCEPTION_REPORT">A critical error has occured and TrueCrypt must be terminated. If this is caused by a bug in TrueCrypt, we would like to fix it. To help us, you can send us an automatically generated error report containing the following items:\n\n- Program version\n- Operating system version\n- TrueCrypt component name\n- Checksum of TrueCrypt executable\n- TrueCrypt dialog identifier\n- Error category\n- Error address\n- TrueCrypt call stack\n\nIf you select 'Yes', the following URL (which contains the entire error report) will be opened in your default Internet browser (note that in some cases this may take up to 30 seconds).\n\n%hs\n\nDo you want to send us the above error report?</string>
    <string lang="en" key="EXCEPTION_REPORT_EXT">A critical error has occured in your system which caused that TrueCrypt must be terminated.\n\nNote that this error has not been caused by TrueCrypt (so the TrueCrypt developers cannot fix it). Please, check your system for possible problems (e.g., system configuration, network connection, failing hardware components).</string>
    <string lang="en" key="EXCEPTION_REPORT_TITLE">TrueCrypt Critical Error</string>
    <string lang="en" key="EXIT">Exit</string>
    <string lang="en" key="EXT_PARTITION">Please create a logical drive for this extended partition, and then try again.</string>
    <string lang="en" key="FILE_HELP">You can create file-hosted volumes or encrypt entire hard disk partitions, floppy disks, USB memory sticks, and other storage devices. Click 'Select File...' to specify the name and path of the file to be created to host the new volume, or click 'Select Device...' to choose a partition or device to encrypt.\n\nWarning: If you encrypt a partition or a device, all data currently stored on the partition or the device will be erased.</string>
    <string lang="en" key="FILE_HELP_HIDDEN_HOST_VOL">Select the location of the outer volume to be created (within this volume the hidden volume will be created later on).\n\nYou can create file-hosted volumes or encrypt entire hard disk partitions, floppy disks, and other media. Click Select File to specify name and path of the file to be created to host the new volume, or click Select Device to choose a partition or device to encrypt.\n\nIf you encrypt a partition or device, all data currently stored on the partition or the device will be erased.</string>
    <string lang="en" key="FILE_HELP_HIDDEN_HOST_VOL_DIRECT">Select the location of the TrueCrypt volume within which you wish to create a hidden volume.</string>
    <string lang="en" key="FILE_IN_USE">WARNING: The host file/device is already in use!\n\nIgnoring this can cause undesired results including system instability. All applications that might be using the host file/device should be closed before mounting the volume.\n\nContinue with mounting?</string>
    <string lang="en" key="FILE_IN_USE_FAILED">Error: Cannot mount volume. The host file/device is already in use. Attempt to mount without exclusive access failed as well.</string>
    <string lang="hu" key="FILE_OPEN_FAILED">A fájlt nem sikerült megnyitni.</string>
    <string lang="hu" key="FILE_TITLE">Kötet helye</string>
    <string lang="en" key="FORMAT">&amp;Format</string>
    <string lang="hu" key="FORMAT_ABORT">Formázás megszakítása?</string>
    <string lang="en" key="FORMAT_FINISHED_HELP">\n\nThe TrueCrypt volume has been created and is ready for use. If you wish to create another TrueCrypt volume, click Next. Otherwise, click Exit.</string>
    <string lang="en" key="FORMAT_FINISHED_INFO">The TrueCrypt volume has been successfully created.</string>
    <string lang="hu" key="FORMAT_FINISHED_TITLE">Kötet elkészült</string>
    <string lang="en" key="FORMAT_HELP">Here you can set additional options that will affect the format of the new volume. Please refer to the documentation for more information. When done, click 'Format' to create your new volume.</string>
    <string lang="en" key="FORMAT_HIDVOL_HOST_HELP">Note that a hidden volume can only be created within a FAT volume. For more information, please refer to the documentation. When ready, click 'Format' to create the outer volume.</string>
    <string lang="en" key="FORMAT_HIDVOL_HOST_TITLE">Outer Volume Format</string>
    <string lang="en" key="FORMAT_HIDVOL_TITLE">Hidden Volume Format</string>
    <string lang="en" key="FORMAT_TITLE">Volume Format</string>
    <string lang="en" key="GETFILETIME_FAILED">WARNING: Could not get container timestamp!</string>
    <string lang="en" key="GETFILETIME_FAILED_GENERIC">WARNING: Could not get container timestamp!\n\nIf there is a hidden volume within this container, the plausible deniability of the hidden volume might be affected.</string>
    <string lang="en" key="GETFILETIME_FAILED_IMPLANT">WARNING: Could not get container timestamp!\n\nIf you do not reset the timestamp using an external tool, we recommend that you do not create a hidden volume within this container.</string>
    <string lang="en" key="GETFILETIME_FAILED_PW">WARNING: Could not get container timestamp!\n\nIf there is a hidden volume within this container, the plausible deniability of the hidden volume might be affected after changing or attempting to change the password.</string>
    <string lang="en" key="GETFILETIME_FAILED_KEYFILE">WARNING: Could not get keyfile timestamp! Cannot preserve last access date/time.\n\nIt will be possible to tell that this file has been accessed.</string>
    <string lang="en" key="HELP_READER_ERROR">Adobe Reader (or a compatible tool) is necessary to view or print the TrueCrypt User's Guide. Adobe Reader (freeware) can be downloaded at: www.adobe.com\n\nDo you want to view the online documentation instead?</string>
    <string lang="en" key="HIDDEN_VOL_WIZARD_MODE_HELP">Inexperienced users should select the first option. If you select the second option, it will be assumed that you have already created a TrueCrypt volume that is suitable to host the hidden volume.</string>
    <string lang="en" key="HIDDEN_VOL_WIZARD_MODE_TITLE">Wizard Mode</string>
    <string lang="en" key="HIDVOL_FORMAT_FINISHED_HELP">The hidden TrueCrypt volume has been successfully created and is ready for use. If all the instructions have been followed and if precautions mentioned in the section "Security Precautions Pertaining to Hidden Volumes" in the TrueCrypt User's Guide are followed, it will be impossible to prove that the hidden volume exists, even when the outer volume is mounted.\n\nWARNING: IF YOU DO NOT PROTECT THE HIDDEN VOLUME (FOR INFORMATION ON HOW TO DO SO, REFER TO THE SECTION "PROTECTION OF HIDDEN VOLUMES AGAINST DAMAGE" IN THE TRUECRYPT USER'S GUIDE), DO NOT WRITE TO THE OUTER VOLUME. OTHERWISE, YOU MAY OVERWRITE AND DAMAGE THE HIDDEN VOLUME!</string>
    <string lang="en" key="HIDVOL_FORMAT_FINISHED_TITLE">Hidden Volume Created</string>
    <string lang="en" key="HIDVOL_HOST_FILLING_HELP">Outer volume has been successfully created and mounted as drive %hc:. To this volume you should now copy some sensitive-looking files that you actually do NOT want to hide. The files will be there for anyone forcing you to disclose your password. You will reveal only the password for this outer volume, not for the hidden one. The files that you really care about will be stored in the hidden volume, which will be created later on. When you finish copying, click Next. Do not dismount the volume.\n\nNote: After you click Next, cluster bitmap of the outer volume will be scanned to determine the size of uninterrupted area of free space whose end is aligned with the end of the volume. This area will accommodate the hidden volume, so it will limit its maximum possible size. Cluster bitmap scanning ensures that no data on the outer volume are overwritten by the hidden volume.</string>
    <string lang="en" key="HIDVOL_HOST_FILLING_TITLE">Outer Volume Contents</string>
    <string lang="en" key="HIDVOL_HOST_PRE_CIPHER_HELP">\n\nIn the next steps you will set the options for the outer volume (within which the hidden volume will be created later on). </string>
    <string lang="en" key="HIDVOL_HOST_PRE_CIPHER_TITLE">Outer Volume</string>
    <string lang="en" key="HIDVOL_PRE_CIPHER_HELP">\n\nThe volume cluster bitmap has been scanned and the maximum possible size of the hidden volume has been determined. In the next steps you will set the options, the size, and the password for the hidden volume.</string>
    <string lang="en" key="HIDVOL_PRE_CIPHER_TITLE">Hidden Volume</string>
    <string lang="en" key="HIDVOL_PROT_WARN_AFTER_MOUNT">The hidden volume is now protected against damage until the outer volume is dismounted.\n\nWARNING: If any data is attempted to be saved to the hidden volume area, TrueCrypt will start write-protecting the entire volume (both the outer and the hidden part) until it is dismounted. This may cause filesystem corruption on the outer volume. Any data being saved to the hidden volume area will NOT be saved and will be lost! Windows may report this as a write error ("Delayed Write Failed" or "The parameter is incorrect").</string>
    <string lang="en" key="HIDVOL_PROT_WARN_AFTER_MOUNT_PLURAL">Each of the hidden volumes within the newly mounted volumes is now protected against damage until dismounted.\n\nWARNING: If any data is attempted to be saved to protected hidden volume area of any of these volumes, TrueCrypt will start write-protecting the entire volume (both the outer and the hidden part) until it is dismounted. This may cause filesystem corruption on the outer volume. Any data being saved to protected hidden volume areas will NOT be saved and will be lost! Windows may report this as a write error ("Delayed Write Failed" or "The parameter is incorrect").</string>
    <string lang="en" key="DAMAGE_TO_HIDDEN_VOLUME_PREVENTED">WARNING: Data were attempted to be saved to the hidden volume area of the volume mounted as %c:!\n\nTrueCrypt prevented these data from being saved in order to protect the hidden volume. This may have caused filesystem corruption on the outer volume and Windows may have reported a write error ("Delayed Write Failed" or "The parameter is incorrect"). The entire volume (both the outer and the hidden part) will be write-protected until it is dismounted.\n\nWe strongly recommend that you restart the operating system now.</string>
    <string lang="en" key="INIT_MUTEX">Unable to initialize the application. Failed to create a required mutex object.</string>
    <string lang="en" key="INIT_RAND">Failed to initialize the random number generator!</string>
    <string lang="en" key="INIT_REGISTER">Unable to initialize the application. Failed to register the Dialog class.</string>
    <string lang="en" key="INTRO_HELP">\nThis wizard will help you to create a new TrueCrypt volume.\n\nImportant: Collection of random data has begun. The data will be used in generating the master key, the secondary key (LRW mode), and salt, for the new volume. The collected data include your mouse movements within this window, keystrokes, and other data obtained from the system. The data should be as random as possible, so the more randomly and the longer you move the mouse, the better.</string>
    <string lang="en" key="INTRO_TITLE">TrueCrypt Volume Creation Wizard</string>
    <string lang="en" key="INVALID_DEVICE">Invalid drive or partition specified. Use the following syntax to mount partitions: \\Device\\Harddisk0\\Partition4</string>
    <string lang="en" key="MAX_HIDVOL_SIZE_BYTES">Maximum possible hidden volume size for this volume is %.2f bytes.</string>
    <string lang="en" key="MAX_HIDVOL_SIZE_KB">Maximum possible hidden volume size for this volume is %.2f KB.</string>
    <string lang="en" key="MAX_HIDVOL_SIZE_MB">Maximum possible hidden volume size for this volume is %.2f MB.</string>
    <string lang="en" key="MOUNTED_NOPWCHANGE">Volume password/keyfiles cannot be changed while the volume is mounted. Please dismount the volume first.</string>
    <string lang="en" key="MOUNTED_NO_PKCS5_PRF_CHANGE">The header key derivation algorithm cannot be changed while the volume is mounted. Please dismount the volume first.</string>
    <string lang="en" key="MOUNT_BUTTON">&amp;Mount</string>
    <string lang="en" key="NEW_VERSION_REQUIRED">A newer version of TrueCrypt is required to mount this volume.</string>
    <string lang="en" key="VOL_CREATION_WIZARD_NOT_FOUND">Error: Volume Creation Wizard not found.\n\nPlease make sure that the file 'TrueCrypt Format.exe' is in the folder from which 'TrueCrypt.exe' was launched. If it is not, please reinstall TrueCrypt, or locate 'TrueCrypt Format.exe' on your disk and run it.</string>
    <string lang="hu" key="NEXT">&amp;Következő &gt;</string>
    <string lang="en" key="FINALIZE">&amp;Finish</string>
    <string lang="en" key="NODRIVER">Unable to connect to the TrueCrypt device driver. TrueCrypt cannot work if the device driver is not running.\n\nPlease note that, due to a Windows issue, it may be required to log off or restart the system before the device driver can be loaded.</string>
    <string lang="en" key="NOFONT">Error occurred when loading/preparing fonts.</string>
    <string lang="en" key="NOT_FOUND">The DOS drive letter you specified has not been found.</string>
    <string lang="en" key="DRIVE_LETTER_UNAVAILABLE">Drive letter not available.</string>
    <string lang="hu" key="NO_FILE_SELECTED">Nincs fájl kiválasztva!</string>
    <string lang="en" key="NO_FREE_DRIVES">No drive letters available.</string>
    <string lang="en" key="NO_FREE_DRIVE_FOR_OUTER_VOL">No free drive letter for the outer volume! Volume creation cannot continue.</string>
    <string lang="en" key="NO_OS_VER">Could not determine your operating system version or you are using an unsupported operating system.</string>
    <string lang="hu" key="NO_PATH_SELECTED">Nincs útvonal kiválasztva!</string>
    <string lang="en" key="NO_SPACE_FOR_HIDDEN_VOL">Not enough free space for the hidden volume! Volume creation cannot continue.</string>
    <string lang="en" key="OPENFILES_DRIVER">The driver is unable to dismount the volume. Some files located on the volume are probably still open.</string>
    <string lang="en" key="OPENFILES_LOCK">Unable to lock the volume. There are still open files on the volume. Therefore, it cannot be dismounted.</string>
    <string lang="hu" key="OPEN_VOL_TITLE">Válasszon ki egy TrueCrypt kötetet</string>
    <string lang="hu" key="OPEN_TITLE">Adja meg az útvonalat és a fájl nevet</string>
    <string lang="hu" key="OUTOFMEMORY">Nincs több memória</string>
    <string lang="en" key="FORMAT_DEVICE_FOR_ADVANCED_ONLY">IMPORTANT: We strongly recommend that inexperienced users create a TrueCrypt file container on the selected device/partition, instead of attempting to encrypt the entire device/partition.\n\nWhen you create a TrueCrypt file container (as opposed to encrypting a device or partition) there is, for example, no risk of destroying a large number of files. Note that a TrueCrypt file container (even though it contains a virtual encrypted disk) is actually just like any normal file. Therefore, it can be, for example, easily renamed, moved, or copied as any normal file. To create a TrueCrypt file container, click 'No' and then click 'Select File' in the wizard window. For more information, see the chapter Beginner's Tutorial in the TrueCrypt User Guide.\n\nAre you sure you want to encrypt the entire device/partition?</string>
    <string lang="en" key="OVERWRITEPROMPT">WARNING: The file '%hs' already exists!\n\nNote that TrueCrypt will NOT encrypt the file, but it will delete it. Are you sure you want to delete the file and replace it with a new TrueCrypt container?</string>
    <string lang="en" key="OVERWRITEPROMPT_DEVICE">CAUTION: ALL FILES CURRENTLY STORED ON THE SELECTED %s '%hs'%s WILL BE ERASED AND LOST!\n\nAre you sure you want to proceed with format?</string>
    <string lang="hu" key="PASSWORD">Jelszó</string>
    <string lang="en" key="PASSWORD_CHANGED">Password and/or keyfile(s) successfully changed.\n\nIMPORTANT: Please make sure you have read the section 'Changing Passwords and Keyfiles' in the chapter 'Security Precautions' in the TrueCrypt User Guide.</string>
    <string lang="en" key="KEYFILE_CHANGED">Keyfile(s) successfully added/removed.</string>
    <string lang="en" key="PKCS5_PRF_CHANGED">Header key derivation algorithm successfully set.</string>
    <string lang="en" key="PASSWORD_HELP">It is very important that you choose a good password. You should avoid choosing one that contains only a single word that can be found in a dictionary (or a combination of 2, 3, or 4 such words). It should not contain any names or dates of birth. It should not be easy to guess. A good password is a random combination of upper and lower case letters, numbers, and special characters, such as @ ^ = $ * + etc. We recommend choosing a password consisting of more than 20 characters (the longer, the better). The maximum password length is 64 characters.</string>
    <string lang="en" key="PASSWORD_HIDDENVOL_HELP">Please choose a password for the hidden volume. </string>
    <string lang="en" key="PASSWORD_HIDDENVOL_HOST_DIRECT_HELP">Please enter the password for the volume within which you wish to create a hidden volume.\n\nAfter you click Next, TrueCrypt will attempt to mount the volume. As soon as the volume is mounted, its cluster bitmap will be scanned to determine the size of the uninterrupted area of free space (if there is any) whose end is aligned with the end of the volume. This area will accommodate the hidden volume and therefore will limit its maximum possible size. Cluster map scanning is necessary to ensure that no data on the outer volume will be overwritten by the hidden volume.</string>
    <string lang="en" key="PASSWORD_HIDDENVOL_HOST_HELP">\nPlease choose a password for the outer volume. This will be the password that you will be able to reveal to an adversary if you are asked or forced to do so.\n\nThe password must be different from the one you will choose for the hidden volume.\n\nNote: The maximum password length is 64 characters.</string>
    <string lang="en" key="PASSWORD_HIDVOL_HOST_TITLE">Outer Volume Password</string>
    <string lang="en" key="PASSWORD_HIDVOL_TITLE">Hidden Volume Password</string>
    <string lang="en" key="PASSWORD_LENGTH_WARNING">WARNING: Short passwords are easy to crack using brute force techniques!\n\nWe recommend choosing a password consisting of more than 20 characters. Are you sure you want to use a short password?</string>
    <string lang="hu" key="PASSWORD_TITLE">Kötet jelszó</string>
    <string lang="hu" key="PASSWORD_WRONG">Hibás jelszó, vagy nem TrueCrypt kötet.</string>
    <string lang="en" key="PASSWORD_OR_KEYFILE_WRONG">Incorrect keyfile(s) and/or password or not a TrueCrypt volume.</string>
    <string lang="hu" key="PASSWORD_WRONG_CAPSLOCK_ON">\n\nFigyelem: CapsLock bekapcsolva. Ez azt eredményezheti, hogy hibásan írja be a jelszavát.</string>
    <string lang="hu" key="PASSWORD_WRONG_AUTOMOUNT">Hibás jelszó, vagy nem találni a TrueCrypt kötet.</string>
    <string lang="en" key="PASSWORD_OR_KEYFILE_WRONG_AUTOMOUNT">Incorrect keyfile(s)/password or no TrueCrypt volume found.</string>
    <string lang="hu" key="PREV">&lt; &amp;Előző</string>
    <string lang="en" key="RAWDEVICES">Unable to list raw devices installed on your system!</string>
    <string lang="en" key="READONLYPROMPT">The volume '%hs' exists, and is read-only. Are you sure you want to replace it?</string>
    <string lang="hu" key="SELECT_DEST_DIR">Válasszon célkönyvtárat</string>
    <string lang="hu" key="SELECT_KEYFILE">Válasszon kulcsfájlt</string>
    <string lang="en" key="SELECT_KEYFILE_PATH">Select a keyfile search path. WARNING: Note that only the path will be remembered, not the filenames!</string>
    <string lang="en" key="SERPENT_HELP">Designed by Ross Anderson, Eli Biham, and Lars Knudsen. Published in 1998. 256-bit key, 128-bit block. Mode of operation is LRW. Serpent was one of the AES finalists.</string>
    <string lang="en" key="SETFILETIME_FAILED_IMPLANT">WARNING: Failed to restore container timestamp (file modification/access date/time)!\n\nThe plausible deniability of the hidden volume might be affected.</string>
    <string lang="en" key="SETFILETIME_FAILED_PREP_IMPLANT">WARNING: Failed to restore container timestamp!\n\nIf you do not reset the timestamp using an external tool, we recommend that you do not create a hidden volume within this container.</string>
    <string lang="en" key="SETFILETIME_FAILED_PW">WARNING: Failed to restore container timestamp (file modification/access date/time)!\n\nIf there is a hidden volume within this container, the plausible deniability of the hidden volume might be affected.</string>
    <string lang="en" key="SETFILETIME_FAILED_KEYFILE">WARNING: Failed to restore keyfile timestamp! Cannot preserve last access date/time.\n\nIt will be possible to tell that this file has been accessed.</string>
    <string lang="en" key="SETUP_INCOMPLETE">Error: 'Setup Files' folder not found.\n\nNote that before you can install TrueCrypt, you must extract all files from the distribution package.</string>
    <string lang="en" key="SIZE_HELP">Please specify the size of the container to create.\n\nIf you create a dynamic (sparse-file) container, this parameter will specify its maximum size.\n\nNote that the minimum possible size of a FAT volume is 19 KB. The minimum possible size of an NTFS volume is 2526 KB.</string>
    <string lang="en" key="SIZE_HELP_HIDDEN_HOST_VOL">Please specify the size of the new outer volume (within which the hidden volume will be created later on). The minimum possible size of a volume within which a hidden volume is intended to be created is 40 KB.</string>
    <string lang="en" key="SIZE_HELP_HIDDEN_VOL">Please specify the size of the hidden volume to create. The minimum possible size of a FAT volume is 19 KB. The minimum possible size of an NTFS volume is 2526 KB. The maximum possible size you can specify for the hidden volume is displayed above.</string>
    <string lang="en" key="SIZE_HIDVOL_HOST_TITLE">Outer Volume Size</string>
    <string lang="en" key="SIZE_HIDVOL_TITLE">Hidden Volume Size</string>
    <string lang="en" key="SIZE_PARTITION_HELP">Size of a device or partition cannot be modified. Please verify that the size of the selected device or partition shown above is correct and click Next.</string>
    <string lang="en" key="SIZE_PARTITION_HIDDEN_VOL_HELP">\n\nNote that the minimum possible size of a volume within which a hidden volume is intended to be created is 40 KB.</string>
    <string lang="hu" key="SIZE_TITLE">Kötet méret</string>
    <string lang="en" key="SPARSE_FILE">Dynamic</string>
    <string lang="hu" key="TESTS_FAILED">FIGYELEM: SELF-TEST SIKERTELEN!</string>
    <string lang="hu" key="TESTS_PASSED">Minden algoritmus önellenőrzése sikeres</string>
    <string lang="en" key="TEST_INCORRECT_LRW_INDEX_SIZE">The LRW block index that you supplied is too long or short.</string>
    <string lang="en" key="TEST_INCORRECT_LRW_KEY_SIZE">The secondary key that you supplied is too long or short.</string>
    <string lang="en" key="TEST_CIPHERTEXT_SIZE">The test ciphertext you have supplied is too long or short.</string>
    <string lang="en" key="TEST_KEY_SIZE">The test key you have supplied is too long or short.</string>
    <string lang="en" key="TEST_PLAINTEXT_SIZE">The test plaintext you have supplied is too long or short.</string>
    <string lang="en" key="TEST_LRW_INDEX_OVERRUN">Error: TrueCrypt does not support LRW block index values greater or equal to 2^64.\n\nAlso note that the maximum supported volume size is 2^63 bytes (8589934592 GB).</string>
    <string lang="en" key="TWO_LAYER_CASCADE_HELP">Two ciphers in a cascade operating in LRW mode. Each block is first encrypted with %hs (%d-bit key) and then with %hs (%d-bit key). Each cipher uses its own key. All keys are mutually independent.</string>
    <string lang="en" key="THREE_LAYER_CASCADE_HELP">Three ciphers in a cascade operating in LRW mode. Each block is first encrypted with %hs (%d-bit key), then with %hs (%d-bit key), and finally with %hs (%d-bit key). Each cipher uses its own key. All keys are mutually independent.</string>
    <string lang="en" key="TRAVELLER_DISK_CREATED">TrueCrypt traveller disk has been successfully created.\n\nNote that you need administrator privileges to run TrueCrypt in traveller mode. Also note that, after examining the registry file, it may be possible to tell that TrueCrypt was run on a Windows system even if it is run in traveller mode.</string>
    <string lang="en" key="TC_TRAVELLER_DISK">TrueCrypt Traveller Disk</string>
    <string lang="en" key="TWOFISH_HELP">Designed by Bruce Schneier, John Kelsey, Doug Whiting, David Wagner, Chris Hall, and Niels Ferguson. Published in 1998. 256-bit key, 128-bit block. Mode of operation is LRW. Twofish was one of the AES finalists.</string>
    <string lang="en" key="MORE_INFO_ABOUT">More information on %hs</string>
    <string lang="hu" key="UNKNOWN">Ismeretlen</string>
    <string lang="hu" key="ERR_UNKNOWN">Ismeretlen eredetű hiba történt.</string>
    <string lang="en" key="UNKNOWN_DRIVER_CODE">The device driver returned an unrecognized error, code = %d</string>
    <string lang="hu" key="UNMOUNTALL_LOCK_FAILED">Néhány köteten használatban lévő fájlok vagy könyvtárak vannak.\n\nErőszakos leválasztás?</string>
    <string lang="hu" key="UNMOUNT_BUTTON">&amp;Leválaszt</string>
    <string lang="hu" key="UNMOUNT_FAILED">Leválasztás sikertelen!</string>
    <string lang="hu" key="UNMOUNT_LOCK_FAILED">A köteten használatban lévő fájlok vagy könyvtárak vannak.\n\nErőszakos leválasztás?</string>
    <string lang="hu" key="VOL_ALREADY_MOUNTED">A kötet amit csatolni szeretne már fel van csatolva. </string>
    <string lang="hu" key="VOL_FORMAT_BAD">A kötet formátuma nem ismert. A kötet sérült lehet.</string>
    <string lang="hu" key="VOL_MOUNT_FAILED">Hiba lépett fel a kötet csatolása közben.</string>
    <string lang="hu" key="VOL_READING">Hiba a kötetről történő olvasás közben.</string>
    <string lang="hu" key="VOL_SEEKING">Hiba a köteten való pozícionálás közben.</string>
    <string lang="hu" key="VOL_SIZE_WRONG">Hiba: Hibás kötetméret.</string>
    <string lang="hu" key="VOL_TOO_SMALL">A kötet túl kicsi - érvénytelen kötet.</string>
    <string lang="hu" key="VOL_WRITING">Hiba a kötetre történő írás közben.</string>
    <string lang="en" key="WARN_QUICK_FORMAT">WARNING: You should use Quick Format only in the following cases:\n\n1) The device contains random data (e.g. has already been fully encrypted)\n2) You are going to use all available space immediately\n3) You are not concerned with security (testing)</string>
    <string lang="en" key="CONFIRM_SPARSE_FILE">Dynamic container is a pre-allocated NTFS sparse file whose physical size (actual disk space used) grows as new data is added to it.\n\nWARNING: Performance of sparse-file-hosted volumes is significantly worse than performance of regular volumes. Sparse-file-hosted volumes are also less secure, because it is possible to tell which volume sectors are unused. Furthermore, if data is written to a sparse file container when there is not enough free space in the host file system, the encrypted file system may get corrupted.\n\nAre you sure you want to create a sparse-file-hosted volume?</string>
    <string lang="en" key="SPARSE_FILE_SIZE_NOTE">Note that the size of the dynamic container reported by Windows and by TrueCrypt will always be equal to its maximum size. To find out current physical size of the container (actual disk space it uses), right-click the container file (in a Windows Explorer window, not in TrueCrypt), then select 'Properties' and see the 'Size on disk' value.</string>
    <string lang="hu" key="WIPE_CACHE">A driver memóriájában tárolt jelszavak ürítésre kerültek.</string>
    <string lang="en" key="WRONG_VOL_TYPE">TrueCrypt cannot change the password for a foreign volume.</string>
    <string lang="en" key="SELECT_FREE_DRIVE">Please select a free drive letter from the list.</string>
    <string lang="en" key="SELECT_A_MOUNTED_VOLUME">Please select a mounted volume in the drive letter list.</string>
    <string lang="hu" key="CANT_CREATE_AUTORUN">Hiba: autorun.inf létrhozása nem sikerült</string>
    <string lang="en" key="ERR_PROCESS_KEYFILE">Error while processing keyfile!</string>
    <string lang="en" key="ERR_PROCESS_KEYFILE_PATH">Error processing keyfile path!</string>
    <string lang="en" key="UNSUPPORTED_OS">TrueCrypt does not support this operating system.</string>
    <string lang="en" key="UNSUPPORTED_BETA_OS">Error: TrueCrypt supports only stable (non-beta) versions of this operating system.</string>
    <string lang="hu" key="ERR_MEM_ALLOC">Hiba: Memória lefoglalása sikertelen.</string>
    <string lang="en" key="ERR_PERF_COUNTER">Error: Could not retrieve value of performance counter.</string>
    <string lang="hu" key="ALL_FILES">Minden fájl</string>
    <string lang="hu" key="TC_VOLUMES">TrueCrypt Kötetek</string>
    <string lang="en" key="FORMAT_NTFS_STOP">NTFS formatting cannot continue.</string>
    <string lang="hu" key="CANT_MOUNT_VOLUME">Kötet csatolása sikertelen.</string>
    <string lang="hu" key="CANT_DISMOUNT_VOLUME">Kötet leválasztása sikertelen.</string>
    <string lang="en" key="FORMAT_NTFS_FAILED">Windows failed to format the volume as NTFS.\n\nPlease select a different type of file system (if possible) and try again. Alternatively, you could leave the volume unformatted (select 'None' as the filesystem), exit this wizard, mount the volume, and then use either a system or a third-party tool to format the mounted volume (the volume will remain encrypted).</string>
    <string lang="hu" key="DEFAULT">Alapértelmezett</string>
    <string lang="hu" key="SECTOR">szektor</string>
    <string lang="hu" key="BLOCK">blokk</string>
    <string lang="hu" key="PARTITION">Partíció</string>
    <string lang="hu" key="PARTITION_LC">partíció</string>
    <string lang="en" key="PARTITION_UPPER_CASE">PARTITION</string>
    <string lang="hu" key="DEVICE">Eszköz</string>
    <string lang="hu" key="DEVICE_LC">eszköz</string>
    <string lang="en" key="DEVICE_UPPER_CASE">DEVICE</string>
    <string lang="hu" key="CLUSTER_TOO_SMALL">A kiválasztott cluster méret túl kicsi ehhez a kötet mérethez. Egy nagyobb cluster méret lesz használva helyette.</string>
    <string lang="en" key="CANT_GET_VOLSIZE">Error: Cannot get volume size!\n\nMake sure the selected volume is not being used by the system or an application.</string>
    <string lang="en" key="HIDDEN_HOST_FAT_ONLY">A hidden volume can only be created within a FAT volume.\n\nFor more information, please refer to the documentation.</string>
    <string lang="en" key="HIDDEN_VOL_HOST_SPARSE">Hidden volumes shall not be created within dynamic (sparse file) containers. To achieve plausible deniability, the hidden volume shall be created within a regular volume.</string>
    <string lang="en" key="CANT_ACCESS_VOL">Error: Cannot access the volume!\n\nMake sure that the selected volume exists, that it is not mounted or being used by the system or an application, that you have read/write permission for the volume, and that it is not write-protected.</string>
    <string lang="en" key="CANT_DISMOUNT_OUTER_VOL">Error: Cannot dismount the outer volume!\n\nVolume cannot be dismounted if it contains files or folders being used by a program or the system.\n\nPlease close any program that might be using files or directories on the volume and click Retry.</string>
    <string lang="en" key="CANT_LOCK_OUTER_VOL">Error: Cannot lock the outer volume!\n\nVolume cannot be locked if it contains files or folders being used by an application or the system.\n\nPlease close any application that might be using files or directories on the volume and click Retry.\n\nWARNING: If you decide to ignore this, you must ensure that after you click Ignore, no more data will be written to the volume until it is dismounted. Failure to do so may adversely affect plausible deniability of the hidden volume!</string>
    <string lang="en" key="CANT_ACCESS_OUTER_VOL">Error: Cannot access the outer volume! Volume creation cannot continue.</string>
    <string lang="en" key="CANT_MOUNT_OUTER_VOL">Error: Cannot mount the outer volume! Volume creation cannot continue.</string>
    <string lang="en" key="CANT_GET_CLUSTER_BITMAP">Error: Cannot get volume cluster bitmap! Volume creation cannot continue.</string>
    <string lang="hu" key="ALPHABETICAL_CATEGORIZED">ABC szerinti/Kategorizált</string>
    <string lang="hu" key="MEAN_SPEED">Számított sebesség (Csökkenő)</string>
    <string lang="hu" key="ALGORITHM">Algoritmus</string>
    <string lang="hu" key="ENCRYPTION">Titkosítás</string>
    <string lang="hu" key="DECRYPTION">Visszafejtés</string>
    <string lang="hu" key="MEAN">Számít</string>
    <string lang="hu" key="DRIVE">Meghajtó</string>
    <string lang="hu" key="VOLUME">Kötet</string>
    <string lang="hu" key="SIZE">Méret</string>
    <string lang="hu" key="ENCRYPTION_ALGORITHM">Titkosítási algoritmus</string>
    <string lang="en" key="ENCRYPTION_ALGORITHM_LV">Encryption algorithm</string>
    <string lang="hu" key="TYPE">Típus</string>
    <string lang="hu" key="VALUE">Érték</string>
    <string lang="hu" key="PROPERTY">Tulajdonság</string>
    <string lang="hu" key="LOCATION">Hely</string>
    <string lang="hu" key="BYTES">byte</string>
    <string lang="hu" key="HIDDEN">Rejtett</string>
    <string lang="hu" key="OUTER">Külső</string>
    <string lang="hu" key="NORMAL">Normál</string>
    <string lang="hu" key="READ_ONLY">Csak olvasható</string>
    <string lang="hu" key="HIDDEN_VOLUME">Rejtett kötet</string>
    <string lang="hu" key="HID_VOL_DAMAGE_PREVENTED">Igen (sérüléstől védett!)</string>
    <string lang="hu" key="NONE">Semmi</string>
    <string lang="hu" key="ACTIVE">Aktív</string>
    <string lang="hu" key="KEY_SIZE">Kulcs Méret</string>
    <string lang="hu" key="BITS">bit</string>
    <string lang="hu" key="BLOCK_SIZE">Blokk Méret</string>
    <string lang="hu" key="MODE">Mód</string>
    <string lang="hu" key="PKCS5_PRF">PKCS-5 PRF</string>
    <string lang="hu" key="PKCS5_ITERATIONS">PKCS-5 Iteráció számláló</string>
    <string lang="hu" key="VOLUME_CREATE_DATE">Kötet Létrehozva</string>
    <string lang="hu" key="VOLUME_HEADER_DATE">Fejrészt utoljára módosítva</string>
    <string lang="hu" key="VOLUME_HEADER_DAYS"> (%I64d napja)</string>
    <string lang="hu" key="FIRST_AVAILABLE">Először elérhető</string>
    <string lang="hu" key="REMOVABLE">Eltávolítható</string>
    <string lang="hu" key="HARDDISK">Merevlemez</string>
    <string lang="hu" key="UNCHANGED">Változatlan</string>
    <string lang="en" key="AFTER_UPGRADE_RELEASE_NOTES">Do you want to view release notes for the current (latest stable) version of TrueCrypt?</string>
    <string lang="en" key="AFTER_INSTALL_TUTORIAL">If you have never used TrueCrypt before, we recommend that you read the chapter Beginner's Tutorial in the TrueCrypt User Guide. Do you want to view the tutorial?</string>
    <string lang="hu" key="SELECT_INSTALL_DIR">Kérem válassza ki hová települjön a program</string>
    <string lang="en" key="SETUP_ADMIN">To successfully install/uninstall TrueCrypt you must have Administrator rights, do you want to continue?</string>
    <string lang="hu" key="INSTALL_FAILED">A telepítés nem sikerült!</string>
    <string lang="hu" key="UNINSTALL_FAILED">A program eltávolítása nem sikerült!</string>
    <string lang="en" key="ROLLBACK">The installation has been rolled back.</string>
    <string lang="en" key="INSTALL_OK">TrueCrypt has been successfully installed.</string>
    <string lang="en" key="UNINSTALL_OK">TrueCrypt has been successfully uninstalled.\n\nClick 'Finish' to remove the TrueCrypt installer and the folder %hs. Note that the folder will not be removed if it contains any files that were not installed by the TrueCrypt installer or created by TrueCrypt.</string>
    <string lang="en" key="REMOVING_REG">Removing TrueCrypt registry entries</string>
    <string lang="hu" key="ADDING_REG">Registry bejegyzés hozzáadása</string>
    <string lang="hu" key="REMOVING_APPDATA">Alkalmazás-specifikus adatok eltávolítása</string>
    <string lang="en" key="INSTALLING">Installing</string>
    <string lang="hu" key="COPYING">Másolás</string>
    <string lang="hu" key="STOPPING">Megállás</string>
    <string lang="hu" key="REMOVING">Eltávolítás</string>
    <string lang="hu" key="SERVICE">Szolgáltatás</string>
    <string lang="hu" key="ADDING_ICON">Ikon hozzáadása</string>
    <string lang="hu" key="CREATING_SYS_RESTORE">Rendszervisszaállító pont létrehozása</string>
    <string lang="hu" key="FAILED_SYS_RESTORE">Rendszervisszaállító pont létrehozása sikertelen!</string>
    <string lang="hu" key="SYS_RESTORE_CREATED">Rendszervisszaállító pont létrehozva</string>
    <string lang="en" key="INSTALL_OF_FAILED">Installation of '%hs' has failed. %hs Do you want to continue installing?</string>
    <string lang="en" key="UNINSTALL_OF_FAILED">Uninstallation of '%hs' has failed. %hs Do you want to continue uninstalling?</string>
    <string lang="hu" key="INSTALL_COMPLETED">A telepítés befejeződött.</string>
    <string lang="en" key="CANT_CREATE_FOLDER">The folder '%hs' could not be created</string>
    <string lang="en" key="CLOSE_TC_FIRST">The TrueCrypt device driver cannot be unloaded.\n\nPlease close all open TrueCrypt windows first. If it does not help, please restart Windows and then try again.</string>
    <string lang="en" key="DISMOUNT_ALL_FIRST">All TrueCrypt volumes must be dismounted before installing or uninstalling TrueCrypt.</string>
    <string lang="en" key="REG_INSTALL_FAILED">The installation of the registry entries has failed</string>
    <string lang="en" key="DRIVER_INSTALL_FAILED">The installation of the device driver has failed. Please restart Windows and then try installing TrueCrypt again.</string>
    <string lang="en" key="STARTING_DRIVER">Starting TrueCrypt device driver</string>
    <string lang="en" key="DRIVER_UINSTALL_FAILED">The uninstallation of the device driver has failed</string>
    <string lang="en" key="INSTALLING_DRIVER">Installing TrueCrypt device driver</string>
    <string lang="en" key="STOPPING_DRIVER">Stopping TrueCrypt device driver</string>
    <string lang="en" key="REMOVING_DRIVER">Uninstalling TrueCrypt device driver</string>
    <string lang="en" key="COM_REG_FAILED">Registration of the User Account Control support library failed.</string>
    <string lang="en" key="COM_DEREG_FAILED">Unregistration of the User Account Control support library failed.</string>
    <string lang="hu" key="OUTER_VOL_WRITE_PREVENTED">Külső(!)</string>
    <string lang="hu" key="DAYS">nap</string>
    <string lang="hu" key="HOURS">óra</string>
    <string lang="hu" key="MINUTES">perc</string>
    <string lang="en" key="SECONDS">s</string>
    <string lang="hu" key="OPEN">Megnyit</string>
    <string lang="hu" key="DISMOUNT">Leválaszt</string>
    <string lang="hu" key="SHOW_TC">TrueCrypt mutatása</string>
    <string lang="hu" key="HIDE_TC">TrueCrypt elrejtése</string>
    <string lang="en" key="TOTAL_DATA_READ">Data Read since Mount</string>
    <string lang="en" key="TOTAL_DATA_WRITTEN">Data Written since Mount</string>
    <string lang="hu" key="FAVORITE_VOLUMES_SAVED">Kedvenc kötetek lementve.</string>
    <string lang="hu" key="ENTER_PASSWORD_FOR">Adja meg a jelszót ehhez: %hs</string>
    <string lang="hu" key="KEYFILE_CREATED">A kulcsfájl sikeresen létrehozva.</string>
    <string lang="en" key="VOL_HEADER_BACKED_UP">Volume header backup has been successfully created.\n\nIMPORTANT: Restoring the volume header using this backup will also restore the current volume password. Moreover, if keyfile(s) are/is necessary to mount the volume, the same keyfile(s) will be necessary to mount the volume again when the volume header is restored.\n\nWARNING: This volume header backup may be used to restore the header ONLY of this particular volume. If you use this header backup to restore a header of a different volume, you will be able to mount the volume, but you will NOT be able to decrypt any data stored in the volume (because you will change its master key).</string>
    <string lang="en" key="VOL_HEADER_RESTORED">The volume header has been successfully restored.\n\nIMPORTANT: Please note that an old password may have been restored as well. Moreover, if keyfile(s) were/was necessary to mount the volume when the backup was created, the same keyfile(s) are now necessary to mount the volume again.</string>
    <string lang="en" key="CONFIRM_VOL_HEADER_BAK">Are you sure you want to create volume header backup for %hs?\n\nAfter you click Yes, you will prompted for a filename for the header backup.\n\nNote: Both the standard volume header and the area where hidden volume headers are stored will be backed up (copied to the backup file), even if there is no hidden volume within this volume (to preserve plausible deniability). When restoring a volume header, you will be able to select which header is to be restored (i.e. standard or hidden).</string>
    <string lang="en" key="CONFIRM_VOL_HEADER_RESTORE">Are you sure you want to restore volume header of %hs?\n\nWARNING: Restoring a volume header also restores the volume password that was valid when the backup was created. Moreover, if keyfile(s) were/was necessary to mount the volume when the backup was created, the same keyfile(s) will be necessary to mount the volume again after the volume header is restored.\n\nAfter you click Yes, you will select the header backup file.</string>
    <string lang="en" key="HEADER_RESTORE_TYPE">Please select the type of TrueCrypt volume whose header you want to restore:</string>
    <string lang="en" key="RESTORE_NORMAL_VOLUME_HEADER">Restore header of standard volume</string>
    <string lang="en" key="RESTORE_HIDDEN_VOLUME_HEADER">Restore header of hidden volume</string>
    <string lang="en" key="CONFIRM_SAVE_FAVORITE_VOL">Save all currently mounted volumes and their drive letters to the Favorite Volumes list?\n\nNote: If no volumes are mounted, the Favorite Volumes list will be deleted.</string>
    <string lang="en" key="DISMOUNT_FIRST">Please dismount the volume before proceeding.</string>
    <string lang="hu" key="IDPM_CHECK_FILESYS">Fájlrendszer ellenőrzése</string>
    <string lang="hu" key="IDPM_REPAIR_FILESYS">Fájlrendszer javítása</string>
    <string lang="hu" key="IDPM_PROPERTIES">T&amp;ulajdonságok</string>
    <string lang="en" key="HIDDEN_VOL_PROTECTION">Hidden Volume Protected</string>
    <string lang="hu" key="N_A_UISTR">N/A</string>
    <string lang="hu" key="UISTR_YES">Igen</string>
    <string lang="hu" key="UISTR_NO">Nem</string>
    <string lang="en" key="MODE_OF_OPERATION">Mode of Operation</string>
    <string lang="en" key="UNSUPPORTED_CHARS_IN_PWD">Error: Password must contain only ASCII characters.\n\nNon-ASCII characters in password might cause the volume to be impossible to mount when your system configuration changes.\n\nThe following characters are allowed:\n\n  ! " # $ % &amp; ' ( ) * + , - . / 0 1 2 3 4 5 6 7 8 9 : ; &lt; = &gt; ? @ A B C D E F G H I J K L M N O P Q R S T U V W X Y Z [ \\ ] ^ _ ` a b c d e f g h i j k l m n o p q r s t u v w k y z { | } ~</string>
    <string lang="en" key="UNSUPPORTED_CHARS_IN_PWD_RECOM">Warning: Password contains non-ASCII characters. This may cause the volume to be impossible to mount when your system configuration changes.\n\nYou should replace all non-ASCII characters in the password with ASCII characters. To do so, click 'Volumes' -&gt; 'Change Volume Password'.\n\nThe following are ASCII characters:\n\n  ! " # $ % &amp; ' ( ) * + , - . / 0 1 2 3 4 5 6 7 8 9 : ; &lt; = &gt; ? @ A B C D E F G H I J K L M N O P Q R S T U V W X Y Z [ \\ ] ^ _ ` a b c d e f g h i j k l m n o p q r s t u v w k y z { | } ~</string>
    <string lang="en" key="EXE_FILE_EXTENSION_CONFIRM">WARNING: We recommend that you avoid file extensions that are used for executable files (such as .exe, .sys, or .dll). Using such file extensions often causes Windows and antivirus software to interfere with the container, which adversely affects the performance of the volume and may also cause other serious problems.\n\nContinue?</string>
    <string lang="en" key="EXE_FILE_EXTENSION_MOUNT_WARNING">WARNING: This container has a file extension that is used for executable files (such as .exe, .sys, or .dll). It will very likely cause Windows and antivirus software to interfere with the container, which will adversely affect the performance of the volume and may also cause other serious problems.\n\nWe recommend that you change or remove the file extension of the container (after you dismount the volume).</string>
    <string lang="hu" key="HOMEPAGE">Honlap</string>
    <string lang="en" key="LARGE_IDE_WARNING_XP">WARNING: It appears that you have not applied any Service Pack to your Windows installation. You should not write to IDE disks larger than 128 GB under Windows XP to which you did not apply Service Pack 1 or later! If you do, data on the disk (no matter if it is a TrueCrypt volume or not) may get corrupted. Note that this is a limitation of Windows, not a bug in TrueCrypt.</string>
    <string lang="en" key="LARGE_IDE_WARNING_2K">WARNING: It appears that you have not applied Service Pack 3 or later to your Windows installation. You should not write to IDE disks larger than 128 GB under Windows 2000 to which you did not apply Service Pack 3 or later! If you do, data on the disk (no matter if it is a TrueCrypt volume or not) may get corrupted. Note that this is a limitation of Windows, not a bug in TrueCrypt.\n\nNote: You may also need to enable the 48-bit LBA support in the registry; for more information, see http://support.microsoft.com/kb/305098/EN-US</string>
    <string lang="en" key="LARGE_IDE_WARNING_2K_REGISTRY">WARNING: 48-bit LBA ATAPI support is disabled on your system. Therefore, you should not write to IDE disks larger than 128 GB! If you do, data on the disk (no matter if it is a TrueCrypt volume or not) may get corrupted. Note that this is a limitation of Windows, not a limitation of TrueCrypt.\n\nTo enable the 48-bit LBA support, add the 'EnableBigLba' registry value in the registry key HKEY_LOCAL_MACHINE\\SYSTEM\\CurrentControlSet\\Services\\atapi\\Parameters and set it to 1.\n\nFor more information, see http://support.microsoft.com/kb/305098</string>
    <string lang="en" key="VOLUME_TOO_LARGE_FOR_FAT32">Error: Files larger than 4 GB cannot be stored on a FAT32 file system. Therefore, file-hosted TrueCrypt volumes (containers) stored on a FAT32 file system cannot be larger than 4 GB.\n\nIf you need a larger volume, create it on an NTFS file system or, instead of creating a file-hosted volume, encrypt a partition.</string>
    <string lang="en" key="FREE_SPACE_FOR_WRITING_TO_OUTER_VOLUME">WARNING: If you want to be able to add more data/files to the outer volume in future, you should consider choosing a smaller size for the hidden volume.\n\nAre you sure you want to continue with the size you specified?</string>
    <string lang="en" key="NO_VOLUME_SELECTED">No volume selected.\n\nClick 'Select Device' or 'Select File' to select a TrueCrypt volume.</string>
    <string lang="en" key="CONFIRM_SAVE_DEFAULT_KEYFILES">Are you sure you want to save the selected keyfiles/paths as default?\n\nWARNING: If default keyfiles are set and enabled, volumes that are not using these keyfiles will be impossible to mount. Keep in mind to uncheck the 'Use keyfiles' checkbox whenever mounting such volumes.</string>
    <string lang="hu" key="HK_AUTOMOUNT_DEVICES">Eszközök auto-csatolása</string>
    <string lang="hu" key="HK_DISMOUNT_ALL">Mindent leválaszt</string>
    <string lang="en" key="HK_WIPE_CACHE">Wipe Cache</string>
    <string lang="hu" key="HK_FORCE_DISMOUNT_ALL_AND_WIPE">Minden kötet erőszakos leválasztása és a cache ürítése</string>
    <string lang="hu" key="HK_FORCE_DISMOUNT_ALL_AND_WIPE_AND_EXIT">Minden erőszakos leválasztása, cache ürítése és kilépés</string>
    <string lang="hu" key="HK_MOUNT_FAVORITE_VOLUMES">Kedvenc kötetek csatolása</string>
    <string lang="hu" key="HK_SHOW_HIDE_MAIN_WINDOW">Mutassa/rejtse a fő TrueCrypt ablakot</string>
    <string lang="hu" key="PRESS_A_KEY_TO_ASSIGN">(Kattintson ide és nyomjon meg egy gombot)</string>
    <string lang="hu" key="ACTION">Esemény</string>
    <string lang="en" key="SHORTCUT">Shortcut</string>
    <string lang="en" key="CANNOT_USE_RESERVED_KEY">Error: This shortcut is reserved. Please choose a different shortcut.</string>
    <string lang="en" key="SHORTCUT_ALREADY_IN_USE">Error: Shortcut already in use.</string>
    <string lang="en" key="HOTKEY_REGISTRATION_ERROR">WARNING: One or more TrueCrypt system-wide hot keys will not work!\n\nPlease make sure that other applications and the operating system do not use the same shortcut(s) as TrueCrypt.</string>
    <string lang="en" key="MOUNTED_VOLUMES_DISMOUNTED">All mounted TrueCrypt volumes have been dismounted.</string>
    <string lang="en" key="MOUNTED_VOLUMES_AUTO_DISMOUNTED">All mounted TrueCrypt volumes have been auto-dismounted.\n\nNote: You can disable or configure auto-dismount in the 'Auto-Dismount' section of the Preferences window (select Settings -&gt; Preferences).</string>
    <string lang="en" key="DISMOUNT_ALL_ATTEMPT_COMPLETED">Attempt to dismount all mounted TrueCrypt volumes completed.</string>
    <string lang="en" key="VOLUMES_DISMOUNTED_CACHE_WIPED">All mounted TrueCrypt volumes have been dismounted and password cache has been wiped.</string>
    <string lang="en" key="CONFIRM_TIMESTAMP_UPDATING">WARNING: If timestamps are not preserved, plausible deniability may be adversely affected!\n\nAre you sure you do not want container timestamps to be preserved?</string>
    <string lang="en" key="CONFIRM_BACKGROUND_TASK_DISABLED">WARNING: If the TrueCrypt Background Task is disabled, the following functions will be disabled whenever you exit TrueCrypt:\n\n1) Hot keys\n2) Auto-dismount (e.g., upon log off, inadvertent host device removal, time-out, etc.)\n3) Notifications (e.g., when damage to hidden volume is prevented)\n4) Tray icon\n\nNote: You may shut down the Background Task anytime by right-clicking the TrueCrypt tray icon and selecting 'Exit'.\n\nAre you sure you want to disable the TrueCrypt Background Task?</string>
    <string lang="en" key="CONFIRM_NO_FORCED_AUTODISMOUNT">WARNING: If this option is disabled, volumes containing open files/directories will not be possible to auto-dismount.\n\nAre you sure you want to disable this option?</string>
    <string lang="en" key="WARN_PREF_AUTO_DISMOUNT">WARNING: Volumes containing open files/directories will NOT be auto-dismounted.\n\nTo prevent this, enable the following option in this dialog window: 'Force auto-dismount even if volume contains open files or directories'</string>
    <string lang="en" key="CONFIRM_EXIT">WARNING: If TrueCrypt exits now, the following functions will be disabled:\n\n1) Hot keys\n2) Auto-dismount (e.g., upon log off, inadvertent host device removal, time-out, etc.)\n3) Notifications (e.g., when damage to hidden volume is prevented)\n\nNote: If you do not wish TrueCrypt to continue running in background after you close its window, disable the Background Task in the Preferences.\n\nAre you sure you want TrueCrypt to exit?</string>
    <string lang="en" key="HIDVOL_PROT_BKG_TASK_WARNING">WARNING: TrueCrypt Background Task is disabled. After you exit TrueCrypt, you will not be notified if damage to hidden volume is prevented.\n\nNote: You may shut down the Background Task anytime by right-clicking the TrueCrypt tray icon and selecting 'Exit'.\n\nEnable TrueCrypt Background Task?</string>
    <string lang="hu" key="LANG_PACK_VERSION">Nyelvi csomag verziója:  %s</string>
    <string lang="en" key="CHECKING_FS">Checking the file system on the TrueCrypt volume mounted as %hs...</string>
    <string lang="en" key="REPAIRING_FS">Attempting to repair the file system on the TrueCrypt volume mounted as %hs...</string>
    <string lang="en" key="WARN_64_BIT_BLOCK_CIPHER">Warning: This volume is encrypted with a legacy encryption algorithm.\n\nAll 64-bit-block encryption algorithms (e.g., Blowfish, CAST-128, or Triple DES) are deprecated. It will be possible to mount this volume using future versions of TrueCrypt. However, there will be no further enhancements to the implementations of these legacy encryption algorithms. We recommend that you create a new TrueCrypt volume encrypted with a 128-bit-block encryption algorithm (e.g., AES, Serpent, Twofish, etc.) and that you move all files from this volume to the new volume.</string>
    <string lang="en" key="SYS_AUTOMOUNT_DISABLED">Your system is not configured to auto-mount new volumes. It may be impossible to mount device-hosted TrueCrypt volumes. Auto-mounting can be enabled by executing the following command and restarting the system.\n\nmountvol.exe /E</string>
    <string lang="en" key="SYS_ASSIGN_DRIVE_LETTER">Please assign a drive letter to the partition/device before proceeding ('Control Panel' &gt; 'System and Maintenance' &gt; 'Administrative Tools' - 'Create and format hard disk partitions').\n\nNote that this is a requirement of the operating system.</string>
    <string lang="en" key="MOUNT_TC_VOLUME">Mount TrueCrypt volume</string>
    <string lang="en" key="DISMOUNT_ALL_TC_VOLUMES">Dismount all TrueCrypt volumes</string>
    <string lang="en" key="UAC_INIT_ERROR">TrueCrypt failed to obtain Administrator privileges.</string>
    <string lang="en" key="ERR_ACCESS_DENIED">Access was denied by the operating system.\n\nPossible cause: The operating system requires that you have read/write permission (or administrator privileges) for certain folders, files, and devices, in order for you to be allowed to read and write data to/from them. Normally, a user without administrator privileges is allowed to create, read and modify files in his or her Documents folder.</string>
    <string lang="en" key="LARGE_SECTOR_UNSUPPORTED">Error: The selected device uses a sector size other than 512 bytes.\n\nIt is currently not possible to create device-hosted volumes on devices that use a sector size other than 512 bytes. However, note that you can create a file-hosted volume (container) on this device.</string>
    <string lang="en" key="KEYFILE">Keyfile</string>
    <string lang="en" key="VOLUME_LABEL">Name</string>
    <string lang="en" key="VKEY_08">Backspace</string>
    <string lang="en" key="VKEY_09">Tab</string>
    <string lang="en" key="VKEY_0C">Clear</string>
    <string lang="en" key="VKEY_0D">Enter</string>
    <string lang="en" key="VKEY_13">Pause</string>
    <string lang="en" key="VKEY_14">Caps Lock</string>
    <string lang="en" key="VKEY_20">Spacebar</string>
    <string lang="en" key="VKEY_21">Page Up</string>
    <string lang="en" key="VKEY_22">Page Down</string>
    <string lang="en" key="VKEY_23">End</string>
    <string lang="en" key="VKEY_24">Home</string>
    <string lang="en" key="VKEY_25">Left Arrow</string>
    <string lang="en" key="VKEY_26">Up Arrow</string>
    <string lang="en" key="VKEY_27">Right Arrow</string>
    <string lang="en" key="VKEY_28">Down Arrow</string>
    <string lang="en" key="VKEY_29">Select Key</string>
    <string lang="en" key="VKEY_2A">Print Key</string>
    <string lang="en" key="VKEY_2B">Execute Key</string>
    <string lang="en" key="VKEY_2C">Print Screen</string>
    <string lang="en" key="VKEY_2D">Insert</string>
    <string lang="en" key="VKEY_2E">Delete</string>
    <string lang="en" key="VKEY_5D">Applications Key</string>
    <string lang="en" key="VKEY_5F">Sleep</string>
    <string lang="en" key="VKEY_90">Num Lock</string>
    <string lang="en" key="VKEY_91">Scroll Lock</string>
    <string lang="en" key="VKEY_A6">Browser Back</string>
    <string lang="en" key="VKEY_A7">Browser Forward</string>
    <string lang="en" key="VKEY_A8">Browser Refresh</string>
    <string lang="en" key="VKEY_A9">Browser Stop</string>
    <string lang="en" key="VKEY_AA">Browser Search</string>
    <string lang="en" key="VKEY_AB">Browser Favorites</string>
    <string lang="en" key="VKEY_AC">Browser Home</string>
    <string lang="en" key="VKEY_AD">Mute</string>
    <string lang="en" key="VKEY_AE">Volume Down</string>
    <string lang="en" key="VKEY_AF">Volume Up</string>
    <string lang="en" key="VKEY_B0">Next Track</string>
    <string lang="en" key="VKEY_B1">Previous Track</string>
    <string lang="en" key="VKEY_B2">Stop Media</string>
    <string lang="en" key="VKEY_B3">Play/Pause Media</string>
    <string lang="en" key="VKEY_B4">Start Mail Key</string>
    <string lang="en" key="VKEY_B5">Select Media Key</string>
    <string lang="en" key="VKEY_B6">Application 1</string>
    <string lang="en" key="VKEY_B7">Application 2</string>
    <string lang="en" key="VKEY_F6">Attn</string>
    <string lang="en" key="VKEY_F7">CrSel</string>
    <string lang="en" key="VKEY_F8">ExSel</string>
    <string lang="en" key="VKEY_FA">Play</string>
    <string lang="en" key="VKEY_FB">Zoom</string>
    <string lang="en" key="VK_NUMPAD">NumPad</string>
    <string lang="en" key="VK_SHIFT">Shift</string>
    <string lang="en" key="VK_CONTROL">Control</string>
    <string lang="en" key="VK_ALT">Alt</string>
    <string lang="en" key="VK_WIN">Win</string>
    <string lang="en" key="BYTE">B</string>
    <string lang="en" key="KB">KB</string>
    <string lang="en" key="MB">MB</string>
    <string lang="en" key="GB">GB</string>
    <string lang="en" key="TB">TB</string>
    <string lang="en" key="PB">PB</string>
    <string lang="en" key="B_PER_SEC">B/s</string>
    <string lang="en" key="KB_PER_SEC">KB/s</string>
    <string lang="en" key="MB_PER_SEC">MB/s</string>
    <string lang="en" key="GB_PER_SEC">GB/s</string>
    <string lang="en" key="TB_PER_SEC">TB/s</string>
    <string lang="en" key="PB_PER_SEC">PB/s</string>
  </localization>
</TrueCrypt>
