﻿<?xml version="1.0" encoding="utf-8"?>
<TrueCrypt>
  <localization prog-version="4.3a">
    <!-- Languages -->
    <language langid="et" name="Eesti" en-name="Estonian" version="0.1.0" translators="Maiko Mõtsar" />
    <!-- Fonts -->
    <font lang="et" class="normal" size="11" face="vaikimisi" />
    <font lang="et" class="bold" size="13" face="Arial" />
    <font lang="et" class="fixed" size="12" face="Lucida Console" />
    <font lang="et" class="title" size="21" face="Times New Roman" />
    <!-- Controls -->
    <control lang="et" key="IDCANCEL">Tühista</control>
    <control lang="et" key="IDC_ALL_USERS">Paigalda kõigile kasutajatele</control>
    <control lang="et" key="IDC_BROWSE">Sirvi...</control>
    <control lang="et" key="IDC_DESKTOP_ICON">Lisa TrueCrypti ikoon Töölauale</control>
    <control lang="et" key="IDC_FILE_TYPE">Seosta '.tc' faililaiend TrueCryptiga</control>
    <control lang="et" key="IDC_INSTALL">Paigalda</control>
    <control lang="et" key="IDC_PROG_GROUP">Lisa TrueCrypt &amp;Start menüüsse</control>
    <control lang="et" key="IDC_SYSTEM_RESTORE">Loo süsteemi taastepunkt</control>
    <control lang="et" key="IDC_UNINSTALL">&amp;Eemaldamine</control>
    <control lang="et" key="IDD_INSTALL">TrueCrypti häälestus</control>
    <control lang="et" key="IDD_UNINSTALL">Eemalda TrueCrypt</control>
    <control lang="et" key="IDT_INSTALL_DIR">Paigalda kataloogi:</control>
    <control lang="et" key="IDT_INSTALL_OPTIONS">Paigalduse valikud</control>
    <control lang="et" key="IDT_UNINSTALL_DIR">Eemalda TrueCrypt kataloogist:</control>
    <control lang="et" key="IDC_ABORT_BUTTON">Katkesta</control>
    <control lang="et" key="IDC_CIPHER_TEST">&amp;Testi</control>
    <control lang="et" key="IDC_HIDDEN_VOL">Loo peidetud TrueCrypt konteiner </control>
    <control lang="et" key="IDC_HIDDEN_VOL_HELP">Mis on peidetud konteiner?</control>
    <control lang="et" key="IDC_HIDVOL_WIZ_MODE_DIRECT">Loo peidetud konteiner olemasoleva TrueCrypt konteineri sisse</control>
    <control lang="et" key="IDC_HIDVOL_WIZ_MODE_FULL">Loo TrueCrypt konteiner ja selle sisse peidetud konteiner</control>
    <control lang="et" key="IDC_KB">&amp;KB</control>
    <control lang="et" key="IDC_KEYFILES_ENABLE">Kasuta võtmefaile</control>
    <control lang="et" key="IDC_KEY_FILES">Võtmefailid..</control>
    <control lang="et" key="IDC_LINK_HASH_INFO">Informatsioon räsi algoritmide kohta</control>
    <control lang="en" key="IDC_LINK_MORE_INFO_ABOUT_CIPHER">More information</control>
    <control lang="et" key="IDC_MB">&amp;MB</control>
    <control lang="et" key="IDC_NO_HISTORY">Ära salvesta ajalukku</control>
    <control lang="et" key="IDC_OPEN_OUTER_VOLUME">Ava välimine konteiner</control>
    <control lang="et" key="IDC_QUICKFORMAT">Kiire formaatimine</control>
    <control lang="et" key="IDC_SELECT_DEVICE">Vali seade...</control>
    <control lang="et" key="IDC_SELECT_FILE">Vali fail...</control>
    <control lang="et" key="IDC_SHOW_PASSWORD">Kuva salasõna</control>
    <control lang="et" key="IDC_SHOW_PASSWORD_HIDVOL_HOST">Kuva salasõna</control>
    <control lang="et" key="IDC_STD_VOL">Loo tavaline TrueCrypt konteiner</control>
    <control lang="et" key="IDC_WIZ_BENCHMARK">Jõudlustest</control>
    <control lang="et" key="IDD_MKFS_DLG">TrueCrypt konteineriloomise nõustaja</control>
    <control lang="et" key="IDHELP">Abi</control>
    <control lang="et" key="IDT_CLUSTER">Klaster</control>
    <control lang="et" key="IDT_CONFIRM">Kinnita:</control>
    <control lang="et" key="IDT_DONE">Valmis </control>
    <control lang="et" key="IDT_ENCRYPTION_ALGO">Krüpteerimisalgoritm</control>
    <control lang="et" key="IDT_FILESYSTEM">Failisüsteem</control>
    <control lang="et" key="IDT_FORMAT_OPTIONS">Valikud</control>
    <control lang="et" key="IDT_HASH_ALGO">Räsi algoritm</control>
    <control lang="et" key="IDT_HEADER_KEY">Päise võti: </control>
    <control lang="et" key="IDT_LEFT">Järele jäänud </control>
    <control lang="et" key="IDT_MASTER_KEY">Peavõti: </control>
    <control lang="et" key="IDT_PASSWORD">Salasõna:</control>
    <control lang="et" key="IDT_RANDOM_POOL">Juhuslik maatriks: </control>
    <control lang="et" key="IDT_SPEED">Kiirus </control>
    <control lang="et" key="IDCLOSE">Sulge</control>
    <control lang="et" key="IDC_AUTORUN_DISABLE">Ära tee midagi</control>
    <control lang="et" key="IDC_AUTORUN_MOUNT">&amp;Auto-haagi TrueCrypt konteiner (täpsustatud allpool)</control>
    <control lang="et" key="IDC_AUTORUN_START">Käivita TrueCrypt</control>
    <control lang="et" key="IDC_BROWSE_DIRS">Sirvi...</control>
    <control lang="et" key="IDC_BROWSE_FILES">Sirvi...</control>
    <control lang="et" key="IDC_CACHE">Hoia salasõnu ja võtmefaile mälus</control>
    <control lang="et" key="IDC_CLOSE_BKG_TASK_WHEN_NOVOL">Välju haagitud konteinerite puudumisel</control>
    <control lang="et" key="IDC_COPY_WIZARD">Lisa TrueCrypti konteineriloomise nõustaja</control>
    <control lang="et" key="IDC_CREATE">Loo</control>
    <control lang="et" key="IDC_CREATE_VOLUME">Loo konteiner</control>
    <control lang="et" key="IDC_DISMOUNT_CONFIRM_MSG_BOX">Kuva kinnitav teateaken peale lahtihaakimist</control>
    <control lang="et" key="IDC_DISMOUNT_CONFIRM_PLAY_SOUND">Mängi süsteemi märguandeheli peale haakimist/lahtihaakimist</control>
    <control lang="et" key="IDC_ENABLE_KEYFILES">Kasuta võtmefaile</control>
    <control lang="et" key="IDC_ENABLE_NEW_KEYFILES">Kasuta võtmefaile</control>
    <control lang="et" key="IDC_EXIT">Välju</control>
    <control lang="et" key="IDC_HK_MOD_ALT">Alt</control>
    <control lang="et" key="IDC_HK_MOD_CTRL">Control</control>
    <control lang="et" key="IDC_HK_MOD_SHIFT">Shift</control>
    <control lang="et" key="IDC_HK_MOD_WIN">Win</control>
    <control lang="et" key="IDC_HOTKEY_ASSIGN">Määra</control>
    <control lang="et" key="IDC_HOTKEY_REMOVE">Eemalda</control>
    <control lang="et" key="IDC_KEYFILES">Võtmefailid...</control>
    <control lang="et" key="IDC_MOUNTALL">&amp;Auto-haagi seadmed</control>
    <control lang="et" key="IDC_MOUNT_OPTIONS">Haakevalikud...</control>
    <control lang="et" key="IDC_MOUNT_READONLY">Haagi konteiner kirjutuskaitstuna</control>
    <control lang="et" key="IDC_NEW_KEYFILES">Võtmefailid...</control>
    <control lang="et" key="IDC_PREFS_HOTKEY_SETTINGS">Kiirklahvide seaded...</control>
    <control lang="et" key="IDC_PREFS_KEYFILE_SETTINGS">Vaikimisi võtmefailid...</control>
    <control lang="et" key="IDC_PREF_BKG_TASK_ENABLE">Lubatud</control>
    <control lang="et" key="IDC_PREF_CACHE_PASSWORDS">Hoia salasõna tüüreli mälus</control>
    <control lang="et" key="IDC_PREF_CLOSE_DISMOUNTED_WINDOWS">Sulge kõik Exploreri aknad konteineri lahtihaakimisel</control>
    <control lang="et" key="IDC_PREF_DISMOUNT_INACTIVE">Auto-haagi lahti konteiner peale mitte kirjutamist/lugemist</control>
    <control lang="et" key="IDC_PREF_DISMOUNT_LOGOFF">Kasutaja logib välja</control>
    <control lang="et" key="IDC_PREF_DISMOUNT_POWERSAVING">Energiasäästurežiimi sisenemisel</control>
    <control lang="et" key="IDC_PREF_DISMOUNT_SCREENSAVER">Ekraanisäästja käivitub</control>
    <control lang="et" key="IDC_PREF_FORCE_AUTO_DISMOUNT">Sunni lahti-haakima isegi kui failid/kataloogid on avatud</control>
    <control lang="et" key="IDC_PREF_LOGON_MOUNT_DEVICES">Haagi kõik seadme-baasil TrueCrypt konteinerid</control>
    <control lang="et" key="IDC_PREF_LOGON_MOUNT_FAVORITES">Haagi lemmik konteinerid</control>
    <control lang="et" key="IDC_PREF_LOGON_START">Käivita arvuti käivitumisel</control>
    <control lang="et" key="IDC_PREF_MOUNT_READONLY">Haagi konteiner kirjutuskaitstuna</control>
    <control lang="et" key="IDC_PREF_MOUNT_REMOVABLE">Haagi konteinerid kui eemaldatav meedia</control>
    <control lang="et" key="IDC_PREF_OPEN_EXPLORER">Ava edukalt haagitud konteiner Exploreris</control>
    <control lang="et" key="IDC_PREF_WIPE_CACHE_ON_AUTODISMOUNT">Kustuta kogutud salasõnad automaatsel lahtihaakimisel</control>
    <control lang="et" key="IDC_PREF_WIPE_CACHE_ON_EXIT">Kustuta väljumisel kogutud salasõnad</control>
    <control lang="en" key="IDC_PRESERVE_TIMESTAMPS">Preserve timestamps of file containers</control>
    <control lang="et" key="IDC_RESET_HOTKEYS">Algseadista</control>
    <control lang="et" key="IDC_SHOW_PASSWORD_CHPWD_NEW">Kuva salasõna</control>
    <control lang="et" key="IDC_SHOW_PASSWORD_CHPWD_ORI">Kuva salasõna</control>
    <control lang="et" key="IDC_TRAVEL_OPEN_EXPLORER">Ava haagitud konteiner &amp;Exploreri aknas</control>
    <control lang="et" key="IDC_TRAV_CACHE_PASSWORDS">Hoia salasõnu tüürelis vahemälus</control>
    <control lang="et" key="IDC_UNMOUNTALL">Haagi kõik lahti</control>
    <control lang="et" key="IDC_VOLUME_PROPERTIES">Konteineri atribuudid...</control>
    <control lang="et" key="IDC_VOLUME_TOOLS">Konteineri &amp;tööriistad...</control>
    <control lang="et" key="IDC_WIPE_CACHE">Tühjenda vahemälu</control>
    <control lang="et" key="IDD_HOTKEYS_DLG">TrueCrypt - Süsteemi kiirklahvid</control>
    <control lang="et" key="IDD_MOUNT_DLG">TrueCrypt</control>
    <control lang="et" key="IDD_PASSWORDCHANGE_DLG">Konteineri salasõna ja võtmefailide muutmine</control>
    <control lang="et" key="IDD_PASSWORD_DLG">Sisesta TrueCrypt konteineri salasõna</control>
    <control lang="et" key="IDD_PREFERENCES_DLG">TrueCrypt - Eelistused</control>
    <control lang="et" key="IDD_TRAVELLER_DLG">TrueCrypt Traveller Disk häälestus</control>
    <control lang="et" key="IDD_VOLUME_PROPERTIES">TrueCrypti konteineri atribuudid</control>
    <control lang="et" key="IDM_ABOUT">Teave...</control>
    <control lang="et" key="IDM_ADD_REMOVE_VOL_KEYFILES">Lisa/Eemalda võtmefailid konteinerist...</control>
    <control lang="et" key="IDM_BACKUP_VOL_HEADER">Konteineri päisest varukoopia loomine...</control>
    <control lang="et" key="IDM_BENCHMARK">Jõudlustest...</control>
    <control lang="et" key="IDM_BUGREPORT">Teavita veast...</control>
    <control lang="et" key="IDM_CHANGE_HEADER_KEY_DERIV_ALGO">Säti päise võtme derivatsiooni algoritm...</control>
    <control lang="et" key="IDM_CHANGE_PASSWORD">Konteineri salasõna vahetamine...</control>
    <control lang="et" key="IDM_CLEAR_HISTORY">Puhasta konteineri ajalugu</control>
    <control lang="et" key="IDM_CONTACT">Kontakt...</control>
    <control lang="et" key="IDM_CREATE_VOLUME">Loo uus konteiner...</control>
    <control lang="et" key="IDM_DEFAULT_KEYFILES">Vaikimisi võtmefailid...</control>
    <control lang="et" key="IDM_DONATIONS">Annetused...</control>
    <control lang="et" key="IDM_EXIT">Välju</control>
    <control lang="et" key="IDM_FAQ">Korduma Kippuvad Küsimused</control>
    <control lang="et" key="IDM_FORUMS">Foorumid</control>
    <control lang="et" key="IDM_GENERATE_KEYFILE">Genereeri juhuslik võtmefail...</control>
    <control lang="et" key="IDM_HELP">Kasutaja teejuht</control>
    <control lang="et" key="IDM_HOMEPAGE">Koduleht </control>
    <control lang="et" key="IDM_HOTKEY_SETTINGS">Kiirklahvid...</control>
    <control lang="et" key="IDM_KEYFILE_GENERATOR">Võtmefaili generaator</control>
    <control lang="et" key="IDM_LANGUAGE">Keel...</control>
    <control lang="et" key="IDM_LICENSE">Õiguslikud märkmed</control>
    <control lang="et" key="IDM_MOUNTALL">Auto-haagi kõik seadme-baasil konteinerid</control>
    <control lang="et" key="IDM_MOUNT_FAVORITE_VOLUMES">Haagi lemmik konteinerid</control>
    <control lang="et" key="IDM_MOUNT_VOLUME">Haagi valitud konteiner</control>
    <control lang="et" key="IDM_MOUNT_VOLUME_OPTIONS">Haagi valitud konteiner lisavalikutega</control>
    <control lang="et" key="IDM_NEWS">Uudised</control>
    <control lang="et" key="IDM_ONLINE_HELP">Online abi</control>
    <control lang="et" key="IDM_ONLINE_TUTORIAL">Algaja käsiraamat</control>
    <control lang="et" key="IDM_PREFERENCES">Eelistused...</control>
    <control lang="et" key="IDM_REFRESH_DRIVE_LETTERS">Draivitähtede nimekirja värskendamine</control>
    <control lang="et" key="IDM_REMOVE_ALL_KEYFILES_FROM_VOL">Kõigi võtmefailide eemaldamine konteinerist...</control>
    <control lang="et" key="IDM_RESTORE_VOL_HEADER">Taasta konteineri päis...</control>
    <control lang="et" key="IDM_SAVE_FAVORITE_VOLUMES">Salvesta hetkel haagitud konteinerid lemmikutesse</control>
    <control lang="et" key="IDM_SELECT_DEVICE">Vali seade...</control>
    <control lang="et" key="IDM_SELECT_FILE">Vali fail...</control>
    <control lang="et" key="IDM_SET_DEFAULT_KEYFILES">Säti vaikimisi võtmefailid/failiteed...</control>
    <control lang="et" key="IDM_TC_DOWNLOADS">Allalaadimine</control>
    <control lang="et" key="IDM_TEST_VECTORS">Testi vektoreid...</control>
    <control lang="et" key="IDM_TRAVELLER">Traveller Disk häälestus...</control>
    <control lang="et" key="IDM_UNMOUNTALL">Haagi lahti kõik haagitud konteinerid</control>
    <control lang="et" key="IDM_UNMOUNT_VOLUME">Konteineri lahtihaakimine</control>
    <control lang="et" key="IDM_VERSION_HISTORY">Versiooni ajalugu</control>
    <control lang="et" key="IDM_VOLUME_PROPERTIES">Konteineri atribuudid</control>
    <control lang="et" key="IDM_VOLUME_WIZARD">Konteineri loomise nõustaja</control>
    <control lang="et" key="IDM_WEBSITE">TrueCrypti kodulehekülg</control>
    <control lang="et" key="IDM_WIPE_CACHE">Puhasta kogutud salasõnad</control>
    <control lang="et" key="IDOK">Olgu</control>
    <control lang="et" key="IDT_ASSIGN_HOTKEY">Otsetee</control>
    <control lang="et" key="IDT_AUTORUN">AutoRun konfiguratsioon (autorun.inf)</control>
    <control lang="et" key="IDT_AUTO_DISMOUNT">Auto-lahtihaakimine</control>
    <control lang="et" key="IDT_AUTO_DISMOUNT_ON">Haagi kõik lahti kui:</control>
    <control lang="et" key="IDT_CONFIRM_PASSWORD">Kinnita salasõna:</control>
    <control lang="et" key="IDT_CURRENT">Jooksev</control>
    <control lang="et" key="IDT_DEFAULT_MOUNT_OPTIONS">Vaikimisi haakevalikud</control>
    <control lang="et" key="IDT_DISMOUNT_ACTION">Kiirklahvide valikud</control>
    <control lang="et" key="IDT_FILE_SETTINGS">Faili seaded</control>
    <control lang="et" key="IDT_HOTKEY_KEY">Määratud klahv:</control>
    <control lang="et" key="IDT_LOGON">Windowsisse sisselogimisel teostatavad tegevused</control>
    <control lang="et" key="IDT_MINUTES">minutit</control>
    <control lang="et" key="IDT_MOUNT_LETTER">Haagi konteiner draivitähega:</control>
    <control lang="et" key="IDT_MOUNT_SETTINGS">Haakimise seaded</control>
    <control lang="et" key="IDT_NEW">Uus</control>
    <control lang="et" key="IDT_NEW_PASSWORD">Salasõna:</control>
    <control lang="et" key="IDT_PKCS5_PRF">PKCS-5 PRF:</control>
    <control lang="et" key="IDT_PW_CACHE_OPTIONS">Salasõna vahemälu</control>
    <control lang="et" key="IDT_TASKBAR_ICON">TrueCrypt taustakäsk</control>
    <control lang="et" key="IDT_TRAVELLER_MOUNT">Haagitav TrueCrypt konteiner (suhteline traveller diski juurkataloogile):</control>
    <control lang="et" key="IDT_TRAVEL_INSERTION">Traveler diski sisestamisel: </control>
    <control lang="et" key="IDT_TRAVEL_ROOT">Loo traveller disk failid (traveller diski juurkataloog):</control>
    <control lang="et" key="IDT_VOLUME">Konteiner</control>
    <control lang="et" key="IDT_WINDOWS_RELATED_SETTING">Windows</control>
    <control lang="et" key="IDC_ADD_KEYFILE_PATH">Lisa failitee...</control>
    <control lang="et" key="IDC_AUTO">&amp;Auto-Testi kõik</control>
    <control lang="et" key="IDC_DECRYPT">Dekrüpteeri</control>
    <control lang="et" key="IDC_DISPLAY_POOL_CONTENTS">Kuva maatriksi sisu</control>
    <control lang="et" key="IDC_DONATIONS">Annetused...</control>
    <control lang="et" key="IDC_ENCRYPT">Krüpti</control>
    <control lang="et" key="IDC_GENERATE_AND_SAVE_KEYFILE">Genereeri ja salvesta võtmefail...</control>
    <control lang="et" key="IDC_GENERATE_KEYFILE">&amp;Genereeri juhuslik võtmefail...</control>
    <control lang="et" key="IDC_GET_LANG_PACKS">Keelepaki allalaadimine</control>
    <control lang="et" key="IDC_KEYADD">Lisa &amp;fail...</control>
    <control lang="et" key="IDC_KEYFILES_ENABLE_HIDVOL_PROT">Ka&amp;suta võtmefaile</control>
    <control lang="et" key="IDC_KEYFILES_HIDVOL_PROT">Võtmefailid...</control>
    <control lang="et" key="IDC_KEYREMOVE">Eemalda</control>
    <control lang="et" key="IDC_KEYREMOVEALL">Eemalda kõik</control>
    <control lang="et" key="IDC_LINK_HIDVOL_PROTECTION_INFO">Mis on peidetud konteineri kaitse?</control>
    <control lang="et" key="IDC_LINK_KEYFILES_INFO">Mis on võtmefail?</control>
    <control lang="et" key="IDC_LRW_INDEX_LSB">Vähim oluline bit esimesena</control>
    <control lang="et" key="IDC_LRW_MODE_ENABLED">LRW töörežiim</control>
    <control lang="et" key="IDC_MOUNT_REMOVABLE">Haagi konteiner kui eemaldatav meedia</control>
    <control lang="et" key="IDC_PERFORM_BENCHMARK">Jõudlustest</control>
    <control lang="et" key="IDC_PROTECT_HIDDEN_VOL">Kaitse peidetud konteinerit vigastuse eest välisesse kirjutamisel </control>
    <control lang="et" key="IDC_RESET">Algseadista</control>
    <control lang="et" key="IDC_SHOW_PASSWORD_MO">Kuva salasõna</control>
    <control lang="et" key="IDD_ABOUT_DLG">Teave TrueCryptist</control>
    <control lang="et" key="IDD_BENCHMARK_DLG">TrueCrypt - krüpteerimisalgoritmi jõudlustest</control>
    <control lang="et" key="IDD_CIPHER_TEST_DLG">TrueCrypt - Vektorite testimine</control>
    <control lang="et" key="IDD_COMMANDHELP_DLG">Käsurea abi</control>
    <control lang="et" key="IDD_KEYFILES">TrueCrypt - Võtmefailid</control>
    <control lang="et" key="IDD_KEYFILE_GENERATOR">TrueCrypt - Võtmefaili generaator</control>
    <control lang="et" key="IDD_LANGUAGE">TrueCrypt - Keel</control>
    <control lang="et" key="IDD_LEGAL_NOTICES_DLG">TrueCrypt - Õiguslikud märkmed</control>
    <control lang="et" key="IDD_MOUNT_OPTIONS">TrueCrypt - haakimise valikud</control>
    <control lang="et" key="IDD_RAWDEVICES_DLG">Vali seade või partitsioon</control>
    <control lang="et" key="IDT_ACTIVE_LANG_PACK">Aktiivne keelepakk</control>
    <control lang="et" key="IDT_BOX_BENCHMARK_INFO">Kiirust mõjutavad CPU jõudeoleku laetus ja salvestussead-\nmete karakteristika.\n\nNeed testid toimuvad arvuti RAM-is.</control>
    <control lang="et" key="IDT_BUFFER_SIZE">Puhvri suurus:</control>
    <control lang="et" key="IDT_CIPHER">Šiffer:</control>
    <control lang="et" key="IDT_HIDDEN_PROT_PASSWD">Peidetud konteineri salasõna:\n(kui tühi, kasutatakse vahemälu)</control>
    <control lang="et" key="IDT_HIDDEN_VOL_PROTECTION">Peidetud konteineri kaitsmine</control>
    <control lang="et" key="IDT_KEY">Võtme suurus:</control>
    <control lang="et" key="IDT_KEYFILE_GENERATOR_NOTE">Liiguta hiirt juhuslikult selle akna piires. Mida kauem hiirt liigutad, seda parem.</control>
    <control lang="et" key="IDT_KEYFILE_WARNING">HOIATUS: Kui sa kaotad võtmefaili või isegi üks bit selle esimesest 1024 kilobaidist muutub, muutub võimatuks selle võtmefailiga konteinerite haakimine!</control>
    <control lang="et" key="IDT_KEY_UNIT">bitti</control>
    <control lang="et" key="IDT_LANGPACK_AUTHORS">Tõlkija:</control>
    <control lang="et" key="IDT_LRW_BLOCK_INDEX">Bloki indeks (hexadecimal)</control>
    <control lang="et" key="IDT_LRW_KEY">Sekundaarvõti (hexadecimal)</control>
    <control lang="et" key="IDT_LRW_MODE">LRW töörežiim</control>
    <control lang="et" key="IDT_PLAINTEXT">Lihtteksti suurus:</control>
    <control lang="et" key="IDT_PLAINTEXT_SIZE_UNIT">bitti</control>
    <control lang="et" key="IDT_POOL_CONTENTS">Maatriksi sisu hetkel</control>
    <control lang="et" key="IDT_PRF">Segav PRF:</control>
    <control lang="et" key="IDT_SORT_METHOD">Sorteerimisviis:</control>
    <control lang="et" key="IDT_TEST_CIPHERTEXT">Šiffertekst (hexadecimal)</control>
    <control lang="et" key="IDT_TEST_KEY">Võti (hexadecimal)</control>
    <control lang="et" key="IDT_TEST_PLAINTEXT">Lihttekst (hexadecimal)</control>
    <control lang="et" key="IDT_KEYFILES_NOTE">TrueCrypti võtmefail võib olla suvalist liiki (näiteks, .mp3, .jpg, .zip, .avi). Pane tähele, et TrueCrypt ei muuda kunagi selle faili sisu. Sa saad valida rohkem kui ühe võtmefaili (järjekord pole oluline). Kui lisad terve kataloogi, kasutatakse võtmefailidena kõiki selles kataloogis leiduvaid faile.</control>
    <control lang="et" key="IDT_TEST_CONFIG">Šifri konfiguratsioon (kõik suurused baitides)</control>
    <control lang="et" key="IDD_PCDM_CHANGE_PKCS5_PRF">Säti päise võtme derivatsiooni algoritm</control>
    <control lang="et" key="IDD_PCDM_ADD_REMOVE_VOL_KEYFILES">Lisa/Eemalda võtmefailid konteineri(le/lt)</control>
    <control lang="et" key="IDD_PCDM_REMOVE_ALL_KEYFILES_FROM_VOL">Eemalda kõik võtmefailid konteinerilt</control>
    <control lang="et" key="IDT_EXPLORER_OPTIONS">Windows Explorer</control>
    <control lang="et" key="IDC_BROWSE_KEYFILES">Sirvi...</control>
    <control lang="et" key="IDD_KEYFILE_GENERATOR_DLG">TrueCrypt - Võtmefaili generaator</control>
    <control lang="et" key="IDT_LICENSE">Litsentsitingimused:</control>
    <control lang="et" key="IDT_UNINSTALL_INFO">Ühtki TrueCrypti konteinerit ei kustutatud. Registri sissekandeid asukohas HKLM\\SYSTEM\\ControlSet001\\Enum\\Root\\LEGACY_TRUECRYPT ei saa eemaldada kuna Windows ei võimalda nende kustutamist.</control>
    <control lang="et" key="MENU_FILE">Fail</control>
    <control lang="et" key="MENU_VOLUMES">Konteinerid</control>
    <control lang="et" key="MENU_KEYFILES">Võtmefailid</control>
    <control lang="et" key="MENU_TOOLS">Tööriistad</control>
    <control lang="et" key="MENU_SETTINGS">Seaded</control>
    <control lang="et" key="MENU_HELP">Abi</control>
    <control lang="et" key="MENU_WEBSITE">   Kodulehekülg   </control>
    <!-- Strings -->
    <string lang="et" key="ABOUTBOX">Teave...</string>
    <string lang="et" key="ACCESSMODEFAIL">Kirjutuskaitstuse atribuuti sinu vanal konteineril ei saa muuta. Kontrolli faili juurdepääsuõigusi.</string>
    <string lang="et" key="ACCESS_DENIED">Viga: Juurdepääs keelatud.\n\nPartitsioon, millele proovite jjuurde pääseda on 0 sektorit pikk või on boot-seade.</string>
    <string lang="et" key="ADMIN_PRIVILEGES_DRIVER">TrueCrypti tüüreli laadimiseks  pead sa olema sisse logitud Administratori õigustes.</string>
    <string lang="et" key="ADMIN_PRIVILEGES_WARN_DEVICES">Pane tähele, et krüptida/formaatida partitsiooni/seadet, pead sa olema sisse logitud Administraatori õigustes. See ei kehti faili-baasil konteineritele.</string>
    <string lang="et" key="ADMIN_PRIVILEGES_WARN_HIDVOL">Peidetud konteineri loomiseks pead sa olema sisse logitud Administraatori õigustes.\n\nJätkan?</string>
    <string lang="et" key="ADMIN_PRIVILEGES_WARN_NTFS">Pane tähele, et formaatida konteiner kui NTFS, pead sa olema sisse logitud Administraatori õigustes. Ilma Administraatori  õigusteta saad sa konteineri formaatida kui FAT.</string>
    <string lang="et" key="AES_HELP">FIPS-i heakskiiduga šiffer (Rijndael, avaldatud 1998), mida võivad kasutada Ühendriikide Valitsuse osakonnad ja agentuurid kaitsmaks infot kuni Top Secret tasemeni. 256-bitine võti, 128-bitine blokk, 14 ringi (AES-256). Töörežiimiks on LRW.</string>
    <string lang="et" key="ALREADY_MOUNTED">See konteiner on juba haagitud.</string>
    <string lang="et" key="ERR_SELF_TESTS_FAILED">HOIATUS: Vähemalt üks krüpteerimis- või räsialgoritm ebaõnnestus sisseehitatud enesetestimises\n\nTrueCrypt paigaldus võib olla viga saanud.</string>
    <string lang="et" key="ERR_NOT_ENOUGH_RANDOM_DATA">HOIATUS: Juhusliku numbri generaatori maatriksis ei ole piisavalt andmeid loomaks piisavas hulgas juhuslikke andmeid.\n\nSa ei tohiks jätkata. Palun vali 'Teavita veast' Abi-menüüst ja teata sellest veast.</string>
    <string lang="et" key="BAD_DRIVE_LETTER">Vigane draivi täht.</string>
    <string lang="et" key="CANCEL">Tühista</string>
    <string lang="et" key="CANNOT_CALC_SPACE">Ei sa seadmele ligi. Veendu, et valitud seade eksisteerib ja ei ole süsteemi poolt kasutuses.</string>
    <string lang="et" key="CAPSLOCK_ON">Hoiatus: Caps Lock on sees. See võib põhjustada salasõna valesti sisetsamise.</string>
    <string lang="et" key="CIPHER_HIDVOL_HOST_TITLE">Välise konteineri krüpteerimisvalikud</string>
    <string lang="et" key="CIPHER_HIDVOL_TITLE">Peidetud konteineri krüpteerimisvalikud</string>
    <string lang="et" key="CIPHER_TITLE">Krüpteerimise valikud</string>
    <string lang="et" key="CLEAN_WINMRU_FAILED">HOIATUS: Viimase konteineri/võtmefaili failitee kustutamine ebaõnnestus (failisirvija mälus)!</string>
    <string lang="et" key="COMPRESSION_NOT_SUPPORTED">Viga: konteiner on pakitud failisüsteemi tasemel. TrueCrypt ei toeta pakitud konteinereid (pane tähele, et krüptitud andmete pakkimine on ebaefektiivne ja liigne).\n\nPalun keela konteineri pakkimine järgides neid samme: 1) Parem klikk konteineril Windows Exploreris (mitte TrueCryptis). 2) Vali 'Properties'. 3) Dialoogiaknas 'Properties' kliki 'Advanced'. 4) Dialoogiakanas 'Advanced Attributes' keela valik 'Compress contents to save disk space' ja kliki 'OK'. 5) Dialoogiaknas 'Properties' kliki 'OK'.</string>
    <string lang="et" key="CREATE_FAILED">Konteineri %hs loomine ebaõnnestus</string>
    <string lang="et" key="DEVICE_FREE_BYTES">%hs maht on %.2f baiti</string>
    <string lang="et" key="DEVICE_FREE_GB">%hs maht on %d GB</string>
    <string lang="et" key="DEVICE_FREE_KB">%hs maht on %.2f KB</string>
    <string lang="et" key="DEVICE_FREE_MB">%hs maht on %.2f MB</string>
    <string lang="et" key="DEVICE_FREE_PB">%hs maht on %d PB</string>
    <string lang="et" key="DEVICE_FREE_TB">%hs maht on %d TB</string>
    <string lang="et" key="DEVICE_IN_USE">HOIATUS: Seade/partitsioon on juba kasutuses!\n\nSelle ignoreerimine võib põhjustada soovimatuid tulemusi, kaasa arvatud süsteemi ebastabiilsust. Kõik rakendused, mis seadet/partitsiooni kasutavad tuleks sulgeda enne konteineri haakimist.\n\nJätkan haakimisega?</string>
    <string lang="et" key="DEVICE_IN_USE_FORMAT">HOIATUS: Seade/partitsioon on kasutuses rakenduste või operatsioonisüsteemi poolt. Seadme/partitsiooni formaatimine võib põhjustada andmekadu ja süsteemi ebastabiilsust.\n\nJätkan?</string>
    <string lang="en" key="FORMAT_CANT_DISMOUNT_FILESYS">Error: The device/partition contains a file system that could not be dismounted. The file system may be in use by the operating system. Formatting the device/partition would very likely cause data corruption and system instability.\n\nTo solve this issue, we recommend that you first delete the partition and then recreate it without formatting. To do so, follow these steps:\n1) Right-click the 'Computer' (or 'My Computer') icon in the 'Start Menu' and select 'Manage'. The 'Computer Management' window should appear.\n2) In the 'Computer Management' window, select 'Storage' &gt; 'Disk Management'.\n3) Right-click the partition you want to encrypt and select either 'Delete Partition', or 'Delete Volume', or 'Delete Logical Drive'.\n4) Click 'Yes'. If Windows asks you to restart the computer, do so. Then repeat the steps 1 and 2 and continue from the step 5.\n5) Right-click the unallocated/free space area and select either 'New Partition', or 'New Simple Volume', or 'New Logical Drive'.\n6) The 'New Partition Wizard' or 'New Simple Volume Wizard' window should appear now; follow its instructions. On the wizard page entitled 'Format Partition', select either 'Do not format this partition' or 'Do not format this volume'. In the same wizard, click 'Next' and then 'Finish'.\n7) Note that the device path you have selected in TrueCrypt may be wrong now. Therefore, exit the TrueCrypt Volume Creation Wizard (if it is still running) and then start it again.\n8) Try encrypting the device/partition again.\n\nIf TrueCrypt repeatedly fails to encrypt the device/partition, you may want to consider creating a file container instead.</string>
    <string lang="et" key="DEVICE_IN_USE_INFO">HOIATUS: Mõni haagitud seade/partitsioon on juba kasutuses!\n\nSelle ignoreerimine võib põhjustada soovimatuid tagajärgi k.a süsteemi ebastabiilsust.\n\nSoovitame rangelt sulgeda rakendused, mis võivad kasutada seadmeid/partitsioone.</string>
    <string lang="et" key="DEVICE_PARTITIONS_ERR">Valitud seade sisaldab partitsioone.\n\nSeadme formaatimine võib põhjustada süsteemi ebastabiilsust ja/või andmete korrumpeerumist. Palun vali kas üks partitsioon seadmel või eemalda kõik partitsioonid, et TrueCrypt saaks seadme turvaliselt formaatida.</string>
    <string lang="en" key="WHOLE_DEVICE_WARNING">IMPORTANT: If you encrypt the entire device, the operating system will consider the device as new and unformatted (as it will contain no partition table). This will make the volume susceptible to accidental initialization, which may cause it to be impossible to mount.\n\nIt is preferable to create a partition on the device and encrypt the partition instead.\n\nAre you sure want to encrypt the entire device?</string>
    <string lang="en" key="WHOLE_DEVICE_NOTE">IMPORTANT: Keep in mind to answer 'No', whenever Windows asks you whether you want to initialize this device (even if Windows tells you that you must do so). Otherwise, you may damage the volume and make it impossible to mount.\n\nWe also recommend that you backup the volume header after the volume is created (Tools -&gt; Backup Volume Header).</string>
    <string lang="en" key="AFTER_FORMAT_DRIVE_LETTER_WARN">IMPORTANT: Please keep in mind that this partition/device can NOT be mounted using the drive letter %c:, which is currently assigned to it!\n\nTo mount this partition/device, click 'Auto-Mount Devices' in the main TrueCrypt window. Alternatively, in the main TrueCrypt window, click 'Select Device', then select this partition/device, and click 'Mount'. The partition/device will be mounted to a different drive letter, which you will select from the list in the main TrueCrypt window.\n\nThe original drive letter %c: should be used only in case you need to remove encryption from the partition/device (e.g., if you no longer need encryption). In such a case, right-click the drive letter %c: in the 'Computer' (or 'My Computer') list and select 'Format'. Otherwise, the drive letter %c: should never be used (unless you remove it and assign it to another partition/device).</string>
    <string lang="et" key="DISK_FREE_BYTES">Vaba ruumi kettal %hs %.2f baiti.</string>
    <string lang="et" key="DISK_FREE_GB">Vaba ruumi on kettal %hs %d GB.</string>
    <string lang="et" key="DISK_FREE_KB">Vaba ruumi on kettal %hs %.2f KB.</string>
    <string lang="et" key="DISK_FREE_MB">Vaba ruumi on kettal %hs %.2f MB.</string>
    <string lang="et" key="DISK_FREE_PB">Vaba ruumi on kettal %hs %d PB.</string>
    <string lang="et" key="DISK_FREE_TB">Vaba ruumi on kettal %hs %d TB.</string>
    <string lang="et" key="DRIVELETTERS">Ei suutnud vabu draivitähti hankida.</string>
    <string lang="et" key="DRIVER_NOT_FOUND">TrueCrypti tüürelit ei leitud!\n\nPalun kopeeri failid 'truecrypt.sys' ja 'truecrypt-x64.sys' samasse kataloogi, kus programm asub.</string>
    <string lang="et" key="DRIVER_VERSION">Ühildamatu versioon TrueCrypti tüürelist on kasutuses.\n\nNõutav versioon: TrueCrypt %hs</string>
    <string lang="et" key="ERR_CIPHER_INIT_FAILURE">Viga: šifri initsialiseerimise viga.</string>
    <string lang="et" key="ERR_CIPHER_INIT_WEAK_KEY">Viga: tuvastati nõrk või potensiaalselt nõrk võti. Võti visatakse ära. Palun proovi uuesti.</string>
    <string lang="en" key="EXCEPTION_REPORT">A critical error has occured and TrueCrypt must be terminated. If this is caused by a bug in TrueCrypt, we would like to fix it. To help us, you can send us an automatically generated error report containing the following items:\n\n- Program version\n- Operating system version\n- TrueCrypt component name\n- Checksum of TrueCrypt executable\n- TrueCrypt dialog identifier\n- Error category\n- Error address\n- TrueCrypt call stack\n\nIf you select 'Yes', the following URL (which contains the entire error report) will be opened in your default Internet browser (note that in some cases this may take up to 30 seconds).\n\n%hs\n\nDo you want to send us the above error report?</string>
    <string lang="et" key="EXCEPTION_REPORT_EXT">Sinu süsteemis ilmnes kriitiline viga, mille tõttu tuleb TrueCrypt töö katkestada.\n\nPane tähele, et viga ei põhjustanud TrueCrypt (seega TrueCrypti arendajad ei saa seda parandada).Palun kontrolli oma süsteemi võimalike probleemide eest (s.h süsteemi konfiguratsioon, võrguühendus, vigane raudvara).</string>
    <string lang="et" key="EXCEPTION_REPORT_TITLE">TrueCrypti kriitiline viga</string>
    <string lang="et" key="EXIT">Välju</string>
    <string lang="et" key="EXT_PARTITION">Palun loo logical draiv sellele extended partitsioonile ja proovi siis uuesti.</string>
    <string lang="et" key="FILE_HELP">Sa saad luua faili-baasil konteineri või krüpteerida terved kõvaketta partitsioonid, floppy kettad, USB mälupulgad ja muud salvestusseadmed. Kliki 'Vali fail...' täpsustamaks nime ja failiteed loodavale konteinerfailile või kliki 'Vali seade...' valimaks krüpteeritav partitsioon või seade.\n\nHOIATUS: valides partitsiooni või seadme, kustutatakse partitsioonilt või seadmelt kõik hetkel salvestatud andmed ja failid.</string>
    <string lang="et" key="FILE_HELP_HIDDEN_HOST_VOL">Vali asukoht loodavale välisele konteinerile (mille sisse hiljem luuakse peidetud konteiner).\n\nSa saad luua faili-baasil konteineri või krüpteerida terve kõvaketta partitsiooni, floppyketta või muu meedia. Kliki 'Vali fail' täpsustamaks nime ja failiteed uue konteineri majutuseks, või kliki 'Vali seade' valimaks partitsioon või seade krüpteerimiseks.\n\nKui sa krüpteerid partitsiooni või seadme, kõik seal hetkel salvestatud andmed kustutatakse.</string>
    <string lang="et" key="FILE_HELP_HIDDEN_HOST_VOL_DIRECT">Vali konteineri asukoht, millesse soovid luua peidetud konteineri.</string>
    <string lang="et" key="FILE_IN_USE">HOIATUS: majutusfail/seade on juba kasutuses!\n\nSelle ignoreerimine võib tuua tõsiseid tagajärgi k.a süsteemi ebastabiilsuse. Kõik rakendused, mis võivad majutusfaili/seadet kasutada tuleks sulgeda enne selle konteineri haakimist.\n\nJätkan haakimisega?</string>
    <string lang="et" key="FILE_IN_USE_FAILED">Viga: konteineri haakimine ebaõnnestus. Majutusfail/seade on juba kasutuses. Katse haakida ekslusiivse juurdepääsuga ebaõnnestus samuti.</string>
    <string lang="et" key="FILE_OPEN_FAILED">Faili avamine ebaõnnestus.</string>
    <string lang="et" key="FILE_TITLE">Konteineri asukoht</string>
    <string lang="et" key="FORMAT">&amp;Formaadi</string>
    <string lang="et" key="FORMAT_ABORT">Katkestada formaatimine?</string>
    <string lang="et" key="FORMAT_FINISHED_HELP">\n\nTrueCrypti konteiner on loodud ja kasutuseks valmis. Kui soovid luua veel mõne TrueCrypti konteineri, kliki 'Edasi'. Vastasel juhul kliki 'Välju'.</string>
    <string lang="et" key="FORMAT_FINISHED_INFO">TrueCrypti konteiner on edukalt loodud.</string>
    <string lang="et" key="FORMAT_FINISHED_TITLE">Konteiner loodud</string>
    <string lang="et" key="FORMAT_HELP">Siin saad valida täiendavaid valikuid, mis mõjutavad uue konteineri formaatimist. Palun juhindu dokumentatsioonist lähemaks informatsiooniks. Kui valmis, kliki 'Formaadi' oma uue konteineri loomiseks.</string>
    <string lang="et" key="FORMAT_HIDVOL_HOST_HELP">Pane tähele, et peidetud konteinerit saab luua ainult FAT konteineri sisse. Täpsemaks informatsiooniks juhindu dokumentatsioonist. Kui valmis, kliki 'Formaadi' oma uue välise konteineri loomiseks.</string>
    <string lang="et" key="FORMAT_HIDVOL_HOST_TITLE">Välise konteineri formaatimine</string>
    <string lang="et" key="FORMAT_HIDVOL_TITLE">Peidetud konteineri formaatimine</string>
    <string lang="et" key="FORMAT_TITLE">Konteineri formaatimine</string>
    <string lang="et" key="GETFILETIME_FAILED">HOIATUS: ei suuda hankida konteineri ajatemplit!</string>
    <string lang="et" key="GETFILETIME_FAILED_GENERIC">HOIATUS: ei suuda hankida konteineri ajatemplit!\n\nKui selle sees on peidetud konteiner, peidetud konteineri plausible deniability võib saada mõjutatud.</string>
    <string lang="et" key="GETFILETIME_FAILED_IMPLANT">HOIATUS: ei suuda hankida konteineri ajatemplit!\n\nKui sa ei algseadistanud seda välist tööriista kasutades, soovitame sellese konteinerisse peidetud konteinerit mitte luua.</string>
    <string lang="et" key="GETFILETIME_FAILED_PW">HOIATUS: ei suuda hankida konteineri ajatemplit!\n\nKui selles konteineris on peidetud konteiner, on selle plausible deniability mõjutatud peale salasõna muutmist või -katset.</string>
    <string lang="et" key="GETFILETIME_FAILED_KEYFILE">HOIATUS: ei suuda hankida võtmefaili ajatemplit! Ei suuda viimast juurdepääsu kuupäeva/aega säilitada.\n\nOn võimalik tuvastada, et see fail on kasutuses olnud.</string>
    <string lang="et" key="HELP_READER_ERROR">Adobe Reader (või vastav tööriist) on vajalik TrueCrypti kasutaja teejuhi vaatamiseks/printimiseks. Adobe Readerit (vabavara) saab alla laadida: www.adobe.com\n\nKas soovid vaadata hoopiski dokumentatsiooni võrgust?</string>
    <string lang="et" key="HIDDEN_VOL_WIZARD_MODE_HELP">Kogenematud kasutajad peaksid valima esimese valiku. Kui sa valid teise valiku, eeldatakse, et sa oled juba loonud TrueCrypt konteineri, mis on sobiv peidetud konteineri majutuseks.</string>
    <string lang="et" key="HIDDEN_VOL_WIZARD_MODE_TITLE">Nõustaja töörežiim</string>
    <string lang="et" key="HIDVOL_FORMAT_FINISHED_HELP">Peidetud TrueCrypti konteiner on edukalt loodud ja kasutuseks valmis. Kui kõiki instruktsioone on jälgitud ja kui ettevaatusabinõusid peatükis "Security Precautions Pertaining to Hidden Volumes" TrueCrypti kasutaja teejuhis on järgitud, on võimatu tõestada, et peidetud konteiner eksisteerib, isegi kui väline konteiner on haagitud.\n\nHOIATUS: KUI SA EI KAITSE PEIDETUD KONTEINERIT (INFORMATSIOONI, KUIDAS SEDA TEHA, VAATA TRUECRYPTI KASUTAJA TEEJUHI PEATÜKIST C), ÄRA KIRJUTA VÄLISESSE KONTEINERISSE. VASTASEL JUHUL VÕID SA VIGASTADA PEIDETUD KONTEINERIT VÕI SELLE ÜLE KIRJUTADA!</string>
    <string lang="et" key="HIDVOL_FORMAT_FINISHED_TITLE">Peidetud konteiner lodud</string>
    <string lang="et" key="HIDVOL_HOST_FILLING_HELP">Väline konteiner on edukalt loodud ja haagitud kui draiv %hc:. Sellesse konteinerisse peaksid sa nüüd kopeerima tundliku välimusega faile, mida sa tegelikult EI TAHA peita. Need failid on neile, kes sunnivad sind salasõna avaldama. Vajadusel avaldad ainult selle välise konteineri, mitte peidetud konteineri salasõna. Failid, mida tegelikult tahad kaitsta, on salvestatud peidetud konteinerisse, mille loome hiljem. Kopeerimise lõpetamisel kliki 'Edasi'. Ära haagi konteinerit lahti.\n\nMärkus: peale Edasi klikkimist skanneeritakse välise konteineri klastrikaart leidmaks sekkumata vaba ala suurus, mis on ka peidetud konteineri maksimaalne suurus ja mille lõpp on konteineri lõpp. See ala majutab peidetud konteineri, seega limiteerib selle maksimaalse suuruse. Klastrikaardi skanneerimine tagab, et peidetud konteiner ei kirjuta üle andmeid välises konteineris.</string>
    <string lang="et" key="HIDVOL_HOST_FILLING_TITLE">Välimise konteineri sisu</string>
    <string lang="et" key="HIDVOL_HOST_PRE_CIPHER_HELP">\n\nJärgnevatel sammudel sätid valikud välisele konteinerile (mille sisse hiljem luuakse sisemine konteiner). </string>
    <string lang="et" key="HIDVOL_HOST_PRE_CIPHER_TITLE">Väline konteiner</string>
    <string lang="et" key="HIDVOL_PRE_CIPHER_HELP">\n\nKonteineri klastrikaart on skännitud ja maksimaalne peidetud konteineri maht leitud. Järgnevatel sammudel saad valida valikud ning peidetud konteineri maksimumsuuruse ja selle salasõna.</string>
    <string lang="et" key="HIDVOL_PRE_CIPHER_TITLE">Peidetud konteiner</string>
    <string lang="et" key="HIDVOL_PROT_WARN_AFTER_MOUNT">Peidetud konteiner on nüüd kuni välise konteineri lahtihaakimiseni vigastuste vastu.\n\nHOIATUS: Kui üritatakse andmeid salvestada peidetud konteineri alale, TrueCrypt käivitab terve (nii välise kui peidetud) konteineri kirjutuskaitse kuni see lahti haagitakse. See võib põhjustada failisüsteemi vigastustuse välises konteineris. Andmed, mis kirjutatakse peidetud konteineri alale, EI salvestata ja lähevad kaotsi. Windows või teavitada sellest kui kirjutusveast ("Delayed Write Failed" või "The parameter is incorrect").</string>
    <string lang="et" key="HIDVOL_PROT_WARN_AFTER_MOUNT_PLURAL">Iga peidetud konteiner äsja haagitud konteineri sees on nüüd kaitstud kuni lahtihaakimiseni.\n\nHOIATUS: Kui üritatakse andmeid salvestada peidetud konteineri alale, TrueCrypt käivitab terve (nii välise kui peidetud) konteineri kirjutuskaitse kuni see lahti haagitakse. See võib põhjustada failisüsteemi vigastustuse välises konteineris. Andmed, mis kirjutatakse peidetud konteineri alale, EI salvestata ja lähevad kaotsi. Windows või teavitada sellest kui kirjutusveast ("Delayed Write Failed" või "The parameter is incorrect").</string>
    <string lang="et" key="DAMAGE_TO_HIDDEN_VOLUME_PREVENTED">HOIATUS: Andmeid üritati salvestada peidetud konteineri alale konteineril haagitud kui %c:!\n\nTrueCrypt ennetas nende andmete salvestamist, kaitsmaks peidetud konteinerit. See võis põhjustada failisüsteemi korrumpeerumist välises konteineris ja Windows võis raporteerida kirjutusviga ("Delayed Write Failed" or "The parameter is incorrect"). Kogu konteiner (nii väline kui peidetud) on kirjutuskaitstud  kuni selle lahtihaakimiseni.\n\nSoovitame tungivalt oma operatsioonisüsteemile alglaadimine teha.</string>
    <string lang="et" key="INIT_MUTEX">Võimetu rakendust initsialiseerima. Mutex objekti loomine ebaõnnestus.</string>
    <string lang="et" key="INIT_RAND">Juhunumbri generaatori initsialiseerimine ebaõnnestus!</string>
    <string lang="et" key="INIT_REGISTER">Võimetu rakendust initsialiseerima. Dialoogi klassi registreerimine ebaõnnestus.</string>
    <string lang="et" key="INTRO_HELP">\nSee nõustaja aitab sul luua uue TrueCrypt konteineri.\n\nTÄHTIS: alustati juhuslike andmete kogumist. Neid andmeid kasutatakse uuele konteinerile peavõtme, sekundaarvõtme (LRW režiim) loomiseks. Kogutud andmed sisaldavad hiire liigutusi siin aknas, klahvivajutusi ja muid süsteemilt saadavaid andmeid. Andmed peaks olema nii juhuslikud kui võimalik, seega mida kaootilisemalt ja kauem sa hiirt liigutad, seda parem.</string>
    <string lang="et" key="INTRO_TITLE">TrueCrypt konteineri loomise nõustaja</string>
    <string lang="et" key="INVALID_DEVICE">Vigane draiv või partitsioon valitud. Kasuta järgmist süntaksit partitsioonide haakimiseks: \\Device\\Harddisk0\\Partition4</string>
    <string lang="et" key="MAX_HIDVOL_SIZE_BYTES">Maksimaalne võimalik peidetud konteineri suurus sellel konteineril on %.2f baiti.</string>
    <string lang="et" key="MAX_HIDVOL_SIZE_KB">Maksimaalne võimalik peidetud konteineri suurus sellel konteineril on %.2f KB.</string>
    <string lang="et" key="MAX_HIDVOL_SIZE_MB">Maksimaalne võimalik peidetud konteineri suurus sellel konteineril on %.2f MB.</string>
    <string lang="et" key="MOUNTED_NOPWCHANGE">Konteineri salasõna/võtmefaile ei saa muuta kui konteiner on haagitud. Palun haagi konteiner enne lahti.</string>
    <string lang="et" key="MOUNTED_NO_PKCS5_PRF_CHANGE">Päise võtme derivaatlogaritmi ei saa muuta, kui konteiner on haagitud. Palun haagi konteiner enne lahti.</string>
    <string lang="et" key="MOUNT_BUTTON">Haagi</string>
    <string lang="et" key="NEW_VERSION_REQUIRED">Selle konteineri haakimiseks on vajalik TrueCrypti uuem versioon.</string>
    <string lang="et" key="VOL_CREATION_WIZARD_NOT_FOUND">Viga: Konteineri loomise nõustajat ei leidnud.\n\nPalun veendu, et fail 'TrueCrypt Format.exe' on kataloogis, milles on 'TrueCrypt.exe' käivitatud. Kui ei, palun taaspaigalda TrueCrypt või näita 'TrueCrypt Format.exe' asukoht kettal ja käivita see.</string>
    <string lang="et" key="NEXT">Edasi &gt;</string>
    <string lang="et" key="FINALIZE">&amp;Lõpeta</string>
    <string lang="en" key="NODRIVER">Unable to connect to the TrueCrypt device driver. TrueCrypt cannot work if the device driver is not running.\n\nPlease note that, due to a Windows issue, it may be required to log off or restart the system before the device driver can be loaded.</string>
    <string lang="et" key="NOFONT">Ilmnes viga fontide laadimisel/ettevalmistamisel.</string>
    <string lang="et" key="NOT_FOUND">Täpsustatud DOS draivi tähte ei leitud.</string>
    <string lang="et" key="DRIVE_LETTER_UNAVAILABLE">Draivitäht pole saadaval.</string>
    <string lang="et" key="NO_FILE_SELECTED">Ükski fail pole valitud!</string>
    <string lang="et" key="NO_FREE_DRIVES">Ühtegi draivi tähte pole saadaval.</string>
    <string lang="et" key="NO_FREE_DRIVE_FOR_OUTER_VOL">Välise konteineri jaoks pole vaba draivi tähte! Konteineri loomine katkestatud.</string>
    <string lang="et" key="NO_OS_VER">Sinu operatsioonisüsteemi tuvastamine ebaõnnestus või kasutad toetuseta operatsioonisüsteemi.</string>
    <string lang="et" key="NO_PATH_SELECTED">Failitee pole valitud!</string>
    <string lang="et" key="NO_SPACE_FOR_HIDDEN_VOL">Peidetud konteinerile pole piisavalt vaba ruumi! Konteineri loomine katkestatud.</string>
    <string lang="et" key="OPENFILES_DRIVER">Tüürel on võimetu konteinerit lahti haakima. Osad failid antud konteineril on tõenäoliselt ikka avatud.</string>
    <string lang="et" key="OPENFILES_LOCK">Võimetu konteinerit lukustama. Konteineril on ikka failid avatud. Seetõttu ei saa seda lahti haakida.</string>
    <string lang="et" key="OPEN_VOL_TITLE">Vali TrueCrypti konteiner</string>
    <string lang="et" key="OPEN_TITLE">Täpsusta failitee ja faili nimi</string>
    <string lang="et" key="OUTOFMEMORY">Mälu otsas</string>
    <string lang="en" key="FORMAT_DEVICE_FOR_ADVANCED_ONLY">IMPORTANT: We strongly recommend that inexperienced users create a TrueCrypt file container on the selected device/partition, instead of attempting to encrypt the entire device/partition.\n\nWhen you create a TrueCrypt file container (as opposed to encrypting a device or partition) there is, for example, no risk of destroying a large number of files. Note that a TrueCrypt file container (even though it contains a virtual encrypted disk) is actually just like any normal file. Therefore, it can be, for example, easily renamed, moved, or copied as any normal file. To create a TrueCrypt file container, click 'No' and then click 'Select File' in the wizard window. For more information, see the chapter Beginner's Tutorial in the TrueCrypt User Guide.\n\nAre you sure you want to encrypt the entire device/partition?</string>
    <string lang="et" key="OVERWRITEPROMPT">HOIATUS: fail '%hs' juba eksisteerib!\n\nPane tähele, et TrueCrypt EI KRÜPTEERI seda faili, kuid kustutab selle. Oled kindel, et soovid faili kustutada ja asendada selle TrueCrypti konteineriga?</string>
    <string lang="en" key="OVERWRITEPROMPT_DEVICE">CAUTION: ALL FILES CURRENTLY STORED ON THE SELECTED %s '%hs'%s WILL BE ERASED AND LOST!\n\nAre you sure you want to proceed with format?</string>
    <string lang="et" key="PASSWORD">Salasõna</string>
    <string lang="et" key="PASSWORD_CHANGED">Salasõna ja/või võtmefail(id) edukalt muudetud.\n\nTÄHTIS: Palun veendu, et oled lugenud sektsiooni 'Salasõnade ja võtmefailide muutmine' peatükis 'Turvalisuse ettevaatusabinõud' TrueCrypti kasutaja käsiraamatust.</string>
    <string lang="et" key="KEYFILE_CHANGED">Võtmefail(id) edukalt lisatud/eemaldatud.</string>
    <string lang="et" key="PKCS5_PRF_CHANGED">Päise võtme derivatsioonalgoritm edukalt sätitud.</string>
    <string lang="et" key="PASSWORD_HELP">On väga oluline, et sa valid hea salasõna. Peaksid vältima üksikut sõna, mis leidub sõnastikus (või kombinatsiooni 2-st, 3-st, või 4-st sellisest sõnast). Salasõna ei tohiks sisaldada ühtegi nime või sünniaega; olla kergesti äraarvatav. Hea salasõna on juhuslik kombinatsioon väikestest- ja trükitähtedest, numbritest ja erimärkidest nagu @ ^ = $ * + jne.\n\nMe soovitame valida salasõna, mis koosneb enam kui 20-st sümbolist (mida pikem, seda parem). Maksimaalne salasõna pikkus on 64 sümbolit.</string>
    <string lang="et" key="PASSWORD_HIDDENVOL_HELP">Palun vali peidetud konteinerile salasõna. </string>
    <string lang="et" key="PASSWORD_HIDDENVOL_HOST_DIRECT_HELP">Palun sisesta konteineri salasõna, millesse soovid peidetud konteinerit luua.\n\n Peale Edasi klikkimist, TrueCrypt üritab konteinerit külge haakida. Kohe, kui konteiner on haagitud, selle klastrikaart skanneeritakse leidmaks puutumatu vaba ruumi(kui on sellist) maht, mille lõpp märgitakse konteineri lõpuks. See ala majutab peidetud konteinerit ja seega limiteerib selle maksimaalse võimaliku suuruse. Klastrikaardi skanneerimine on oluline tagamaks, et välise konteineri andmeid ei kirjutata üle peidetud konteineri poolt.</string>
    <string lang="et" key="PASSWORD_HIDDENVOL_HOST_HELP">\nPalun vali salasõna välisele konteinerile. See on salasõna, mida võid vastasele paljastada, kui sul palutakse seda või sunnitakse seda tegema.\n\nSalasõna peab olema erinev sellest, mille valid peidetud konteineri salasõnaks.\n\nMärkus: Maksimaalne salasõna pikkus on 64 sümbolit.</string>
    <string lang="et" key="PASSWORD_HIDVOL_HOST_TITLE">Välise konteineri salasõna</string>
    <string lang="et" key="PASSWORD_HIDVOL_TITLE">Peidetud konteineri salasõna</string>
    <string lang="et" key="PASSWORD_LENGTH_WARNING">HOIATUS: Lühikesi salasõnu on kerge murda kasutades toore jõu tehnikaid!\n\nMe soovitame valida salasõna, mis koosneb enam kui 20-st sümbolist.\n\nOled kindel, et soovid kasutada lühikest salasõna?</string>
    <string lang="et" key="PASSWORD_TITLE">Konteineri salasõna</string>
    <string lang="et" key="PASSWORD_WRONG">Vale salasõna või pole TrueCrypti konteiner.</string>
    <string lang="et" key="PASSWORD_OR_KEYFILE_WRONG">Ebakorrektne võtmefail(id) ja/või salasõna või pole tegemist TrueCrypti konteineriga.</string>
    <string lang="et" key="PASSWORD_WRONG_CAPSLOCK_ON">\n\nHOIATUS: Tõstuklahv on sees. See võib põhjustada salasõna ebakorrektset sisestust.</string>
    <string lang="et" key="PASSWORD_WRONG_AUTOMOUNT">Ebakorrektne salasõna või pole TrueCrypti konteinerit leitud.</string>
    <string lang="et" key="PASSWORD_OR_KEYFILE_WRONG_AUTOMOUNT">Ebakorrektsed võtmefailid/salasõna või pole TrueCrypti konteinerit leitud.</string>
    <string lang="et" key="PREV">&lt; Tagasi</string>
    <string lang="et" key="RAWDEVICES">Võimetu koostama sinu süsteemi paigaldatud toorseadmete nimekirja!</string>
    <string lang="et" key="READONLYPROMPT">Konteiner '%hs' eksisteerib ja on kirjutuskaitstud. Oled kindel, et soovid selle asendada?</string>
    <string lang="et" key="SELECT_DEST_DIR">Vali sihtkataloog</string>
    <string lang="et" key="SELECT_KEYFILE">Vali võtmefail</string>
    <string lang="et" key="SELECT_KEYFILE_PATH">Vali võtmefailide failitee. HOIATUS: pea meeles, et meelde jäetakse ainult failitee, mitte failinimed!</string>
    <string lang="et" key="SERPENT_HELP">Disaininud Ross Anderson, Eli Biham ja Lars Knudsen. Avaldatud aastal 1998. 256 bitine võti, 128 bitine blokk. Töörežiim on LRW. Serpent oli üks AES finalistidest.</string>
    <string lang="et" key="SETFILETIME_FAILED_IMPLANT">HOIATUS: Konteineri ajatempli(faili muutmise/juurdepääsu kuupäev/aeg) taastamine ebaõnnestus!\n\nPeidetud konteineri plausible deniability võib olla mõjutatud.</string>
    <string lang="et" key="SETFILETIME_FAILED_PREP_IMPLANT">HOIATUS: Konteineri ajatempli taastamine ebaõnnestus!\n\nKui sa ei algseadista ajatemplit välist rakendust kasutades, soovitame sul sellesse konteineriss peidetud konteinerit MITTE luua.</string>
    <string lang="et" key="SETFILETIME_FAILED_PW">HOIATUS: Konteineri ajatempli(faili muutmise/juurdepääsu kuupäev/aeg) taastamine ebaõnnestus!\n\nKui selles konteineris on peidetud konteiner, siis selle plausible deniability võib olla mõjutatud.</string>
    <string lang="et" key="SETFILETIME_FAILED_KEYFILE">HOIATUS: Võtmefaili ajatempli taastamine ebaõnnestus! Ei suuda taastada viimast juurdepääse kuupäeva/aega.\n\nOn võimalik tuvastada, et selle faili poole on pöördutud.</string>
    <string lang="et" key="SETUP_INCOMPLETE">Viga: 'Setup Files' kausta ei leitud.\n\nPane tähele, et enne kui sa saad TrueCrypti paigaldada, pead lahti pakkima kõik failid distributsioonpakist.</string>
    <string lang="et" key="SIZE_HELP">Palun täpsusta loodava konteineri mahtu.\n\nLuues dünaamilise (faili baasil) konteineri, määrab antud parameeter konteineri maksimaalse mahu.\n\nPea meeles, et väikseim võimalik FAT konteineri maht on 19KB. Väikseim võimalik NTFS konteineri maht on 2526 KB.</string>
    <string lang="et" key="SIZE_HELP_HIDDEN_HOST_VOL">Palun täpsusta uue välise konteineri (mille sisse hiljem peidetud konteiner luuakse) suurust. Minimaalne võimalik suurus konteineril, kuhu teine peidetud konteiner luua kavatsetakse, on 40KB.</string>
    <string lang="et" key="SIZE_HELP_HIDDEN_VOL">Palun täpsusta loodava peidetud konteineri maht. Minimaalne võimalik maht FAT konteineril on 19 KB. Minimaalne võimalik maht NTFS konteineril on  2526 KB. Maksimaalne võimalik peidetud konteineri maht on kuvatud ülal.</string>
    <string lang="et" key="SIZE_HIDVOL_HOST_TITLE">Välise konteineri maht</string>
    <string lang="et" key="SIZE_HIDVOL_TITLE">Peidetud konteineri maht</string>
    <string lang="et" key="SIZE_PARTITION_HELP">Seadme või partitsiooni suurust ei saa muuta. Palun kontrolli, kas valitud seadme või partitsiooni suurus on korrektne ja kliki 'Edasi'.</string>
    <string lang="et" key="SIZE_PARTITION_HIDDEN_VOL_HELP">\n\nPane tähele, et minimaalne võimalik suurus konteinerile, kuhu kavatsetakse peidetud konteiner luua, on 40KB.</string>
    <string lang="et" key="SIZE_TITLE">Konteineri maht</string>
    <string lang="et" key="SPARSE_FILE">Dünaamiline</string>
    <string lang="et" key="TESTS_FAILED">HOIATUS: ENESE-KONTROLLTEST EBAÕNNESTUS!</string>
    <string lang="et" key="TESTS_PASSED">Kõikide algoritmide enesetestid läbitud</string>
    <string lang="et" key="TEST_INCORRECT_LRW_INDEX_SIZE">LRW blocki indeks, mille lisasid on liiga pikk või liiga lühike.</string>
    <string lang="et" key="TEST_INCORRECT_LRW_KEY_SIZE">Sekundaarvõti, mille lisasid on liiga pikk või liiga lühike.</string>
    <string lang="et" key="TEST_CIPHERTEXT_SIZE">Testšiffri tekst, mille lisasid, on liiga pikk või liiga lühike.</string>
    <string lang="et" key="TEST_KEY_SIZE">Testvõti, mille lisasid, on liiga pikk või liiga lühike.</string>
    <string lang="et" key="TEST_PLAINTEXT_SIZE">Vormindamata testtekst, mille lisasid on liiga pikk või liiga lühike.</string>
    <string lang="et" key="TEST_LRW_INDEX_OVERRUN">Viga: TrueCrypt ei toeta LRW bloki indekseid suuremana kui 2^64.\n\nSamuti pane tähele, et suurim toetatud konteineri maht on 2^63 baiti (8589934592 GB).</string>
    <string lang="et" key="TWO_LAYER_CASCADE_HELP">Kaks šifrit kaskaadis töötamas LRW režiimis. Iga blokk krüptitakse alguses %hs (%d-bitine võti) ja seejärel %hs (%d-bitine võti). Iga šiffer kasutab oma võtit. Kõik võtmed on teineteisest sõltumatud.</string>
    <string lang="et" key="THREE_LAYER_CASCADE_HELP">Kolm šifrit kaskaadis töötamas LRW režiimis. Iga blokk krüptitakse alguses %hs (%d-bitine võti), siis %hs (%d-bitine võti)ja lõpuks %hs (%d-bitine võti). Iga šiffer kasutab oma võtit. Kõik võtmed on teineteisest sõltumatud.</string>
    <string lang="et" key="TRAVELLER_DISK_CREATED">TrueCrypti Traveller disk on edukalt loodud.\n\nPane tähele, et sa vajad Administraatori õigusi jooksutamaks TrueCrypti Traveller diski režiimis. Veel pane tähele, et uurides registri faili, on võimalik öelda, et TrueCrypti on jooksutatud Windowsi süsteemis, isegi kui seda on tehtud Traveller diski režiimis.</string>
    <string lang="et" key="TC_TRAVELLER_DISK">TrueCrypt Traveller Disk</string>
    <string lang="et" key="TWOFISH_HELP">Disainitud Bruce Schneier, John Kelsey, Doug Whiting, David Wagner, Chris Hall, ja Niels Fergusoni poolt. Avaldatud 1998. 256-bitine võti, 128-bitine blokk. Töörežiim on LRW. Twofish oli üks AES finalistidest.</string>
    <string lang="en" key="MORE_INFO_ABOUT">More information on %hs</string>
    <string lang="et" key="UNKNOWN">Tundmatu</string>
    <string lang="et" key="ERR_UNKNOWN">Ilmnes täpsustamata või tundmatu viga.</string>
    <string lang="et" key="UNKNOWN_DRIVER_CODE">Seadme tüürel tagastas tundmatu vea, kood = %d</string>
    <string lang="et" key="UNMOUNTALL_LOCK_FAILED">Osa konteinereid sisaldavad faile või katalooge, mis rakenduste või süsteemi poolt kasutuses.\n\nSunni lahtihaakima?</string>
    <string lang="et" key="UNMOUNT_BUTTON">Haagi lahti</string>
    <string lang="et" key="UNMOUNT_FAILED">Lahtihaakimine ebaõnnestus!</string>
    <string lang="et" key="UNMOUNT_LOCK_FAILED">Osa konteinereid sisaldavad faile või katalooge, mis rakenduste või süsteemi poolt kasutuses.\n\nSunni lahtihaakima?</string>
    <string lang="et" key="VOL_ALREADY_MOUNTED">Konteiner, mida püüad külge haakida on juba haagitud. </string>
    <string lang="et" key="VOL_FORMAT_BAD">Selle konteineri formaat pole äratuntav. Konteiner võib olla vigastatud.</string>
    <string lang="et" key="VOL_MOUNT_FAILED">Konteineri haakimisel ilmnes viga.</string>
    <string lang="et" key="VOL_READING">Viga andmete lugemisel konteinerist.</string>
    <string lang="et" key="VOL_SEEKING">Viga asukoha otsimisel konteineris.</string>
    <string lang="et" key="VOL_SIZE_WRONG">Viga: vale konteineri maht.</string>
    <string lang="et" key="VOL_TOO_SMALL">Konteiner on liiga väike - see on vigastatud konteiner.</string>
    <string lang="et" key="VOL_WRITING">Viga andmete kirjutamisel konteinerisse.</string>
    <string lang="et" key="WARN_QUICK_FORMAT">HOIATUS: Kiiret formaatimist peaksid kasutama ainult juhtudel:\n\n1) Seade sisaldab juhuslikke andmeid (ehk on juba täielikult krüpteeritud)\n2) Kasutad kogu vaba ruumi koheselt\n3) Turvalisus ei ole sulle oluline (testid)</string>
    <string lang="et" key="CONFIRM_SPARSE_FILE">Dünaamiline konteiner on eelreserveeritud hajus-fail, mille füüsiline maht (tegelik kasutatud ruum kettal) kasvab, kui andmeid lisatakse.\n\nHOIATUS: hajus-faili baasil konteinerite jõudlus on märkimisväärselt halvem kui tavakonteineritel. Hajus-faili	baasil konteinerid on samuti vähem turvalised, kuna on võimalik öelda, millised konteineri sektorid on kasutamata. Lisaks, andmete kirjutamisel hajus-faili baasil konteinerisse vaba ruumi puudumisel majutavas failisüsteemis võib krüpteeritud failisüsteem viga saada.\n\nOled kindel, et soovid luua hajus-faili baasil konteineri?</string>
    <string lang="et" key="SPARSE_FILE_SIZE_NOTE">Pane tähele, et dünaamilise konteineri maht Windowsi ja TrueCrypti andmetel on alati võrdne selle maksimummahuga. Leidmaks käesolevat füüsilist konteineri mahtu (tegelik kasutuses kettamaht), parem-klikk konteinerfailil (Windows Exploreris, mitte TrueCryptis), ja siis vali 'Atribuudid' ja vaata 'Maht kettal' väärtust.</string>
    <string lang="et" key="WIPE_CACHE">Seadme tüürelis salvestatud salasõnad on kustutatud.</string>
    <string lang="et" key="WRONG_VOL_TYPE">TrueCrypt ei suuda muuda võõra konteineri salasõna.</string>
    <string lang="et" key="SELECT_FREE_DRIVE">Palun vali listist vaba draivitäht.</string>
    <string lang="et" key="SELECT_A_MOUNTED_VOLUME">Palun vali haagitud konteiner draivitähtede listist.</string>
    <string lang="et" key="CANT_CREATE_AUTORUN">Viga: Ei suua luua autorun.inf faili</string>
    <string lang="et" key="ERR_PROCESS_KEYFILE">Viga võtmefaili käitlemisel!</string>
    <string lang="et" key="ERR_PROCESS_KEYFILE_PATH">Viga võtmefaili failitee käitlemisel!</string>
    <string lang="et" key="UNSUPPORTED_OS">TrueCrypt ei toeta seda operatsioonisüsteemi.</string>
    <string lang="et" key="UNSUPPORTED_BETA_OS">Viga: TrueCrypt toetab ainult stabiilseid (mitte-beta) versioone sellest operatsioonisüsteemist.</string>
    <string lang="et" key="ERR_MEM_ALLOC">Viga: ei suuda mälu reserveerida.</string>
    <string lang="et" key="ERR_PERF_COUNTER">Viga: ei sa kätte sooritusloendi väärtust.</string>
    <string lang="et" key="ALL_FILES">Kõik failid</string>
    <string lang="et" key="TC_VOLUMES">TrueCrypt konteinerid</string>
    <string lang="et" key="FORMAT_NTFS_STOP">NTFS formaatimist ei saa jätkata.</string>
    <string lang="et" key="CANT_MOUNT_VOLUME">Ei suuda konteinerit haakida.</string>
    <string lang="et" key="CANT_DISMOUNT_VOLUME">Ei suuda konteinerit lahti haakida.</string>
    <string lang="et" key="FORMAT_NTFS_FAILED">Windows ebaõnnestus konteineri NTFS-i formaatimisega.\n\nPalun vali teist tüüpi failisüsteem (kui võimalik) ja proovi uuesti. Alternatiivina saad jätta konteineri formaatimata (vali 'Puudub' failisüsteemina), välju sellest nõustajast, haagi konteiner ja siis kasuta süsteemi või 3-nda osapoole tööriista haagitud konteineri formaatimiseks (konteiner jääb krüpteerituks).</string>
    <string lang="et" key="DEFAULT">Vaikimisi</string>
    <string lang="et" key="SECTOR">sektor</string>
    <string lang="et" key="BLOCK">blokk</string>
    <string lang="et" key="PARTITION">Partitsioon</string>
    <string lang="et" key="PARTITION_LC">partitsioon</string>
    <string lang="et" key="PARTITION_UPPER_CASE">PARTITSIOON</string>
    <string lang="et" key="DEVICE">Seade</string>
    <string lang="et" key="DEVICE_LC">seade</string>
    <string lang="et" key="DEVICE_UPPER_CASE">SEADE</string>
    <string lang="et" key="CLUSTER_TOO_SMALL">Valitud klastri maht on selle konteineri jaoks liiga väike. Selle asemel kasutatakse suuremat mahtu.</string>
    <string lang="et" key="CANT_GET_VOLSIZE">Viga: ei suuda leida konteineri mahtu!\n\nVeendu, et konteiner pole kasutuses süsteemi või mõne rakenduse poolt.</string>
    <string lang="et" key="HIDDEN_HOST_FAT_ONLY">Peidetud konteinerit saab luua ainult FAT failisüsteemi.\n\nLisainformatsiooniks uuri dokumentatsiooni.</string>
    <string lang="et" key="HIDDEN_VOL_HOST_SPARSE">Peidetud konteinereid ei tuleks luua dünaamilisse (hajusfaili) konteinerisse. Vältimaks vääramatut jõudu, peidetud konteiner tuleks luua tavalisse konteinerisse.</string>
    <string lang="et" key="CANT_ACCESS_VOL">VIGA: ei pääse konteinerile ligi!\n\nVeendu, et valitud konteiner eksisteerib, et see pole haagitud või kasutuses süsteemi või mõne rakenduse poolt, et sul on lugemise/kirjutamise õigused sellele konteinerile ja see pole kirjutuskaitstud.</string>
    <string lang="et" key="CANT_DISMOUNT_OUTER_VOL">Viga: välise konteineri lahtihaakimine ebaõnnestus!\n\nKonteinerit ei saa lahti haakida, kui see sisaldab faile, katalooge, mis kasutuses süsteemi või mõne rakenduse poolt.\n\nPalun sulge iga programm, mis võib kasutada faile või katalooge ja kliki Proovi uuesti.</string>
    <string lang="et" key="CANT_LOCK_OUTER_VOL">Viga: võimetu lukustama välist kontenerit!\n\nKonteinerit ei saa lukustada, kui see sisaldab faile,/nmis kasutuses süsteemi või mõne rakenduse poolt.\n\nPalun sulge iga programm, mis võib kasutada faile või katalooge ja kliki Proovi uuesti.\n\nHOIATUS: kui sa otsustad seda ignoreerida, pead veenduma, et peale Ignoreeri klikkimist rohkem andmeid konteinerisse ei kirjutata kuni selle lahtihaakimiseni. Tõrge selle tegemisel võib ebasoodsalt mõjutada peidetud konteinerit vääramatu jõuga!</string>
    <string lang="et" key="CANT_ACCESS_OUTER_VOL">Viga: ei pääse välisele konteinerile ligi!  Konteineri loomine katkestatud.</string>
    <string lang="et" key="CANT_MOUNT_OUTER_VOL">Viga: ei õnnestu välise konteineri haakimine! Konteineri loomine katkestatud.</string>
    <string lang="et" key="CANT_GET_CLUSTER_BITMAP">Viga: ei suuda konteineri klastrikaarti hankida!  Konteineri loomine katkestatud.</string>
    <string lang="et" key="ALPHABETICAL_CATEGORIZED">Tähestikuline/Kategooriates</string>
    <string lang="et" key="MEAN_SPEED">Keskmine kiirus (Kahanev)</string>
    <string lang="et" key="ALGORITHM">Algoritm</string>
    <string lang="et" key="ENCRYPTION">Krüpteerimine</string>
    <string lang="et" key="DECRYPTION">Dekrüpteerimine</string>
    <string lang="et" key="MEAN">Keskmine</string>
    <string lang="et" key="DRIVE">Draiv</string>
    <string lang="et" key="VOLUME">Konteiner</string>
    <string lang="et" key="SIZE">Maht</string>
    <string lang="et" key="ENCRYPTION_ALGORITHM">Krüpteerimisalgoritm</string>
    <string lang="et" key="ENCRYPTION_ALGORITHM_LV">Krüpteerimisalgoritm</string>
    <string lang="et" key="TYPE">Tüüp</string>
    <string lang="et" key="VALUE">Väärtus</string>
    <string lang="et" key="PROPERTY">Atribuut</string>
    <string lang="et" key="LOCATION">Asukoht</string>
    <string lang="et" key="BYTES">baiti</string>
    <string lang="et" key="HIDDEN">Peidetud</string>
    <string lang="et" key="OUTER">Väline</string>
    <string lang="et" key="NORMAL">Tavaline</string>
    <string lang="et" key="READ_ONLY">Kirjutuskaitstud</string>
    <string lang="et" key="HIDDEN_VOLUME">Peidetud konteiner</string>
    <string lang="et" key="HID_VOL_DAMAGE_PREVENTED">Jah (vigastuse eest kaitstud!)</string>
    <string lang="et" key="NONE">puudub</string>
    <string lang="et" key="ACTIVE">Aktiivne</string>
    <string lang="et" key="KEY_SIZE">Võtme suurus</string>
    <string lang="et" key="BITS">bitti</string>
    <string lang="et" key="BLOCK_SIZE">Bloki maht</string>
    <string lang="et" key="MODE">Režiim</string>
    <string lang="et" key="PKCS5_PRF">PKCS-5 PRF</string>
    <string lang="et" key="PKCS5_ITERATIONS">PKCS-5 iteratsiooni loend</string>
    <string lang="et" key="VOLUME_CREATE_DATE">Konteiner loodud</string>
    <string lang="et" key="VOLUME_HEADER_DATE">Päist viimati muudetud</string>
    <string lang="et" key="VOLUME_HEADER_DAYS"> (%I64d päeva tagasi)</string>
    <string lang="et" key="FIRST_AVAILABLE">Esimene saadaolev</string>
    <string lang="et" key="REMOVABLE">Eemaldatav</string>
    <string lang="et" key="HARDDISK">Kõvaketas</string>
    <string lang="et" key="UNCHANGED">Muutmata</string>
    <string lang="et" key="AFTER_UPGRADE_RELEASE_NOTES">Kas soovid vaadata käesoleva (viimase stabiilse) TrueCrypti versiooni avaldusmärkmeid?</string>
    <string lang="et" key="AFTER_INSTALL_TUTORIAL">Kui sa pole kunagi TrueCrypti kasutanud, soovitame sul lugeda peatükki Beginner's Tutorial TrueCrypti kasutaja teejuhis. Kas soovid õpetust vaadata?</string>
    <string lang="et" key="SELECT_INSTALL_DIR">Palun vali paigalduskataloog</string>
    <string lang="et" key="SETUP_ADMIN">Edukaks paigalduseks/eemalduseks pead omama Administraatori õigusi, kas soovid jätkata?</string>
    <string lang="et" key="INSTALL_FAILED">Paigaldus ebaõnnestus!</string>
    <string lang="et" key="UNINSTALL_FAILED">Eemladus ebõnnestus!</string>
    <string lang="et" key="ROLLBACK">Paigaldus võeti tagasi.</string>
    <string lang="et" key="INSTALL_OK">TrueCrypt edukalt paigaldatud.</string>
    <string lang="et" key="UNINSTALL_OK">TrueCrypt on edukalt arvutist eemaldatud.\n\nKliki 'Lõpeta' eemaldamaks TrueCrypti paigaldaja ja kataloog %hs. Pane tähele, et kataloogi ei eemaldata, kui see sisaldab faile, mida ei paigaldanud TrueCrypti paigaldaja või loonud TrueCrypt.</string>
    <string lang="et" key="REMOVING_REG">TrueCrypti registri sissekannete eemaldamine</string>
    <string lang="et" key="ADDING_REG">Registri sissekande lisamine</string>
    <string lang="et" key="REMOVING_APPDATA">Eemaldan programmi-spetsiifilisi andmeid</string>
    <string lang="et" key="INSTALLING">Paigaldan</string>
    <string lang="et" key="COPYING">Kopeerin</string>
    <string lang="et" key="STOPPING">Peatan</string>
    <string lang="et" key="REMOVING">Eemaldan</string>
    <string lang="et" key="SERVICE">Teenus</string>
    <string lang="et" key="ADDING_ICON">Ikooni lisamine</string>
    <string lang="et" key="CREATING_SYS_RESTORE">Süsteemi taastepunkti loomine</string>
    <string lang="et" key="FAILED_SYS_RESTORE">Süsteemi taastepunkti loomine ebaõnnestus!</string>
    <string lang="et" key="SYS_RESTORE_CREATED">Süsteemi taastepunkt loodud</string>
    <string lang="et" key="INSTALL_OF_FAILED">'%hs' paigaldamine ebaõnnestus. %hs Kas soovid paigaldamist jätkata?</string>
    <string lang="et" key="UNINSTALL_OF_FAILED">'%hs' eemaldamine ebaõnnestus. %hs Kas soovid eemaldamist jätkata?</string>
    <string lang="et" key="INSTALL_COMPLETED">Paigaldus lõpetatud.</string>
    <string lang="et" key="CANT_CREATE_FOLDER">Kataloogi '%hs' ei suudeta luua</string>
    <string lang="et" key="CLOSE_TC_FIRST">TrueCrypti seadme tüüreli laadimine ebaõnnestus.\n\nPalun sulge alustuseks kõik avatud TrueCrypti aknad. Kui see ei aita, palun tee Windowsile taaskäivitus ja proovi siis uuesti.</string>
    <string lang="en" key="DISMOUNT_ALL_FIRST">All TrueCrypt volumes must be dismounted before installing or uninstalling TrueCrypt.</string>
    <string lang="et" key="REG_INSTALL_FAILED">Registri sissekannete paigaldus ebaõnnestus</string>
    <string lang="et" key="DRIVER_INSTALL_FAILED">Seadmetüüreli paigaldamine ebaõnnestus. Palun taaskäivita Windows ja proovi TrueCrypti uuesti paigaldada.</string>
    <string lang="et" key="STARTING_DRIVER">Käivitan TrueCrypti seadme tüürelit</string>
    <string lang="et" key="DRIVER_UINSTALL_FAILED">Seadme tüüreli eemaldamine ebaõnnestus</string>
    <string lang="et" key="INSTALLING_DRIVER">TrueCrypti tüüreli paigaldamine</string>
    <string lang="et" key="STOPPING_DRIVER">TrueCrypti tüüreli peatamine</string>
    <string lang="et" key="REMOVING_DRIVER">Eemaldan TrueCrypti tüürelit</string>
    <string lang="et" key="COM_REG_FAILED">User Account Control toe teegi registreerimine ebaõnnestus.</string>
    <string lang="et" key="COM_DEREG_FAILED">User Account Control toe teegi registrist kustutamine ebaõnnestus.</string>
    <string lang="et" key="OUTER_VOL_WRITE_PREVENTED">Välimine(!)</string>
    <string lang="et" key="DAYS">päeva</string>
    <string lang="et" key="HOURS">tundi</string>
    <string lang="et" key="MINUTES">minutit</string>
    <string lang="et" key="SECONDS">s</string>
    <string lang="et" key="OPEN">Ava</string>
    <string lang="et" key="DISMOUNT">Haagi lahti</string>
    <string lang="et" key="SHOW_TC">Kuva TrueCrypt</string>
    <string lang="et" key="HIDE_TC">Peida TrueCrypt</string>
    <string lang="et" key="TOTAL_DATA_READ">Haakimisest alates andmeid loetud</string>
    <string lang="et" key="TOTAL_DATA_WRITTEN">Haakimisest alates andmeid kirjutatud</string>
    <string lang="et" key="FAVORITE_VOLUMES_SAVED">Lemmikkonteinerid salvestatud.</string>
    <string lang="et" key="ENTER_PASSWORD_FOR">Sisesta %hs salasõna</string>
    <string lang="et" key="KEYFILE_CREATED">Võtmefail on edukalt loodud.</string>
    <string lang="et" key="VOL_HEADER_BACKED_UP">Konteineri päise varukoopia on edukalt loodud.\n\nTÄHTIS: taastades konteineri päist kasutades seda varukoopiat, taastab muuhulgas hetkel kehtiva salasõna. Veel enam, kui võtmefailid on vajalikud selle konteineri haakimiseks, on samad võtmefailid vajalikud ka peale konteineri päise taastamist.\n\nHOIATUS: Seda päise varukoopiat võib kasutada AINULT selle konkreetse konteineri päise taastamiseks. Kui sa kasutad seda varukoopiat mõne teise konteineri päise taastamiseks, on võialik konteinerit küll haakida, aga mitte dekrüpteerida (kuna sa muudad tema peavõtit).</string>
    <string lang="et" key="VOL_HEADER_RESTORED">Konteineri päis on edukalt taastatud.\n\nTÄHTIS: pane tähele, et vana salasõna on taastatud samuti. Veelgi, kui võtmefail(id) oli(d) vajalik(ud) konteineri haakimiseks kui varukoopia loodi, on samad võtmefailid taas vajalikud konteineri haakimiseks.</string>
    <string lang="et" key="CONFIRM_VOL_HEADER_BAK">Oled kindel, et luua päise varukoopia %hs konteinerile?\n\nPeale Ja klikkimist, päritakse failinime päise varukoopia jaoks.\n\nPane tähele, et nii tavaline konteineri päis kui ka ala, kus on peidetud konteineri päis lisatakse varukoopiafaili isegi kui selles konteineris pole peidetud konteinerit (välistamaks vääramatut jõudu).Päist taastades saad valida, milline päis taastada (ehk tavaline või peidetud).</string>
    <string lang="et" key="CONFIRM_VOL_HEADER_RESTORE">Oled kindel, et soovid taastada konteineri %hs päise?\n\nHOIATUS: päise taastamine taastab samuti salasõna, mis kehtis päisest varukoopia loomise hetkel. Lisaks, kui võtmefail(id) oli(d) kasutuses päise varukoopia loomise hetkel, on need samad võtmefailid taas haakimiseks vajalikud peale sellest varukoopiast päise taastamist.</string>
    <string lang="et" key="HEADER_RESTORE_TYPE">Palun vali TrueCrypti konteineri tüüp, mille päist soovid taastada:</string>
    <string lang="et" key="RESTORE_NORMAL_VOLUME_HEADER">Taasta tavalise konteineri päis</string>
    <string lang="et" key="RESTORE_HIDDEN_VOLUME_HEADER">Taasta peidetud konteineri päis</string>
    <string lang="et" key="CONFIRM_SAVE_FAVORITE_VOL">Salvesta kõik hetkel haagitud konteinerid ja nende draivitähed Lemmikkonteinerite nimekirja?\n\nMärkus: kui ühtegi konteinerit pole haagitud, Lemmikkonteinerite nimekiri kustutatakse.</string>
    <string lang="et" key="DISMOUNT_FIRST">Jätkamiseks haagi palun konteiner lahti.</string>
    <string lang="et" key="IDPM_CHECK_FILESYS">Kontrolli failisüsteemi</string>
    <string lang="et" key="IDPM_REPAIR_FILESYS">Paranda failisüsteem</string>
    <string lang="et" key="IDPM_PROPERTIES">Atribuudid</string>
    <string lang="et" key="HIDDEN_VOL_PROTECTION">Peidetud konteineri kaitsmine</string>
    <string lang="et" key="N_A_UISTR">P/S</string>
    <string lang="et" key="UISTR_YES">Jah</string>
    <string lang="et" key="UISTR_NO">Ei</string>
    <string lang="et" key="MODE_OF_OPERATION">Töörežiim</string>
    <string lang="et" key="UNSUPPORTED_CHARS_IN_PWD">Viga: Salasõna peab sisaldama ainult ASCII sümboleid.\n\nMitte-ASCII sümbolid salasõnas võivad põhjustada, et konteineri haakimine on võimatu, kui süsteemi konfiguratsioon muutub.\n\nJärgnevad sümbolid on lubatud:\n\n  ! " # $ % &amp; ' ( ) * + , - . / 0 1 2 3 4  5 6 7 8 9 : ; &lt; = &gt; ? @ A B C D E F  G H I J K L M N O P Q R S T U V W X  Y Z [ \\ ] ^ _ ` a b c d e f g h i j k l m  n o p q r s t u v w k y z { | } ~</string>
    <string lang="et" key="UNSUPPORTED_CHARS_IN_PWD_RECOM">Hoiatus: salasõna sisaldab mitte-ASCII sümboleid. See võib põhjustada, et konteineri hakkimine muutub võimatuks, kui sinu süsteemi konfiguratsioon muutub.\n\nPeaksid asendama kõik mitte-ASCII sümbolid ASCII sümbolitega. Selleks, kliki 'Konteinerid'	-&gt; 'Muuda konteineri salasõna'.\n\nJärgnevad on ASCII sümbolid:\n\n  ! " # $ % &amp; ' ( ) * + , - . / 0 1 2 3 4  5 6 7 8 9 : ; &lt; = &gt; ? @ A B C D E F  G H I J K L M N O P Q R S T U V W X  Y Z [ \\ ] ^ _ ` a b c d e f g h i j k l m  n o p q r s t u v w k y z { | } ~</string>
    <string lang="et" key="EXE_FILE_EXTENSION_CONFIRM">HOIATUS: Me soovitame vältide faililaiendeid, mis on kasutuses käivitatavates failides (nagu .exe, .sys või .dll). Kasutades neid failitüüpe põhjustab tihti konteineri häirimise Windowsi ja antiviiruse tarkvara poolt, põhjustades jõudluse langust ja muid tõsiseid probleeme.\n\nJätkame?</string>
    <string lang="et" key="EXE_FILE_EXTENSION_MOUNT_WARNING">HOIATUS: Sel konteineril on faililaiend, mis on kasutuses käivitatavate failide (nagu .exe, .sys või .dll)Väga tõenäoliselt põhjustab see tihti konteineri häirimise Windowsi ja antiviiruse tarkvara poolt, põhjustades jõudluse langust ja muid tõsiseid probleeme. Me soovitame, et muudaksid või eemaldaksid selle faililaiendi (peale konteineri lahtihaakimist).</string>
    <string lang="et" key="HOMEPAGE">Koduleht</string>
    <string lang="et" key="LARGE_IDE_WARNING_XP">Hoiatus: Paistab, et sa pole lisanud ühtegi teeninduspakki oma Windowsi instalatsioonile. Sa ei tohiks kirjutada IDE ketastele suuremad kui 128 GB Windows XP all, millele pole lisatud Service Pack 1 või hilisem! Kui sa teed seda, andmed kettal (hoolimata, kas see on TrueCrypti konteiner või ei) võivad saada viga. Pane tähele, et see on Windowsi piirang, mitte TrueCrypti viga.</string>
    <string lang="et" key="LARGE_IDE_WARNING_2K">HOIATUS: Paistab, et sa pole lisanud Service Pack 3 või hilisemat oma Windowsi installatsioonile. Sa ei tohiks kirjutada IDE ketastele suuremad kui 128 GB Windows 2000 all, millele pole lisatud Service Pack 3 või hilisem! Kui sa teed seda, andmed kettal (hoolimata, kas see on TrueCrypti konteiner või ei) võivad saada viga. Pane tähele, et see on Windowsi piirang, mitte TrueCrypti viga.\n\nMärkus: Sa pead ka lubama 48-bitise LBA toe registris; lähemat informatsiooni vaata: http://support.microsoft.com/kb/305098/EN-US</string>
    <string lang="en" key="LARGE_IDE_WARNING_2K_REGISTRY">WARNING: 48-bit LBA ATAPI support is disabled on your system. Therefore, you should not write to IDE disks larger than 128 GB! If you do, data on the disk (no matter if it is a TrueCrypt volume or not) may get corrupted. Note that this is a limitation of Windows, not a limitation of TrueCrypt.\n\nTo enable the 48-bit LBA support, add the 'EnableBigLba' registry value in the registry key HKEY_LOCAL_MACHINE\\SYSTEM\\CurrentControlSet\\Services\\atapi\\Parameters and set it to 1.\n\nFor more information, see http://support.microsoft.com/kb/305098</string>
    <string lang="et" key="VOLUME_TOO_LARGE_FOR_FAT32">Viga: Suuremaid faile kui 4 GB ei saa salvestada FAT32 failisüsteemi. Seetõttu ei saa failibaasil TrueCrypti konteinerid, mis on salvestatud FAT32 failisüsteemis, ei saa olla suuremad kui 4 GB.\n\nKui vajad suurema mahuga konteinerit, salvesta see NTFS failisüsteemis või faili-baasil konteineri asemel krüpteeri terve partitsioon.</string>
    <string lang="et" key="FREE_SPACE_FOR_WRITING_TO_OUTER_VOLUME">HOIATUS: Kui soovid säilitada võimaluse lisada tulevikus välisesse konteinerisse andmeid/faile, peaksid kaaluma peidetud konteineri väiksemat mahtu.\n\nOled kindel, et soovid jätkata valitud mahuga?</string>
    <string lang="et" key="NO_VOLUME_SELECTED">Ühtegi konteinerit pole valitud.\n\nKliki 'Vali seade' või 'Vali fail' valimaks TrueCrypti konteiner.</string>
    <string lang="et" key="CONFIRM_SAVE_DEFAULT_KEYFILES">Oled kindel, et soovida salvestada valitud võtmefailid/failiteed vaikimisi?\n\nHOIATUS: Kui vaikimisi võtmefailid on seatud ja lubatud, pole võimalik konteinereid, mis ei kasuta võtmefaile, haakida. Pea meeles eemaldada märgistus 'Kasuta võtmefaile' märkeruudust iga kord, kui kasutad selliseid konteinereid.</string>
    <string lang="et" key="HK_AUTOMOUNT_DEVICES">Auto-haagi seadmed</string>
    <string lang="et" key="HK_DISMOUNT_ALL">Haagi kõik lahti</string>
    <string lang="et" key="HK_WIPE_CACHE">Puhasta vahemälu</string>
    <string lang="et" key="HK_FORCE_DISMOUNT_ALL_AND_WIPE">Sunni kõiki lahti haakima &amp; Puhasta vahemälu</string>
    <string lang="et" key="HK_FORCE_DISMOUNT_ALL_AND_WIPE_AND_EXIT">Sunni kõiki lahtihaakima, Puhasta vahemälu &amp; Välju</string>
    <string lang="et" key="HK_MOUNT_FAVORITE_VOLUMES">Haagi lemmik konteinerid</string>
    <string lang="et" key="HK_SHOW_HIDE_MAIN_WINDOW">Kuva/Peida TrueCrypti peaaken</string>
    <string lang="et" key="PRESS_A_KEY_TO_ASSIGN">(Kliki siia ja vajuta klahvil)</string>
    <string lang="et" key="ACTION">Tegevus</string>
    <string lang="et" key="SHORTCUT">Otsetee</string>
    <string lang="et" key="CANNOT_USE_RESERVED_KEY">Viga: See kiirklahv on reserveeritud. Palun vali teine kiirklahv.</string>
    <string lang="et" key="SHORTCUT_ALREADY_IN_USE">Viga: kiirklah juba kasutuses.</string>
    <string lang="et" key="HOTKEY_REGISTRATION_ERROR">HOIATUS: Üks või rohkem TrueCrypti ülesüsteemne kiirklahv ei tööta!\n\nPalun veendu, et teised rakendused ja operatsioonisüsteem ei kasuta samu otseteesid kui TrueCrypt.</string>
    <string lang="en" key="MOUNTED_VOLUMES_DISMOUNTED">All mounted TrueCrypt volumes have been dismounted.</string>
    <string lang="en" key="MOUNTED_VOLUMES_AUTO_DISMOUNTED">All mounted TrueCrypt volumes have been auto-dismounted.\n\nNote: You can disable or configure auto-dismount in the 'Auto-Dismount' section of the Preferences window (select Settings -&gt; Preferences).</string>
    <string lang="et" key="DISMOUNT_ALL_ATTEMPT_COMPLETED">Katse kõik konteinerid lahti haakida lõpetatud.</string>
    <string lang="et" key="VOLUMES_DISMOUNTED_CACHE_WIPED">Kõik haagitud TrueCrypti konteinerid on lahti haagitud ja salasõnad vahemälust kustutatud.</string>
    <string lang="en" key="CONFIRM_TIMESTAMP_UPDATING">WARNING: If timestamps are not preserved, plausible deniability may be adversely affected!\n\nAre you sure you do not want container timestamps to be preserved?</string>
    <string lang="et" key="CONFIRM_BACKGROUND_TASK_DISABLED">HOIATUS: Kui TrueCrypti Taustakäsk on keelatud, järgnevad funktsioonid on keelatud kui väljud TrueCryptist:\n\n1)Kiirklahvid\n2)Automaatne lahtihaakimine (väljalogimisel, ebakorrektsel seadme eemaldamisel, aegumisel jms.)\n3)Teavitused (näiteks kui peidetud konteineri vigastus on välditud)\n4)Süsteemsalve ikoon\n\nMärkus: Sa võid TrueCrypti taustakäsu igal hetkel välja lülitada, parem-klikkides TrueCrypti ikoonil ja valides 'Välju'.\n\nOled kindel, et soovid keelata TrueCrypti Taustakäsku?</string>
    <string lang="et" key="CONFIRM_NO_FORCED_AUTODISMOUNT">HOIATUS: kui see valik on keelatud, konteinerid, mis sisaldavad avatud faile/katalooge EI ole võimaliks automaatselt lahti haakida.\n\nOled kindel, et soovid selle valiku keelata?</string>
    <string lang="et" key="WARN_PREF_AUTO_DISMOUNT">HOIATUS: konteinerid, mis sisaldavad avatud faile/katalooge EI haagita automaatselt lahti.\n\nSelle vältimiseks, luba järgnev valik dialoogiaknas: 'Sunni lahti-haakima isegi kui failid/kataloogid on avatud'</string>
    <string lang="et" key="CONFIRM_EXIT">HOIATUS: Kui TrueCryptist praegu väljuda, järgnevad funktsioonid keelatakse:\n\n1)Kiirklahvid\n2)Automaatne lahtihaakimine (väljalogimisel, ebakorrektsel seadme eemaldamisel, aegumisel jms.)\n3)Teavitused (näiteks kui peidetud konteineri vigastus on välditud)\n\nMärkus: Kui sa ei soovi TrueCrypti taustal töötamist peale selle akna sulgemist, keela TrueCrypti Taustakäsk seadetes.\n\nOled kindel, et soovid TrueCryptist väljuda?</string>
    <string lang="et" key="HIDVOL_PROT_BKG_TASK_WARNING">HOIATUS: TrueCrypti taustakäsk on keelatud. Peale TrueCryptist väljumist ei teavitata sind kui peidetud konteineri vigastust on välditud.\n\nMärkus: võid taustakäsu alati välja lilitada parem-klikkides TrueCrykti süsteemisalve ikoonil ja valides 'Välju'.\n\nLuba TrueCrypti taustakäsk?</string>
    <string lang="et" key="LANG_PACK_VERSION">Keelepaki versioon:  %s</string>
    <string lang="et" key="CHECKING_FS">Kontrollin failisüsteemi TruCrypti konteineris haagitud kui %hs...</string>
    <string lang="et" key="REPAIRING_FS">Proovin parandada failisüsteemi TrueCrypti konteineris haagitud kui %hs...</string>
    <string lang="en" key="WARN_64_BIT_BLOCK_CIPHER">Warning: This volume is encrypted with a legacy encryption algorithm.\n\nAll 64-bit-block encryption algorithms (e.g., Blowfish, CAST-128, or Triple DES) are deprecated. It will be possible to mount this volume using future versions of TrueCrypt. However, there will be no further enhancements to the implementations of these legacy encryption algorithms. We recommend that you create a new TrueCrypt volume encrypted with a 128-bit-block encryption algorithm (e.g., AES, Serpent, Twofish, etc.) and that you move all files from this volume to the new volume.</string>
    <string lang="et" key="SYS_AUTOMOUNT_DISABLED">Sinu süsteem ei ole konfigureeritud automaatselt haakima uusi konteinereid. Võib olla võimatu haakida seadme baasil TrueCrypti konteinereid. Automaatse haakimise saab lubada käivitades järgneva käsu ja taaskäivitades süsteemi.\n\nmountvol.exe /E</string>
    <string lang="et" key="SYS_ASSIGN_DRIVE_LETTER">Palun omista partitsioonile/seadmele enne jätkamist draivitäht ('Control Panel' &gt; 'System and Maintenance' &gt; 'Administrative Tools' - 'Create and format hard disk partitions').\n\nPane tähele, et see on operatsioonisüsteemi poolne nõue.</string>
    <string lang="et" key="MOUNT_TC_VOLUME">Haagi TrueCrypti konteiner</string>
    <string lang="et" key="DISMOUNT_ALL_TC_VOLUMES">Haagi lahti kõik TrueCrypti konteinerid</string>
    <string lang="et" key="UAC_INIT_ERROR">TrueCrypt ei saa kätte Administraatori õigusi.</string>
    <string lang="et" key="ERR_ACCESS_DENIED">Juurdepääs keelati operatsioonisüsteemi poolt.\n\nVõimalik põhjus: Operatsioonisüsteem nõuab, et sul oleks lugemise/kirutamise (või administraatori) õigused teatud kataloogidele, failidele ja seadmetele, et võimaldada sul andmeid lugeda/kirjutada neisse. Tavaliselt on ilma administraatori õiguseta kasutajal lugemise/kirjutamise õigus	enda My Documents kataloogile.</string>
    <string lang="en" key="LARGE_SECTOR_UNSUPPORTED">Error: The selected device uses a sector size other than 512 bytes.\n\nIt is currently not possible to create device-hosted volumes on devices that use a sector size other than 512 bytes. However, note that you can create a file-hosted volume (container) on this device.</string>
    <string lang="et" key="KEYFILE">Võtmefail</string>
    <string lang="et" key="VOLUME_LABEL">Nimi</string>
    <string lang="et" key="VKEY_08">Tagasivõtuklahv</string>
    <string lang="et" key="VKEY_09">Tab</string>
    <string lang="et" key="VKEY_0C">Puhasta</string>
    <string lang="et" key="VKEY_0D">Enter</string>
    <string lang="et" key="VKEY_13">Paus</string>
    <string lang="et" key="VKEY_14">Tõstulukk</string>
    <string lang="et" key="VKEY_20">Tühiku klahv</string>
    <string lang="et" key="VKEY_21">Lehekülg üles</string>
    <string lang="et" key="VKEY_22">Lehekülg alla</string>
    <string lang="et" key="VKEY_23">Lõppu</string>
    <string lang="et" key="VKEY_24">Kodu</string>
    <string lang="et" key="VKEY_25">Nool vasakule</string>
    <string lang="et" key="VKEY_26">Nool üles</string>
    <string lang="et" key="VKEY_27">Nool paremale</string>
    <string lang="et" key="VKEY_28">Nool alla</string>
    <string lang="et" key="VKEY_29">Vali klahv</string>
    <string lang="et" key="VKEY_2A">Trükiklahv</string>
    <string lang="et" key="VKEY_2B">Käivitusklahv</string>
    <string lang="et" key="VKEY_2C">Tee kuvatõmmis</string>
    <string lang="et" key="VKEY_2D">Sisesta</string>
    <string lang="et" key="VKEY_2E">Kustuta</string>
    <string lang="et" key="VKEY_5D">Rakenduse klahv</string>
    <string lang="et" key="VKEY_5F">Uni</string>
    <string lang="et" key="VKEY_90">Numbrilukk</string>
    <string lang="et" key="VKEY_91">Kerimislukk</string>
    <string lang="et" key="VKEY_A6">Lehitseja tagasi</string>
    <string lang="et" key="VKEY_A7">Lehitseja edasi</string>
    <string lang="et" key="VKEY_A8">Lehitseja värskenda</string>
    <string lang="et" key="VKEY_A9">Lehitseja peata</string>
    <string lang="et" key="VKEY_AA">Lehitseja otsing</string>
    <string lang="et" key="VKEY_AB">Lehitseja järjehoidjad</string>
    <string lang="et" key="VKEY_AC">Lehitseja koduleht</string>
    <string lang="et" key="VKEY_AD">Vaigista</string>
    <string lang="et" key="VKEY_AE">Hääl maha</string>
    <string lang="et" key="VKEY_AF">Hääl peale</string>
    <string lang="et" key="VKEY_B0">Järgmine lugu</string>
    <string lang="et" key="VKEY_B1">Eelmine lugu</string>
    <string lang="et" key="VKEY_B2">Peata meedia</string>
    <string lang="et" key="VKEY_B3">Mängi/Pausi meedia</string>
    <string lang="et" key="VKEY_B4">Käivita mail klahv</string>
    <string lang="et" key="VKEY_B5">Vali meedia klahv</string>
    <string lang="et" key="VKEY_B6">Rakendus 1</string>
    <string lang="et" key="VKEY_B7">Rakendus 2</string>
    <string lang="et" key="VKEY_F6">Attn</string>
    <string lang="et" key="VKEY_F7">CrSel</string>
    <string lang="et" key="VKEY_F8">ExSel</string>
    <string lang="et" key="VKEY_FA">Mängi</string>
    <string lang="et" key="VKEY_FB">Zuum</string>
    <string lang="et" key="VK_NUMPAD">Numbriklahvid</string>
    <string lang="et" key="VK_SHIFT">Shift</string>
    <string lang="et" key="VK_CONTROL">Control</string>
    <string lang="et" key="VK_ALT">Alt</string>
    <string lang="et" key="VK_WIN">Win</string>
    <string lang="et" key="BYTE">B</string>
    <string lang="et" key="KB">KB</string>
    <string lang="et" key="MB">MB</string>
    <string lang="et" key="GB">GB</string>
    <string lang="et" key="TB">TB</string>
    <string lang="et" key="PB">PB</string>
    <string lang="et" key="B_PER_SEC">B/s</string>
    <string lang="et" key="KB_PER_SEC">KB/s</string>
    <string lang="et" key="MB_PER_SEC">MB/s</string>
    <string lang="et" key="GB_PER_SEC">GB/s</string>
    <string lang="et" key="TB_PER_SEC">TB/s</string>
    <string lang="et" key="PB_PER_SEC">PB/s</string>
  </localization>
</TrueCrypt>
