﻿<?xml version="1.0" encoding="utf-8"?>
<TrueCrypt>
  <localization prog-version="4.3a">
    <!-- Languages -->
    <language langid="zh-cn" name="简体中文" en-name="Chinese (Simplified)" version="1.0.0" translators="Barney Li" />
    <!-- Fonts -->
    <font lang="zh-cn" class="normal" size="11" face="Tahoma" />
    <font lang="zh-cn" class="bold" size="14" face="Tahoma" />
    <font lang="zh-cn" class="fixed" size="14" face="MingLiU" />
    <font lang="zh-cn" class="title" size="21" face="Tahoma" />
    <!-- Controls -->
    <control lang="zh-cn" key="IDCANCEL">取消</control>
    <control lang="zh-cn" key="IDC_ALL_USERS">为所有用户安装</control>
    <control lang="zh-cn" key="IDC_BROWSE">浏览(&amp;B)...</control>
    <control lang="zh-cn" key="IDC_DESKTOP_ICON">在桌面添加 TrueCrypt 图标(&amp;D)</control>
    <control lang="zh-cn" key="IDC_FILE_TYPE">关联“.tc”文件扩展名到 TrueCrypt(&amp;E)</control>
    <control lang="zh-cn" key="IDC_INSTALL">安装(&amp;I)</control>
    <control lang="zh-cn" key="IDC_PROG_GROUP">创建 TrueCrypt 的开始菜单项(&amp;S)</control>
    <control lang="zh-cn" key="IDC_SYSTEM_RESTORE">创建系统还原点(&amp;R)</control>
    <control lang="zh-cn" key="IDC_UNINSTALL">卸载(&amp;U)</control>
    <control lang="zh-cn" key="IDD_INSTALL">TrueCrypt 安装</control>
    <control lang="zh-cn" key="IDD_UNINSTALL">卸载 TrueCrypt</control>
    <control lang="zh-cn" key="IDT_INSTALL_DIR">安装到(&amp;T)：</control>
    <control lang="zh-cn" key="IDT_INSTALL_OPTIONS">安装选项</control>
    <control lang="zh-cn" key="IDT_UNINSTALL_DIR">从下面位置卸载 TrueCrypt(&amp;O)：</control>
    <control lang="zh-cn" key="IDC_ABORT_BUTTON">放弃</control>
    <control lang="zh-cn" key="IDC_CIPHER_TEST">测试(&amp;T)</control>
    <control lang="zh-cn" key="IDC_HIDDEN_VOL">创建隐藏的 TrueCrypt 加密卷(&amp;D) </control>
    <control lang="zh-cn" key="IDC_HIDDEN_VOL_HELP">什么是隐藏加密卷？</control>
    <control lang="zh-cn" key="IDC_HIDVOL_WIZ_MODE_DIRECT">在已有的 TrueCrypt 加密卷中创建隐藏加密卷(&amp;D)</control>
    <control lang="zh-cn" key="IDC_HIDVOL_WIZ_MODE_FULL">先创建一个加密卷，然后在它的里面创建隐藏加密卷</control>
    <control lang="zh-cn" key="IDC_KB">KB(&amp;K)</control>
    <control lang="zh-cn" key="IDC_KEYFILES_ENABLE">使用密钥文件(&amp;S)</control>
    <control lang="zh-cn" key="IDC_KEY_FILES">密钥文件(&amp;K)..</control>
    <control lang="zh-cn" key="IDC_LINK_HASH_INFO">关于混杂算法的更多信息</control>
    <control lang="zh-cn" key="IDC_LINK_MORE_INFO_ABOUT_CIPHER">更多信息</control>
    <control lang="zh-cn" key="IDC_MB">MB(&amp;M)</control>
    <control lang="zh-cn" key="IDC_NO_HISTORY">从不保留历史记录(&amp;S)</control>
    <control lang="zh-cn" key="IDC_OPEN_OUTER_VOLUME">打开外层加密卷</control>
    <control lang="zh-cn" key="IDC_QUICKFORMAT">快速格式化</control>
    <control lang="zh-cn" key="IDC_SELECT_DEVICE">选择设备(&amp;E)...</control>
    <control lang="zh-cn" key="IDC_SELECT_FILE">选择文件(&amp;F)...</control>
    <control lang="zh-cn" key="IDC_SHOW_PASSWORD">显示密码(&amp;D)</control>
    <control lang="zh-cn" key="IDC_SHOW_PASSWORD_HIDVOL_HOST">显示密码(&amp;D)</control>
    <control lang="zh-cn" key="IDC_STD_VOL">创建标准 TrueCrypt 加密卷</control>
    <control lang="zh-cn" key="IDC_WIZ_BENCHMARK">基准测试(&amp;B)</control>
    <control lang="zh-cn" key="IDD_MKFS_DLG">TrueCrypt 加密卷创建向导</control>
    <control lang="zh-cn" key="IDHELP">帮助(&amp;H)</control>
    <control lang="zh-cn" key="IDT_CLUSTER">簇</control>
    <control lang="zh-cn" key="IDT_CONFIRM">确认(&amp;C)：</control>
    <control lang="zh-cn" key="IDT_DONE">完成 </control>
    <control lang="zh-cn" key="IDT_ENCRYPTION_ALGO">加密算法</control>
    <control lang="zh-cn" key="IDT_FILESYSTEM">文件系统 </control>
    <control lang="zh-cn" key="IDT_FORMAT_OPTIONS">选项</control>
    <control lang="zh-cn" key="IDT_HASH_ALGO">哈希算法</control>
    <control lang="zh-cn" key="IDT_HEADER_KEY">首密钥：</control>
    <control lang="zh-cn" key="IDT_LEFT">剩余 </control>
    <control lang="zh-cn" key="IDT_MASTER_KEY">主密钥：</control>
    <control lang="zh-cn" key="IDT_PASSWORD">密码：</control>
    <control lang="zh-cn" key="IDT_RANDOM_POOL">随机缓冲：</control>
    <control lang="zh-cn" key="IDT_SPEED">速度 </control>
    <control lang="zh-cn" key="IDCLOSE">关闭</control>
    <control lang="zh-cn" key="IDC_AUTORUN_DISABLE">什么也不做</control>
    <control lang="zh-cn" key="IDC_AUTORUN_MOUNT">自动载入 TrueCrypt 加密卷(&amp;A)(下面指定的)</control>
    <control lang="zh-cn" key="IDC_AUTORUN_START">运行 TrueCrypt(&amp;S)</control>
    <control lang="zh-cn" key="IDC_BROWSE_DIRS">浏览...</control>
    <control lang="zh-cn" key="IDC_BROWSE_FILES">浏览...</control>
    <control lang="zh-cn" key="IDC_CACHE">在内存中缓存密码和密钥文件(&amp;A)</control>
    <control lang="zh-cn" key="IDC_CLOSE_BKG_TASK_WHEN_NOVOL">无载入的加密卷时退出</control>
    <control lang="zh-cn" key="IDC_COPY_WIZARD">包含 TrueCrypt 加密卷创建向导</control>
    <control lang="zh-cn" key="IDC_CREATE">创建</control>
    <control lang="zh-cn" key="IDC_CREATE_VOLUME">创建加密卷(&amp;C)</control>
    <control lang="zh-cn" key="IDC_DISMOUNT_CONFIRM_MSG_BOX">卸载加密卷后显示确认信息</control>
    <control lang="zh-cn" key="IDC_DISMOUNT_CONFIRM_PLAY_SOUND">载入或卸载加密卷后播放系统提示音</control>
    <control lang="zh-cn" key="IDC_ENABLE_KEYFILES">使用密钥文件</control>
    <control lang="zh-cn" key="IDC_ENABLE_NEW_KEYFILES">使用密钥文件</control>
    <control lang="zh-cn" key="IDC_EXIT">退出(&amp;X)</control>
    <control lang="zh-cn" key="IDC_HK_MOD_ALT">Alt</control>
    <control lang="zh-cn" key="IDC_HK_MOD_CTRL">Control</control>
    <control lang="zh-cn" key="IDC_HK_MOD_SHIFT">Shift</control>
    <control lang="zh-cn" key="IDC_HK_MOD_WIN">Win</control>
    <control lang="zh-cn" key="IDC_HOTKEY_ASSIGN">分配</control>
    <control lang="zh-cn" key="IDC_HOTKEY_REMOVE">移除</control>
    <control lang="zh-cn" key="IDC_KEYFILES">密钥文件...</control>
    <control lang="zh-cn" key="IDC_MOUNTALL">自动载入设备(&amp;A)</control>
    <control lang="zh-cn" key="IDC_MOUNT_OPTIONS">载入选项(&amp;A)...</control>
    <control lang="zh-cn" key="IDC_MOUNT_READONLY">以只读模式载入加密卷(&amp;O)</control>
    <control lang="zh-cn" key="IDC_NEW_KEYFILES">密钥文件...</control>
    <control lang="zh-cn" key="IDC_PREFS_HOTKEY_SETTINGS">热键设置...</control>
    <control lang="zh-cn" key="IDC_PREFS_KEYFILE_SETTINGS">默认密钥文件...</control>
    <control lang="zh-cn" key="IDC_PREF_BKG_TASK_ENABLE">启用</control>
    <control lang="zh-cn" key="IDC_PREF_CACHE_PASSWORDS">在驱动内存中缓存密码</control>
    <control lang="zh-cn" key="IDC_PREF_CLOSE_DISMOUNTED_WINDOWS">加密卷卸载时关闭所有使用它的浏览器窗口</control>
    <control lang="zh-cn" key="IDC_PREF_DISMOUNT_INACTIVE">自动卸载加密卷，在无数据读写活动下面时间后</control>
    <control lang="zh-cn" key="IDC_PREF_DISMOUNT_LOGOFF">用户注销时</control>
    <control lang="zh-cn" key="IDC_PREF_DISMOUNT_POWERSAVING">进入省电模式时</control>
    <control lang="zh-cn" key="IDC_PREF_DISMOUNT_SCREENSAVER">屏幕保护加载时</control>
    <control lang="zh-cn" key="IDC_PREF_FORCE_AUTO_DISMOUNT">强行自动卸载，无论加密卷是否有被打开的文件或目录</control>
    <control lang="zh-cn" key="IDC_PREF_LOGON_MOUNT_DEVICES">载入所有设备类 TrueCrypt 加密卷</control>
    <control lang="zh-cn" key="IDC_PREF_LOGON_MOUNT_FAVORITES">载入收藏的加密卷</control>
    <control lang="zh-cn" key="IDC_PREF_LOGON_START">启动 TrueCrypt</control>
    <control lang="zh-cn" key="IDC_PREF_MOUNT_READONLY">以只读模式载入加密卷</control>
    <control lang="zh-cn" key="IDC_PREF_MOUNT_REMOVABLE">以可移动介质模式载入加密卷</control>
    <control lang="zh-cn" key="IDC_PREF_OPEN_EXPLORER">为成功载入的加密卷打开浏览器窗口</control>
    <control lang="zh-cn" key="IDC_PREF_WIPE_CACHE_ON_AUTODISMOUNT">自动卸载时擦除缓存的密码</control>
    <control lang="zh-cn" key="IDC_PREF_WIPE_CACHE_ON_EXIT">退出时擦除缓存的密码</control>
    <control lang="zh-cn" key="IDC_PRESERVE_TIMESTAMPS">保留文件类型加密卷的时间戳</control>
    <control lang="zh-cn" key="IDC_RESET_HOTKEYS">重置</control>
    <control lang="zh-cn" key="IDC_SHOW_PASSWORD_CHPWD_NEW">显示密码</control>
    <control lang="zh-cn" key="IDC_SHOW_PASSWORD_CHPWD_ORI">显示密码</control>
    <control lang="zh-cn" key="IDC_TRAVEL_OPEN_EXPLORER">为载入的加密卷打开资源管理器窗口(&amp;E)</control>
    <control lang="zh-cn" key="IDC_TRAV_CACHE_PASSWORDS">在驱动内存中缓存密码(&amp;C)</control>
    <control lang="zh-cn" key="IDC_UNMOUNTALL">全部卸载(&amp;S)</control>
    <control lang="zh-cn" key="IDC_VOLUME_PROPERTIES">加密卷属性(&amp;V)...</control>
    <control lang="zh-cn" key="IDC_VOLUME_TOOLS">加密卷工具(&amp;T)...</control>
    <control lang="zh-cn" key="IDC_WIPE_CACHE">擦除缓存(&amp;W)</control>
    <control lang="zh-cn" key="IDD_HOTKEYS_DLG">TrueCrypt - 系统热键</control>
    <control lang="zh-cn" key="IDD_MOUNT_DLG">TrueCrypt</control>
    <control lang="zh-cn" key="IDD_PASSWORDCHANGE_DLG">修改加密卷密码和密钥文件</control>
    <control lang="zh-cn" key="IDD_PASSWORD_DLG">输入 TrueCrypt 加密卷密码</control>
    <control lang="zh-cn" key="IDD_PREFERENCES_DLG">TrueCrypt - 参数选择</control>
    <control lang="zh-cn" key="IDD_TRAVELLER_DLG">TrueCrypt 便携版设置</control>
    <control lang="zh-cn" key="IDD_VOLUME_PROPERTIES">TrueCrypt 加密卷属性</control>
    <control lang="zh-cn" key="IDM_ABOUT">关于 TrueCrypt...</control>
    <control lang="zh-cn" key="IDM_ADD_REMOVE_VOL_KEYFILES">添加或移除密钥文件...</control>
    <control lang="zh-cn" key="IDM_BACKUP_VOL_HEADER">备份加密卷头信息...</control>
    <control lang="zh-cn" key="IDM_BENCHMARK">基准测试...</control>
    <control lang="zh-cn" key="IDM_BUGREPORT">报告错误(联网)...</control>
    <control lang="zh-cn" key="IDM_CHANGE_HEADER_KEY_DERIV_ALGO">设置首密钥得出算法...</control>
    <control lang="zh-cn" key="IDM_CHANGE_PASSWORD">更改加密卷密码...</control>
    <control lang="zh-cn" key="IDM_CLEAR_HISTORY">清除加密卷历史记录</control>
    <control lang="zh-cn" key="IDM_CONTACT">联系作者(联网)...</control>
    <control lang="zh-cn" key="IDM_CREATE_VOLUME">创建新的加密卷...</control>
    <control lang="zh-cn" key="IDM_DEFAULT_KEYFILES">默认密钥文件...</control>
    <control lang="zh-cn" key="IDM_DONATIONS">捐助...</control>
    <control lang="zh-cn" key="IDM_EXIT">退出</control>
    <control lang="zh-cn" key="IDM_FAQ">常见问题(联网)</control>
    <control lang="zh-cn" key="IDM_FORUMS">软件论坛(联网)</control>
    <control lang="zh-cn" key="IDM_GENERATE_KEYFILE">生成随机密钥文件...</control>
    <control lang="zh-cn" key="IDM_HELP">用户指南</control>
    <control lang="zh-cn" key="IDM_HOMEPAGE">主页(联网)(&amp;H) </control>
    <control lang="zh-cn" key="IDM_HOTKEY_SETTINGS">系统热键...</control>
    <control lang="zh-cn" key="IDM_KEYFILE_GENERATOR">密钥文件生成器</control>
    <control lang="zh-cn" key="IDM_LANGUAGE">语言选择...</control>
    <control lang="zh-cn" key="IDM_LICENSE">法律声明(联网)</control>
    <control lang="zh-cn" key="IDM_MOUNTALL">自动载入全部设备类的加密卷</control>
    <control lang="zh-cn" key="IDM_MOUNT_FAVORITE_VOLUMES">载入收藏的加密卷</control>
    <control lang="zh-cn" key="IDM_MOUNT_VOLUME">载入选择的加密卷</control>
    <control lang="zh-cn" key="IDM_MOUNT_VOLUME_OPTIONS">根据选项载入加密卷</control>
    <control lang="zh-cn" key="IDM_NEWS">软件新闻(联网)</control>
    <control lang="zh-cn" key="IDM_ONLINE_HELP">在线帮助(联网)</control>
    <control lang="zh-cn" key="IDM_ONLINE_TUTORIAL">用户向导(联网)</control>
    <control lang="zh-cn" key="IDM_PREFERENCES">参数选择...</control>
    <control lang="zh-cn" key="IDM_REFRESH_DRIVE_LETTERS">刷新盘符列表</control>
    <control lang="zh-cn" key="IDM_REMOVE_ALL_KEYFILES_FROM_VOL">从加密卷中移除所有密钥...</control>
    <control lang="zh-cn" key="IDM_RESTORE_VOL_HEADER">恢复加密卷头信息...</control>
    <control lang="zh-cn" key="IDM_SAVE_FAVORITE_VOLUMES">收藏当前载入的加密卷</control>
    <control lang="zh-cn" key="IDM_SELECT_DEVICE">选择设备...</control>
    <control lang="zh-cn" key="IDM_SELECT_FILE">选择文件...</control>
    <control lang="zh-cn" key="IDM_SET_DEFAULT_KEYFILES">设定默认密钥文件/路径...</control>
    <control lang="zh-cn" key="IDM_TC_DOWNLOADS">下载页面(联网)</control>
    <control lang="zh-cn" key="IDM_TEST_VECTORS">测试向量...</control>
    <control lang="zh-cn" key="IDM_TRAVELLER">便携版设置...</control>
    <control lang="zh-cn" key="IDM_UNMOUNTALL">卸载全部载入的加密卷</control>
    <control lang="zh-cn" key="IDM_UNMOUNT_VOLUME">卸载选择的加密卷</control>
    <control lang="zh-cn" key="IDM_VERSION_HISTORY">版本历史(联网)</control>
    <control lang="zh-cn" key="IDM_VOLUME_PROPERTIES">加密卷属性</control>
    <control lang="zh-cn" key="IDM_VOLUME_WIZARD">加密卷创建向导</control>
    <control lang="zh-cn" key="IDM_WEBSITE">官方网站(联网)</control>
    <control lang="zh-cn" key="IDM_WIPE_CACHE">擦除缓存的密码</control>
    <control lang="zh-cn" key="IDOK">确定</control>
    <control lang="zh-cn" key="IDT_ASSIGN_HOTKEY">热键</control>
    <control lang="zh-cn" key="IDT_AUTORUN">自动运行配置 (autorun.inf)</control>
    <control lang="zh-cn" key="IDT_AUTO_DISMOUNT">自动卸载</control>
    <control lang="zh-cn" key="IDT_AUTO_DISMOUNT_ON">全部卸载，当：</control>
    <control lang="zh-cn" key="IDT_CONFIRM_PASSWORD">确认密码：</control>
    <control lang="zh-cn" key="IDT_CURRENT">当前密码</control>
    <control lang="zh-cn" key="IDT_DEFAULT_MOUNT_OPTIONS">默认载入选项</control>
    <control lang="zh-cn" key="IDT_DISMOUNT_ACTION">热键设置</control>
    <control lang="zh-cn" key="IDT_FILE_SETTINGS">文件选项</control>
    <control lang="zh-cn" key="IDT_HOTKEY_KEY">要分配的热键：</control>
    <control lang="zh-cn" key="IDT_LOGON">Windows 登陆时执行的操作</control>
    <control lang="zh-cn" key="IDT_MINUTES">分钟</control>
    <control lang="zh-cn" key="IDT_MOUNT_LETTER">以该驱动器盘符载入：：</control>
    <control lang="zh-cn" key="IDT_MOUNT_SETTINGS">载入设置</control>
    <control lang="zh-cn" key="IDT_NEW">新密码</control>
    <control lang="zh-cn" key="IDT_NEW_PASSWORD">密码：</control>
    <control lang="zh-cn" key="IDT_PKCS5_PRF">PKCS-5 PRF：</control>
    <control lang="zh-cn" key="IDT_PW_CACHE_OPTIONS">密码缓存</control>
    <control lang="zh-cn" key="IDT_TASKBAR_ICON">TrueCrypt 后台任务</control>
    <control lang="zh-cn" key="IDT_TRAVELLER_MOUNT">要载入的 TrueCrypt 加密卷(相对于便携版根目录)：</control>
    <control lang="zh-cn" key="IDT_TRAVEL_INSERTION">便携版磁盘插入时：</control>
    <control lang="zh-cn" key="IDT_TRAVEL_ROOT">便携版文件创建位置(便携磁盘根目录)：</control>
    <control lang="zh-cn" key="IDT_VOLUME">加密卷</control>
    <control lang="zh-cn" key="IDT_WINDOWS_RELATED_SETTING">Windows</control>
    <control lang="zh-cn" key="IDC_ADD_KEYFILE_PATH">添加路径(&amp;P)...</control>
    <control lang="zh-cn" key="IDC_AUTO">全部自动测试(&amp;A)</control>
    <control lang="zh-cn" key="IDC_DECRYPT">解密(&amp;D)</control>
    <control lang="zh-cn" key="IDC_DISPLAY_POOL_CONTENTS">显示缓冲内容</control>
    <control lang="zh-cn" key="IDC_DONATIONS">捐助...</control>
    <control lang="zh-cn" key="IDC_ENCRYPT">加密(&amp;E)</control>
    <control lang="zh-cn" key="IDC_GENERATE_AND_SAVE_KEYFILE">生成并保存密钥文件...</control>
    <control lang="zh-cn" key="IDC_GENERATE_KEYFILE">生成随机密钥文件(&amp;G)...</control>
    <control lang="zh-cn" key="IDC_GET_LANG_PACKS">下载语言包</control>
    <control lang="zh-cn" key="IDC_KEYADD">添加文件(&amp;F)...</control>
    <control lang="zh-cn" key="IDC_KEYFILES_ENABLE_HIDVOL_PROT">使用密钥文件(&amp;A)</control>
    <control lang="zh-cn" key="IDC_KEYFILES_HIDVOL_PROT">密钥文件(&amp;K)...</control>
    <control lang="zh-cn" key="IDC_KEYREMOVE">移除(&amp;R)</control>
    <control lang="zh-cn" key="IDC_KEYREMOVEALL">全部移除(&amp;A)</control>
    <control lang="zh-cn" key="IDC_LINK_HIDVOL_PROTECTION_INFO">什么是隐藏加密卷保护？</control>
    <control lang="zh-cn" key="IDC_LINK_KEYFILES_INFO">什么是密钥文件?</control>
    <control lang="zh-cn" key="IDC_LRW_INDEX_LSB">最弱位优先</control>
    <control lang="zh-cn" key="IDC_LRW_MODE_ENABLED">LRW 模式</control>
    <control lang="zh-cn" key="IDC_MOUNT_REMOVABLE">载入加密卷为可移动介质(&amp;M)</control>
    <control lang="zh-cn" key="IDC_PERFORM_BENCHMARK">基准测试</control>
    <control lang="zh-cn" key="IDC_PROTECT_HIDDEN_VOL">向外层加密卷写入数据时保护隐藏加密卷(&amp;P)</control>
    <control lang="zh-cn" key="IDC_RESET">重置(&amp;R)</control>
    <control lang="zh-cn" key="IDC_SHOW_PASSWORD_MO">显示密码(&amp;A)</control>
    <control lang="zh-cn" key="IDD_ABOUT_DLG">关于 TrueCrypt</control>
    <control lang="zh-cn" key="IDD_BENCHMARK_DLG">TrueCrypt - 加密算法基准测试</control>
    <control lang="zh-cn" key="IDD_CIPHER_TEST_DLG">TrueCrypt - 测试向量</control>
    <control lang="zh-cn" key="IDD_COMMANDHELP_DLG">命令行帮助</control>
    <control lang="zh-cn" key="IDD_KEYFILES">TrueCrypt - 密钥文件</control>
    <control lang="zh-cn" key="IDD_KEYFILE_GENERATOR">TrueCrypt - 密钥文件生成器</control>
    <control lang="zh-cn" key="IDD_LANGUAGE">TrueCrypt - Language</control>
    <control lang="zh-cn" key="IDD_LEGAL_NOTICES_DLG">TrueCrypt - 法律声明</control>
    <control lang="zh-cn" key="IDD_MOUNT_OPTIONS">TrueCrypt - 载入选项</control>
    <control lang="zh-cn" key="IDD_RAWDEVICES_DLG">选择一个分区或设备</control>
    <control lang="zh-cn" key="IDT_ACTIVE_LANG_PACK">当前语言包</control>
    <control lang="zh-cn" key="IDT_BOX_BENCHMARK_INFO">速度由 CPU 和存储设备性能决定。\n\n这些测试在内存中进行。</control>
    <control lang="zh-cn" key="IDT_BUFFER_SIZE">缓冲大小：</control>
    <control lang="zh-cn" key="IDT_CIPHER">密码：</control>
    <control lang="zh-cn" key="IDT_HIDDEN_PROT_PASSWD">隐藏加密卷的密码(&amp;A)：\n(如果为空，则使用缓存)</control>
    <control lang="zh-cn" key="IDT_HIDDEN_VOL_PROTECTION">保护隐藏加密卷</control>
    <control lang="zh-cn" key="IDT_KEY">密钥长度：</control>
    <control lang="zh-cn" key="IDT_KEYFILE_GENERATOR_NOTE">请在此窗口内随机移动鼠标，移动时间越长越好。</control>
    <control lang="zh-cn" key="IDT_KEYFILE_WARNING">警告：如果您丢失了密钥文件或者密钥文件的前 1024 KB 字节已改变，将不可能再载入使用该密钥的加密卷！</control>
    <control lang="zh-cn" key="IDT_KEY_UNIT">位</control>
    <control lang="zh-cn" key="IDT_LANGPACK_AUTHORS">翻译人员：</control>
    <control lang="zh-cn" key="IDT_LRW_BLOCK_INDEX">块索引(十六进制)</control>
    <control lang="zh-cn" key="IDT_LRW_KEY">次密钥(十六进制)</control>
    <control lang="zh-cn" key="IDT_LRW_MODE">LRW 模式</control>
    <control lang="zh-cn" key="IDT_PLAINTEXT">明文密码长度：</control>
    <control lang="zh-cn" key="IDT_PLAINTEXT_SIZE_UNIT">位</control>
    <control lang="zh-cn" key="IDT_POOL_CONTENTS">当前缓冲内容</control>
    <control lang="zh-cn" key="IDT_PRF">混合 PRF：</control>
    <control lang="zh-cn" key="IDT_SORT_METHOD">排序方式：</control>
    <control lang="zh-cn" key="IDT_TEST_CIPHERTEXT">加密文本 (十六进制)</control>
    <control lang="zh-cn" key="IDT_TEST_KEY">密钥 (十六进制)</control>
    <control lang="zh-cn" key="IDT_TEST_PLAINTEXT">明文密码 (十六进制)</control>
    <control lang="zh-cn" key="IDT_KEYFILES_NOTE">任何类型的文件(例如：.mp3、.jpg、.zip、.avi)都可以作为 TrueCrypt 的密钥文件。TrueCrypt 并不会修改密钥文件的内容。 您可以选择一个以上的密钥文件(与次序无关)。如果您添加了一个文件夹，里面的所有文件都将作为密钥文件。</control>
    <control lang="zh-cn" key="IDT_TEST_CONFIG">密码配置 (以字节计算)</control>
    <control lang="zh-cn" key="IDD_PCDM_CHANGE_PKCS5_PRF">设置首密钥得出算法</control>
    <control lang="zh-cn" key="IDD_PCDM_ADD_REMOVE_VOL_KEYFILES">添加/移除 密钥文件..</control>
    <control lang="zh-cn" key="IDD_PCDM_REMOVE_ALL_KEYFILES_FROM_VOL">从加密卷中移除所有密钥文件</control>
    <control lang="zh-cn" key="IDT_EXPLORER_OPTIONS">Windows 资源管理器</control>
    <control lang="zh-cn" key="IDC_BROWSE_KEYFILES">浏览...</control>
    <control lang="zh-cn" key="IDD_KEYFILE_GENERATOR_DLG">TrueCrypt - 密钥文件生成器</control>
    <control lang="zh-cn" key="IDT_LICENSE">许可协议：</control>
    <control lang="zh-cn" key="IDT_UNINSTALL_INFO">没有 TrueCrypt 加密卷被删除。注册表项 HKLM\\SYSTEM\\ControlSet001\\Enum\\Root\\LEGACY_TRUECRYPT 不能被删除，这是因为 Windows 的权限不允许。</control>
    <control lang="zh-cn" key="MENU_FILE">文件</control>
    <control lang="zh-cn" key="MENU_VOLUMES">加密卷(&amp;V)</control>
    <control lang="zh-cn" key="MENU_KEYFILES">密钥文件(&amp;K)</control>
    <control lang="zh-cn" key="MENU_TOOLS">工具(&amp;O)</control>
    <control lang="zh-cn" key="MENU_SETTINGS">设置(&amp;N)</control>
    <control lang="zh-cn" key="MENU_HELP">帮助(&amp;H)</control>
    <control lang="zh-cn" key="MENU_WEBSITE">   主页(联网)(&amp;P)   </control>
    <!-- Strings -->
    <string lang="zh-cn" key="ABOUTBOX">关于(&amp;A)...</string>
    <string lang="zh-cn" key="ACCESSMODEFAIL">不能更改旧版本加密卷的只读属性。请检查文件访问权限。</string>
    <string lang="zh-cn" key="ACCESS_DENIED">错误：访问被拒绝。\n\n您试图要访问的分区要么是 0 扇区长度，要么是启动设备。</string>
    <string lang="zh-cn" key="ADMIN_PRIVILEGES_DRIVER">要加载 TrueCrypt 驱动，您必需以一个 具有管理员权限的帐号登陆。</string>
    <string lang="zh-cn" key="ADMIN_PRIVILEGES_WARN_DEVICES">请注意：如果要加密或格式化某分区和设备您必需以一个 具有管理员权限的帐号登陆。\n\n文件类加密卷不受这个限制。</string>
    <string lang="zh-cn" key="ADMIN_PRIVILEGES_WARN_HIDVOL">如果要创建隐藏的加密卷，您必须以一个 具有管理员权限的帐号登陆。\n\n需要继续吗？</string>
    <string lang="zh-cn" key="ADMIN_PRIVILEGES_WARN_NTFS">请注意：如果要把加密卷格式化为 NTFS 文件系统，您必需以一个 具有管理员权限的帐号登陆。\n\n若无管理员权限，您可以格式化加密卷为 FAT 文件系统。</string>
    <string lang="zh-cn" key="AES_HELP">FIPS-认可的加密算法(Rijndael，发表于 1998)可能被美国联邦部门和机构用来对特定信息进行顶极保护。256 位密钥，128-位块，14 次离散循环(AES-256，发表于 2001 年)。操作模式为 LRW。</string>
    <string lang="zh-cn" key="ALREADY_MOUNTED">加密卷已载入。</string>
    <string lang="zh-cn" key="ERR_SELF_TESTS_FAILED">小心：在内置自动检测时，至少一个 加密或哈希算法失败了！\n\n此 TrueCrypt 安装可能已损坏。</string>
    <string lang="zh-cn" key="ERR_NOT_ENOUGH_RANDOM_DATA">小心：在随机数生成器缓冲中的数据不足，无法提供要求数量的随机数据。\n\n您不应当继续进行。请从帮助菜单选择“报告错误”来报告此软件错误。</string>
    <string lang="zh-cn" key="BAD_DRIVE_LETTER">无效驱动器盘符。</string>
    <string lang="zh-cn" key="CANCEL">取消</string>
    <string lang="zh-cn" key="CANNOT_CALC_SPACE">无法访问设备。请确保选中的设备存在并且未被系统使用。</string>
    <string lang="zh-cn" key="CAPSLOCK_ON">警告：Caps Lock 已开启。 这可能导致您输入密码错误。</string>
    <string lang="zh-cn" key="CIPHER_HIDVOL_HOST_TITLE">外层加密卷加密选项</string>
    <string lang="zh-cn" key="CIPHER_HIDVOL_TITLE">隐藏加密卷加密选项</string>
    <string lang="zh-cn" key="CIPHER_TITLE">加密选项</string>
    <string lang="zh-cn" key="CLEAN_WINMRU_FAILED">警告：清除上次选择的加密卷或密钥文件路径失败(由文件选择器记忆)！</string>
    <string lang="zh-cn" key="COMPRESSION_NOT_SUPPORTED">错误：此加密卷在 NTFS 格式分区上压缩过。TrueCrypt 不支持压缩过的加密卷（这是因为压缩过的加密数据会低效和存在数据冗余）。\n\n请使用以下步骤取消压缩： 1) 在Windows资源管理器中右键单击加密卷（不是在 TrueCrypt 窗口中）。 2) 选择“属性”。 3) 在“属性”对话框，单击“高级”。 4) 在“高级属性”对话框，禁用“压缩内容以节省磁盘空间”并点击“确定”。 5) 返回到“属性”对话框，点“确定”。</string>
    <string lang="zh-cn" key="CREATE_FAILED">创建加密卷  %hs 失败</string>
    <string lang="zh-cn" key="DEVICE_FREE_BYTES">%hs 的大小为 %.2f 字节</string>
    <string lang="zh-cn" key="DEVICE_FREE_GB">%hs 的大小为 %d GB</string>
    <string lang="zh-cn" key="DEVICE_FREE_KB">%hs 的大小为 %.2f KB</string>
    <string lang="zh-cn" key="DEVICE_FREE_MB">%hs 的大小为 %.2f MB</string>
    <string lang="zh-cn" key="DEVICE_FREE_PB">%hs 的大小为 %d PB</string>
    <string lang="zh-cn" key="DEVICE_FREE_TB">%hs 的大小为 %d TB</string>
    <string lang="zh-cn" key="DEVICE_IN_USE">警告：设备/分区正在使用！\n\n若忽略这些则可能导致非期望的结果，包括系统不稳定。 应当在载入加密卷之前关闭所有可能使用此设备/分区的 应用程序。\n\n继续载入吗？</string>
    <string lang="zh-cn" key="DEVICE_IN_USE_FORMAT">警告：设备/分区正在正在被系统或应用程序占用。格式化该设备/分区它可能导致数据丢失或系统不稳定。\n\n继续进行格式化吗？</string>
    <string lang="zh-cn" key="FORMAT_CANT_DISMOUNT_FILESYS">错误：该设备/分区包含不能被断开的文件系统。次文件系统可能被操作系统使用。格式化此设备/分区很可能会导致数据损坏或者是系统不稳定。\n\n要解决此问题，我们推荐您首先删除该分区之后在不格式化的情况下重新创建这个分区。要达成此目的，请遵照下面步骤： 1) 在 '开始' 菜单右键单击 '计算机' (或者 '我的电脑') 图标，之后选择 '管理'，显示 '计算机管理' 窗口。 2) 在 '计算机管理' 窗口，选择 '磁盘管理'。 3) 右键单击要加密的分区，你可以选择 '删除分区' 或者是 '删除卷'，或者是 '删除逻辑驱动器'。 4) 如果 Windows 提示重启计算机，点 '是' 重启。之后在第 5 个步骤中重复第 1 和第 2 步。 5) 右键单击未分配/自由空间并选择 '新建分区'，或者 '新的卷'，或者 '新逻辑驱动器'。 6) 在 '新分区向导' 或者 '新建卷向导' 窗口中，在带有 '格式化分区' 标题的对话框中，选择 '不格式化此分区' 或者是 '不格式化此卷'。在同样的向导里面，点 '下一步' 之后点 '完成' 按钮。 7) 注意：您现在在 Truecrypt 中选择的设备路径可能是错误的，因此，退出并重新启动 TrueCrypt 加密卷创建向导(如果正在运行)。 8) 尝试重新加密该设备/分区。\n\n如果 TrueCrypt 仍然会加密失败，您可以考虑创建文件类型的加密卷。</string>
    <string lang="zh-cn" key="DEVICE_IN_USE_INFO">警告：一些载入的设备/分区正在使用中！\n\n若忽略这些则可能导致非期望的结果，包括系统不稳定。\n\n我们强烈建议您关闭所有可能正在使用 此设备/分区的应用程序。</string>
    <string lang="zh-cn" key="DEVICE_PARTITIONS_ERR">选定的设备包含分区。\n\n格式化该设备可能会导致系统不稳定或数据丢失。您可以选择该设备的某个分区，或者删除该设备的所有分区，以保证 TrueCrypt 对其安全格式化。</string>
    <string lang="zh-cn" key="WHOLE_DEVICE_WARNING">警告：如果您加密了整个设备，操作系统会把这个设备识别为新的未格式化的设备(因为它不含分区表)。这会导致该加密卷容易被意外初始化，从而造成加密卷无法载入。\n\n更可取的方法是在该设备上创建一个分区并加密这个分区。\n\n您确定要加密整个设备吗？</string>
    <string lang="zh-cn" key="WHOLE_DEVICE_NOTE">重要：不论 Windows 何时询问您是否希望初始化这个设备(即使 Windows 告诉您必须初始化)， 务必要回答“否”，否则您将损坏该加密卷并使其无法加载。\n\n我们也建议您在创建加密卷后备份加密卷头信息 (工具 -&gt; 备份加密卷头信息)。</string>
    <string lang="zh-cn" key="AFTER_FORMAT_DRIVE_LETTER_WARN">重要：请时刻记住该设备/分区不能使用当前赋给它的驱动器盘符 %c: 加载！\n\n要加载此设备/分区，点击 TrueCrypt 主窗口的 '自动载入设备'。也可以这样，在 TrueCrypt 主窗口，点击 '选择设备'，之后选择该分区/设备，然后点 '载入' 按钮。这个分区/设备便会以不同的盘符载入（这个盘符可以在 TrueCrypt 主窗口的盘符列表中选择）。\n\n原始的驱动盘符 %c: 仅应当在您需要移除对该分区/设备的加密时使用(例如：如果您不再需要加密)。在这种情况下，右键单击 '我的电脑'（(或者是 '资源管理器')）中的驱动器盘符 %c: 并选择 '格式化'。否则该驱动器盘符 %c: 会无法使用(除非您移除它并把它指定给另外的分区/设备)。</string>
    <string lang="zh-cn" key="DISK_FREE_BYTES">驱动器 %hs 上的自由空间为 %.2f 字节。</string>
    <string lang="zh-cn" key="DISK_FREE_GB">驱动器 %hs 上的自由空间为 %d GB。</string>
    <string lang="zh-cn" key="DISK_FREE_KB">驱动器 %hs 上的自由空间为 %.2f KB。</string>
    <string lang="zh-cn" key="DISK_FREE_MB">驱动器 %hs 上的自由空间为 %.2f MB。</string>
    <string lang="zh-cn" key="DISK_FREE_PB">驱动器 %hs 上的自由空间为 %d PB。</string>
    <string lang="zh-cn" key="DISK_FREE_TB">驱动器 %hs 上的自由空间为 %d TB。</string>
    <string lang="zh-cn" key="DRIVELETTERS">无法得到可用的驱动器盘符。</string>
    <string lang="zh-cn" key="DRIVER_NOT_FOUND">未发现 TrueCrypt 驱动程序！\n\n请复制“truecrypt.sys”和“truecrypt-x64.sys”文件到 应用程序所在的目录。</string>
    <string lang="zh-cn" key="DRIVER_VERSION">当前正在运行一个不兼容的 TrueCrypt 设备驱动。\n\n要求版本：TrueCrypt %hs</string>
    <string lang="zh-cn" key="ERR_CIPHER_INIT_FAILURE">错误：密码初始化失败。</string>
    <string lang="zh-cn" key="ERR_CIPHER_INIT_WEAK_KEY">错误：检测到弱强度密钥！ 密钥将被废弃。请重试。</string>
    <string lang="zh-cn" key="EXCEPTION_REPORT">发生了关键性错误，TrueCrypt 必须被终止。如果该错误是 TrueCrypt 的缺陷导致的，我们可能会修正它。要协助我们完善热键，您可以发送给我们 Truecrypt 自动生成的错误报告，报告包括下面内容：\n\n- 程序版本\n- 操作系统版本\n- TrueCrypt 组件名称\n- TrueCrypt 执行程序的校验值\n- TrueCrypt 对话框标记\n- 错误分类\n- 错误地址信息\n- TrueCrypt 调用堆栈\n\n如果您选择“是”，下面的 URL 网址（包含错误报告）将会在您的默认浏览器中打开（可能在有些特殊环境会需要大约30秒的时间）。\n\n%hs\n\n您希望发送错误报告给我们吗？</string>
    <string lang="zh-cn" key="EXCEPTION_REPORT_EXT">您的系统发生了关键性错误，导致 TrueCrypt 必须中止。\n\n需要注意的是此错误并非由 TrueCrypt 导致(因此 TrueCrypt 开发者并不能修复这个错误)。请检查您的系统查找可能的原因(例如：系统配置、网络连接、失效的硬件组件等)。</string>
    <string lang="zh-cn" key="EXCEPTION_REPORT_TITLE">TrueCrypt 关键性错误</string>
    <string lang="zh-cn" key="EXIT">退出</string>
    <string lang="zh-cn" key="EXT_PARTITION">请为该扩展分区创建一个逻辑分区，然后再试。</string>
    <string lang="zh-cn" key="FILE_HELP">您可以创建文件类的加密卷或加密整个硬盘分区、软盘、USB 存储器、以及其它存储设备。单击“选择文件...”指定要创建的新加密卷的文件名称和路径，或单击“选择设备...”来选择一个要加密的分区或设备。\n\n警告：如果您加密整个分区或设备，所有当前存储于这个分区或设备上的数据将会被擦除。</string>
    <string lang="zh-cn" key="FILE_HELP_HIDDEN_HOST_VOL">选择要创建的外层加密卷的位置(稍候将在此加密卷里面创建隐藏加密卷)。\n\n您可以创建文件类加密卷或加密整个硬盘分区、软盘、以及其它存储设备。单击“选择文件”指定要创建存储外层加密卷的文件名称和路径，单击“选择设备...”来选择一个要加密的分区或设备。\n\n如果您加密整个分区或设备，所有当前存储于这个分区或设备上的数据将会被擦除。</string>
    <string lang="zh-cn" key="FILE_HELP_HIDDEN_HOST_VOL_DIRECT">选择 TrueCrypt 外层加密卷的位置(您想要在这个加密卷里创建隐藏加密卷)。</string>
    <string lang="zh-cn" key="FILE_IN_USE">警告：外层加密卷或设备正在使用中！\n\n忽略这些可能会导致非期望的错误，包括系统不稳定。 您在载入加密卷前应当关闭所有可能使用该外层加密 卷或设备的应用程序。\n\n继续载入吗？</string>
    <string lang="zh-cn" key="FILE_IN_USE_FAILED">错误：无法载入加密卷。外层加密卷或设备正在使用中。 不使用独占权限的载入尝试也同样会失败。</string>
    <string lang="zh-cn" key="FILE_OPEN_FAILED">文件不能被打开。</string>
    <string lang="zh-cn" key="FILE_TITLE">加密卷位置</string>
    <string lang="zh-cn" key="FORMAT">格式化(&amp;F)</string>
    <string lang="zh-cn" key="FORMAT_ABORT">放弃格式化吗？</string>
    <string lang="zh-cn" key="FORMAT_FINISHED_HELP">\n\nTrueCrypt 加密卷已被创建并准备就绪。要创建另外的 TrueCrypt 加密卷，请单击“下一步”，否则请单击“退出”按钮。</string>
    <string lang="zh-cn" key="FORMAT_FINISHED_INFO">TrueCrypt 加密卷已成功创建。</string>
    <string lang="zh-cn" key="FORMAT_FINISHED_TITLE">加密卷已创建</string>
    <string lang="zh-cn" key="FORMAT_HELP">在这里您可以设置用于新建加密卷的额外选项。请阅读文档获得更多信息。当完成后，单击“格式化”来创建您新的加密卷。</string>
    <string lang="zh-cn" key="FORMAT_HIDVOL_HOST_HELP">注意：隐藏加密卷仅能在 FAT 格式的加密卷里创建。要获得更多信息，请参阅文档。就绪后，单击“格式化”来创建您新的外层加密卷。</string>
    <string lang="zh-cn" key="FORMAT_HIDVOL_HOST_TITLE">外层加密卷格式</string>
    <string lang="zh-cn" key="FORMAT_HIDVOL_TITLE">隐藏加密卷格式</string>
    <string lang="zh-cn" key="FORMAT_TITLE">加密卷格式化</string>
    <string lang="zh-cn" key="GETFILETIME_FAILED">警告：无法获得加密卷时间戳！</string>
    <string lang="zh-cn" key="GETFILETIME_FAILED_GENERIC">警告：无法获得加密卷时间戳！\n\n如果该加密卷里面包含隐藏加密卷，那么 隐藏加密卷的隐蔽性可能会受到影响。</string>
    <string lang="zh-cn" key="GETFILETIME_FAILED_IMPLANT">警告：无法获得加密卷时间戳！\n\n在您使用外部工具重新设置这个时间戳之前，我们 建议您不要在这个加密卷里创建隐藏加密卷。</string>
    <string lang="zh-cn" key="GETFILETIME_FAILED_PW">警告：无法获得加密卷时间戳！\n\n该加密卷里如果有隐藏加密卷，修改或试图修改密码后， 隐藏加密卷的隐蔽性可能会受影响。</string>
    <string lang="zh-cn" key="GETFILETIME_FAILED_KEYFILE">警告：无法获得密钥文件时间戳！因此不能保留上次访问日期/时间。\n\n可能这个文件已经被访问过了。</string>
    <string lang="zh-cn" key="HELP_READER_ERROR">如要显示或打印 TrueCrypt 用户指南需要使用 Adobe Acrobat Reader (或与其兼容的工具)。\n\nAdobe Reader (免费软件)下载地址： www.adobe.com\n\n您想要在线查看这个文档吗？</string>
    <string lang="zh-cn" key="HIDDEN_VOL_WIZARD_MODE_HELP">不熟练的用户应选择第一个选项。如果您选择第二个选项，则假定您已创建了一个能够容纳隐藏加密卷的 TrueCrypt 加密卷。</string>
    <string lang="zh-cn" key="HIDDEN_VOL_WIZARD_MODE_TITLE">向导模式</string>
    <string lang="zh-cn" key="HIDVOL_FORMAT_FINISHED_HELP">该隐藏的 TrueCrypt 加密卷已成功创建并可以立即使用。如果“TrueCrypt User's Guide”（Truecrypt 用户指南）的"Security Precautions Pertaining to Hidden Volumes"章节中的措施都被遵循，即使当外层加密卷被载入，此隐藏加密卷也将无法被觉察。\n\n警告：如果您没有保护隐藏加密卷(保护的做法参考 TrueCrypt 用户指南的"PROTECTION OF HIDDEN VOLUMES AGAINST DAMAGE"章节)，请不要向外层加密卷写入数据。否则您可能会覆盖或损坏隐藏隐藏加密卷！</string>
    <string lang="zh-cn" key="HIDVOL_FORMAT_FINISHED_TITLE">隐藏加密卷已创建</string>
    <string lang="zh-cn" key="HIDVOL_HOST_FILLING_HELP">外层加密卷已成功创建并作为 %hc：驱动器载入。对这个加密卷，现在您应复制一些您不是真正要隐藏的貌似敏感的文件。这是让那些强迫您泄漏密码的人能看到的文件。您将仅对这个外层加密卷泄漏密码，而不要泄漏给他们隐藏加密卷的密码。您真正要保护的文件将被存储在稍候创建的隐藏加密卷里。当您完成复制后，请单击"下一步"，并且不要卸载此加密卷。\n\n注意：单击“下一步”后，将进行簇状图扫描来确定连续的自由空间大小，此自由空间的尾部与加密卷尾部一致。该空间将提供用来创建隐藏加密卷同时也是隐藏加密卷的最大容量。簇状图扫描能够保证外层加密中卷的数据不会被隐藏卷覆盖。</string>
    <string lang="zh-cn" key="HIDVOL_HOST_FILLING_TITLE">外层加密卷内容</string>
    <string lang="zh-cn" key="HIDVOL_HOST_PRE_CIPHER_HELP">\n\n在下一步您将要为外层加密卷(在其内将创建隐藏加密卷)调整其选项。</string>
    <string lang="zh-cn" key="HIDVOL_HOST_PRE_CIPHER_TITLE">外层加密卷</string>
    <string lang="zh-cn" key="HIDVOL_PRE_CIPHER_HELP">\n\n外层加密卷簇状图扫描已完成，隐藏加密卷最大可能大小已被确定。在下一步里您可以调整隐藏加密卷的选项、大小、和密码。</string>
    <string lang="zh-cn" key="HIDVOL_PRE_CIPHER_TITLE">隐藏加密卷</string>
    <string lang="zh-cn" key="HIDVOL_PROT_WARN_AFTER_MOUNT">在外层加密卷卸载前隐藏加密卷将处于保护之中。\n\n警告：如果有数据试图保存到隐藏加密卷区域，TrueCrypt 将会对整个 加密卷(外层卷和隐藏卷)进行保护直到卸载。这会导致外层加密卷文件系统出错。任何保存到隐藏加密卷区域的数据将不被保存并且会丢失！Windows 可能会报告为写入错误(“延迟写入失败”或者是“参数不正确”)。</string>
    <string lang="zh-cn" key="HIDVOL_PROT_WARN_AFTER_MOUNT_PLURAL">在外层加密卷卸载前每一个隐藏加密卷将处于保护之中。\n\n警告：如果有数据试图保存到任何隐藏加密卷区域，TrueCrypt 将会对整个加密卷(外层卷和隐藏卷)进行保护直到卸载。这会导致外层加密卷文件系统出错。任何保存到隐藏加密卷区域的数据将不被保存并且丢失！ Windows 可能会报告为写入错误(“延迟写入失败”或者是“参数不正确)。</string>
    <string lang="zh-cn" key="DAMAGE_TO_HIDDEN_VOLUME_PREVENTED">警告：数据试图保存到载入为 %c: 的加密卷的隐藏加密卷区域！\n\nTrueCrypt 已阻止这些数据的保存来保护隐藏加密卷。这会导致外层加密卷文件系统出错。Windows 可能会报告为写入错误(“延迟写入失败”或者是“参数不正确)。整个加密卷(外层卷和隐藏卷)将会被保护到加密卷断开为止。\n\n我们强烈建议您立即重新启动计算机。</string>
    <string lang="zh-cn" key="INIT_MUTEX">无法初始化应用程序。创建必需的互斥对象失败。</string>
    <string lang="zh-cn" key="INIT_RAND">初始化随机数据生成器失败！</string>
    <string lang="zh-cn" key="INIT_REGISTER">无法初始化应用程序。注册对话框类失败。</string>
    <string lang="zh-cn" key="INTRO_HELP">\n此向导将帮您创建新的 TrueCrypt 加密卷。\n\n重要：即将开始收集随机数据。这些随机数据将用于生成新加密卷的主密钥、次密钥(LRW模式)、要素等数据。收集来的数据包括您在此窗口内鼠标动作、鼠标单击、键盘按键点击以及从系统中获得的其它信息。为使数据尽可能随机，您移动鼠标越随意，时间越长越好。</string>
    <string lang="zh-cn" key="INTRO_TITLE">TrueCrypt 加密卷创建向导</string>
    <string lang="zh-cn" key="INVALID_DEVICE">指定了无效的驱动器或分区。请用下面语法载入分区：\\Device\\Harddisk0\\Partition4</string>
    <string lang="zh-cn" key="MAX_HIDVOL_SIZE_BYTES">该卷能创建的最大隐藏加密卷大小为 %.2f 字节。</string>
    <string lang="zh-cn" key="MAX_HIDVOL_SIZE_KB">该卷能创建的最大隐藏加密卷大小为 %.2f KB。</string>
    <string lang="zh-cn" key="MAX_HIDVOL_SIZE_MB">该卷能创建的最大隐藏加密卷大小为 %.2f MB。</string>
    <string lang="zh-cn" key="MOUNTED_NOPWCHANGE">当此加密卷被载入时，加密卷密码/密钥文件无法被更改。 请首先卸载此加密卷。</string>
    <string lang="zh-cn" key="MOUNTED_NO_PKCS5_PRF_CHANGE">当加密卷被载入时不能修改首密钥得出算法。 请首先卸载加密卷。</string>
    <string lang="zh-cn" key="MOUNT_BUTTON">载入(&amp;M)</string>
    <string lang="zh-cn" key="NEW_VERSION_REQUIRED">需要新版本的 TrueCrypt 来载入此加密卷。</string>
    <string lang="zh-cn" key="VOL_CREATION_WIZARD_NOT_FOUND">错误：未发现加密卷创建向导。\n\n请确认文件“TrueCrypt Format.exe”位于“TrueCrypt.exe”的目录之中。如果不是 这样，请重新安装 TrueCrypt，或在磁盘中定位“TrueCrypt Format.exe”并运行它。</string>
    <string lang="zh-cn" key="NEXT">下一步(&amp;N) &gt;</string>
    <string lang="zh-cn" key="FINALIZE">完成(&amp;F)</string>
    <string lang="zh-cn" key="NODRIVER">不能连接到 TrueCrypt 设备驱动。如果设备驱动不能运行则 TrueCrypt 也不能运行。\n\n注意：由于 Windows 问题，可能需要注销或者重启系统才能正常加载设备驱动。</string>
    <string lang="zh-cn" key="NOFONT">加载/准备字体时出错。</string>
    <string lang="zh-cn" key="NOT_FOUND">未发现指定的 DOS 驱动盘符。</string>
    <string lang="zh-cn" key="DRIVE_LETTER_UNAVAILABLE">驱动器盘符不可用。</string>
    <string lang="zh-cn" key="NO_FILE_SELECTED">未选定文件！</string>
    <string lang="zh-cn" key="NO_FREE_DRIVES">无可用驱动器盘符。</string>
    <string lang="zh-cn" key="NO_FREE_DRIVE_FOR_OUTER_VOL">外层加密卷无可用自由盘符！ 加密卷创建不能进行。</string>
    <string lang="zh-cn" key="NO_OS_VER">不能检测到操作系统的版本，或您正在使用不被支持的操作系统。</string>
    <string lang="zh-cn" key="NO_PATH_SELECTED">未选定路径！</string>
    <string lang="zh-cn" key="NO_SPACE_FOR_HIDDEN_VOL">创建隐藏加密卷的自由空间不足！ 加密卷创建不能继续。</string>
    <string lang="zh-cn" key="OPENFILES_DRIVER">此驱动无法卸载这个加密卷。位于此加密卷上某些文件可能仍被打开。</string>
    <string lang="zh-cn" key="OPENFILES_LOCK">无法锁定此加密卷。此加密卷上仍有些文件被打开。因而也无法卸载。</string>
    <string lang="zh-cn" key="OPEN_VOL_TITLE">请选择一个 TrueCrypt 加密卷</string>
    <string lang="zh-cn" key="OPEN_TITLE">指定路径和文件名</string>
    <string lang="zh-cn" key="OUTOFMEMORY">内存不足</string>
    <string lang="zh-cn" key="FORMAT_DEVICE_FOR_ADVANCED_ONLY">重要：我们强烈建议非熟练用户在选定的分区/设备里面建立文件类型的加密卷，而不是尝试加密整个分区/设备。\n\n例如，当您创建一个 TrueCrypt 文件类型加密卷时(相对于加密整个分区/设备)，则不存在毁坏大量的文件的风险。请注意，一个 TrueCrypt 的文件类型加密卷(尽管其包含虚拟的加密磁盘)事实上就象任意一个普通的文件一样。因此，它可以象任何普通文件那样被重命名、移动、或者复制。要创建一个 TrueCrypt 文件类型加密卷，在向导窗口点击 '否' 并随后点击 '选择文件'。如若获取更多信息，请参考TrueCrypt User Guide中的 Beginner's Tutorial章节。\n\n您确认要加密整个设备/分区吗？</string>
    <string lang="zh-cn" key="OVERWRITEPROMPT">警告：加密卷 '%hs' 已存在！\n\n注意：TrueCrypt 并不会加密这个文件，而是会删除这个文件。 您确定要删除这个文件并用一个新的  TrueCrypt 容器来替换它吗？</string>
    <string lang="zh-cn" key="OVERWRITEPROMPT_DEVICE">务必小心：当前存储在 %s '%hs'%s 上的所有数据将会丢失！\n\n您一定要继续格式化吗？</string>
    <string lang="zh-cn" key="PASSWORD">密码</string>
    <string lang="zh-cn" key="PASSWORD_CHANGED">密码 和/或 密钥文件已成功修改。\n\n重要：请确认您已经阅读了用户指南的'Security Precautions'章节中的'Changing Passwords and Keyfiles'部分。</string>
    <string lang="zh-cn" key="KEYFILE_CHANGED">密钥文件已成功添加/移除。</string>
    <string lang="zh-cn" key="PKCS5_PRF_CHANGED">首密钥得出算法已成功设置。</string>
    <string lang="zh-cn" key="PASSWORD_HELP">选择一个安全的密码非常重要。您应该避免选取能够在字典中查到的只包含单纯的词(或是与2、3、4 这类字符的组合)作为密码，也不应包含任何名字或生日，同时也不易被猜到。安全的密码应当随机包含大小写字符、数字、以及类似 @ ^ = $ * + 这样的特殊字符。\n\n我们推荐使用大于 20 个字符的密码(越长越好)。最大的密码长度为 64。</string>
    <string lang="zh-cn" key="PASSWORD_HIDDENVOL_HELP">请为隐藏加密卷选择一个密码。 </string>
    <string lang="zh-cn" key="PASSWORD_HIDDENVOL_HOST_DIRECT_HELP">请输入外层加密卷的密码(您将在该加密卷中创建隐藏加密卷)。\n\n在单击“下一步”后，TrueCrypt 会尝试载入此加密卷。一旦加密卷被载入，将进行簇状图扫描来确定连续的自由空间大小(如果有的话)，此空间的尾部与加密卷尾部一致。该区域将提供给隐藏加密卷并因此会限制它的最大可能大小。簇状图扫描是必要的，这可以确保外层卷的数据不会被隐藏卷覆盖。</string>
    <string lang="zh-cn" key="PASSWORD_HIDDENVOL_HOST_HELP">\n请为外层加密卷选择一个密码。这是您在强迫情况下泄漏给入侵者强的密码。\n\n此密码必须不同于将要创建的内部隐藏加密卷的密码。\n\n\n注意：最大密码长度为64个字符。</string>
    <string lang="zh-cn" key="PASSWORD_HIDVOL_HOST_TITLE">外层加密卷密码</string>
    <string lang="zh-cn" key="PASSWORD_HIDVOL_TITLE">隐藏加密卷密码</string>
    <string lang="zh-cn" key="PASSWORD_LENGTH_WARNING">警告：简短密码容易被使用 暴力破解技术破解！\n\n我们建议选择一个超过 20 个字符的密码。\n\n您确定要使用简短密码吗？</string>
    <string lang="zh-cn" key="PASSWORD_TITLE">加密卷密码</string>
    <string lang="zh-cn" key="PASSWORD_WRONG">密码不正确或不是 TrueCrypt 加密卷。</string>
    <string lang="zh-cn" key="PASSWORD_OR_KEYFILE_WRONG">密钥 和/或 密码不正确或不是 TrueCrypt 加密卷。</string>
    <string lang="zh-cn" key="PASSWORD_WRONG_CAPSLOCK_ON">\n\n警告：Caps Lock 已经开启。 这可能导致您密码输入错误。</string>
    <string lang="zh-cn" key="PASSWORD_WRONG_AUTOMOUNT">密码不正确或不是 TrueCrypt 加密卷。</string>
    <string lang="zh-cn" key="PASSWORD_OR_KEYFILE_WRONG_AUTOMOUNT">密钥 和/或 密码不正确或不是 TrueCrypt 加密卷</string>
    <string lang="zh-cn" key="PREV">&lt; 上一步(&amp;P)</string>
    <string lang="zh-cn" key="RAWDEVICES">不能列表安装在系统上的 raw 设备！</string>
    <string lang="zh-cn" key="READONLYPROMPT">加密卷 '%hs' 存在，并且是只读的。您确定要替换它吗？</string>
    <string lang="zh-cn" key="SELECT_DEST_DIR">选择目标目录</string>
    <string lang="zh-cn" key="SELECT_KEYFILE">选择密钥文件</string>
    <string lang="zh-cn" key="SELECT_KEYFILE_PATH">选择密钥文件的搜索路径。警告：注意，记忆的只是路径，而不会记忆文件名！</string>
    <string lang="zh-cn" key="SERPENT_HELP">Serpent 为与 AES 候选算法中的一种。设计者为 Ross Anderson、Eli Biham、和 Lars Knudsen。发表于 1998 年。256 位密钥，128 位数据块，操作模式为 LRW。</string>
    <string lang="zh-cn" key="SETFILETIME_FAILED_IMPLANT">警告：恢复加密卷时间戳失败(文件修改/访问的日期/时间)！\n\n隐藏加密卷的隐蔽性可能会受到影响。</string>
    <string lang="zh-cn" key="SETFILETIME_FAILED_PREP_IMPLANT">警告：恢复加密卷时间戳失败！\n\n在您使用外部工具重新设置时间戳之前，我们建议 不要在这个加密卷内创建隐藏加密卷。</string>
    <string lang="zh-cn" key="SETFILETIME_FAILED_PW">警告：恢复加密卷时间戳失败(文件修改/访问的日期/时间)！\n\n如果加密卷内含隐藏加密卷，隐藏加密卷的隐蔽性可能会受到影响。</string>
    <string lang="zh-cn" key="SETFILETIME_FAILED_KEYFILE">警告：恢复加密卷时间戳失败！不能保留上次访问的日期/时间\n\n很可能表明文件正被访问。</string>
    <string lang="zh-cn" key="SETUP_INCOMPLETE">错误“'Setup Files' 目录不存在。\n\n在安装 TrueCrypt 之前，您必须从发布的压缩包中解压缩所有的文件。</string>
    <string lang="zh-cn" key="SIZE_HELP">请指定要创建的容器加密卷的大小。\n\n如果您打算创建一个动态的(稀疏文件)容器，该参数对应于该容器的最大尺寸。\n\n注意：最小的 FAT 加密卷大小为 19 KB。最小的 NTFS 加密卷大小为 2526 KB。</string>
    <string lang="zh-cn" key="SIZE_HELP_HIDDEN_HOST_VOL">请指定要创建的外层加密卷的大小(随后将在其内创建隐藏加密卷)。最小可能的包含隐藏卷的 FAT 容器卷大小为 40 KB。</string>
    <string lang="zh-cn" key="SIZE_HELP_HIDDEN_VOL">请指定要创建的隐藏加密卷的大小。最小可能的 FAT 加密卷大小为 19 KB。最小可能的 NTFS 加密卷大小为 2526 KB。您可以指定加密卷的最大容量如上面所示。</string>
    <string lang="zh-cn" key="SIZE_HIDVOL_HOST_TITLE">外层加密卷大小</string>
    <string lang="zh-cn" key="SIZE_HIDVOL_TITLE">隐藏加密卷大小</string>
    <string lang="zh-cn" key="SIZE_PARTITION_HELP">设备的大小无法更改。请在确认选定设备的容量正确无误后单击“下一步”。</string>
    <string lang="zh-cn" key="SIZE_PARTITION_HIDDEN_VOL_HELP">\n\n注意：想要在其内创建隐藏加密卷的外层加密卷最小可能大小为 40 KB。</string>
    <string lang="zh-cn" key="SIZE_TITLE">加密卷大小</string>
    <string lang="zh-cn" key="SPARSE_FILE">动态的</string>
    <string lang="zh-cn" key="TESTS_FAILED">小心：自检失败！</string>
    <string lang="zh-cn" key="TESTS_PASSED">全部算法自检通过</string>
    <string lang="zh-cn" key="TEST_INCORRECT_LRW_INDEX_SIZE">您提供的 LRW 块的索引太长或太短。</string>
    <string lang="zh-cn" key="TEST_INCORRECT_LRW_KEY_SIZE">您提供的次密钥太长或太短。</string>
    <string lang="zh-cn" key="TEST_CIPHERTEXT_SIZE">您提供的测试加密文本太长或太短。</string>
    <string lang="zh-cn" key="TEST_KEY_SIZE">您提供的测试密钥太长或太短。</string>
    <string lang="zh-cn" key="TEST_PLAINTEXT_SIZE">您提供的测试明码文本太长或太短。</string>
    <string lang="zh-cn" key="TEST_LRW_INDEX_OVERRUN">错误：TrueCrypt 当前不支持超过 2^64 的 LRW 块索引值。\n\n同样要注意的是最大支持的卷的大小为 2^63 字节(8589934592 GB)。</string>
    <string lang="zh-cn" key="TWO_LAYER_CASCADE_HELP">在 LRW 模式的层叠操作中需要两个密码。每个块首先使用 %hs (%d 位密钥)，之后使用 %hs (%d 位密钥加密。每个密码使用其各自的密钥。所有的密钥均各自独立。</string>
    <string lang="zh-cn" key="THREE_LAYER_CASCADE_HELP">在 LRW 模式的层叠操作中需要 3 个密码。每个块首先以 %hs(%d 位密钥)加密，然后以 %hs (%d 位密钥)加密，最后以 %hs(%d 位密钥)加密。每个密码均使用各自的密钥。所有的密钥均彼此独立。</string>
    <string lang="zh-cn" key="TRAVELLER_DISK_CREATED">TrueCrypt 便携版已成功创建。\n\n注意：要以便携模式运行 TrueCrypt 您必需有管理员权限。 同样也要注意：在检查注册表文件后，软件也有可能提示 TrueCrypt 运行于 Windows 系统(尽管它运行于便携模式)。</string>
    <string lang="zh-cn" key="TC_TRAVELLER_DISK">TrueCrypt 便携磁盘</string>
    <string lang="zh-cn" key="TWOFISH_HELP">设计者：Bruce Schneie、John Kelsey、Doug Whiting、David Wagner、Chris Hall、Niels Ferguson。发表于 1998 年。256 位密钥，128 位块，操作模式为 LRW。Twofish 为 AES 候选算法中的一种。</string>
    <string lang="zh-cn" key="MORE_INFO_ABOUT">关于 %hs 的更多信息</string>
    <string lang="zh-cn" key="UNKNOWN">未知</string>
    <string lang="zh-cn" key="ERR_UNKNOWN">发生未指定的或未知错误</string>
    <string lang="zh-cn" key="UNKNOWN_DRIVER_CODE">设备驱动返回一个未能识别的错误，代码 = %d</string>
    <string lang="zh-cn" key="UNMOUNTALL_LOCK_FAILED">一些加密卷包含的文件或文件夹 正被应用程序或系统使用。\n\n强行卸载吗？</string>
    <string lang="zh-cn" key="UNMOUNT_BUTTON">卸载(&amp;D)</string>
    <string lang="zh-cn" key="UNMOUNT_FAILED">卸载失败！</string>
    <string lang="zh-cn" key="UNMOUNT_LOCK_FAILED">加密卷包含的文件或文件夹 被应用程序或系统使用。\n\n强行卸载吗？</string>
    <string lang="zh-cn" key="VOL_ALREADY_MOUNTED">您试图要载入的加密卷早已经载入。</string>
    <string lang="zh-cn" key="VOL_FORMAT_BAD">不能识别这个加密卷的格式。此加密卷有可能损坏了。</string>
    <string lang="zh-cn" key="VOL_MOUNT_FAILED">试图载入加密卷时出错。</string>
    <string lang="zh-cn" key="VOL_READING">从加密卷中读取数据时出错。</string>
    <string lang="zh-cn" key="VOL_SEEKING">在加密卷里寻址时出错。</string>
    <string lang="zh-cn" key="VOL_SIZE_WRONG">错误：错误的加密卷大小.</string>
    <string lang="zh-cn" key="VOL_TOO_SMALL">加密卷太小 - 这是无效的加密卷。</string>
    <string lang="zh-cn" key="VOL_WRITING">写入数据到加密卷时出错。</string>
    <string lang="zh-cn" key="WARN_QUICK_FORMAT">警告：您只能在下面的情况下使用快速格式化：\n\n1) 设备包含随机数据(例如已被完全加密过了)\n2) 您打算立即使用所有可利用的空间\n3) 您不关心安全性(测试)</string>
    <string lang="zh-cn" key="CONFIRM_SPARSE_FILE">动态的容器是一个预先分配的 NTFS 稀疏文件，它的物理大小(实际磁盘空间占用)在有新数据添加到里面的时候才会增加。\n\n警告：动态大小的加密卷的性能比常规加密卷的性能有较大降低。动态加密卷的安全性也要弱些－因为它有可能泄漏哪些加密卷扇区未被使用的情况。另外，如果数据被写入到主系统空间不足情况下的动态加密卷时，加密文件系统将会损坏。\n\n您确认要创建动态大小的加密卷吗？</string>
    <string lang="zh-cn" key="SPARSE_FILE_SIZE_NOTE">注意，Windows系统报告的和 TrueCrypt 报告的动态加密卷的大小会等同于它的最大尺寸。要查看当前容器的物理大小(占用的实际磁盘空间)，右键单击容器文件(在 Windows 资源管理器窗口，而非 TrueCrypt 中)，之后选择“属性”并查看“占有空间”的情况。</string>
    <string lang="zh-cn" key="WIPE_CACHE">存储在设备驱动缓存的密码已被擦除。</string>
    <string lang="zh-cn" key="WRONG_VOL_TYPE">TrueCrypt 不能修改外层加密卷的密码。</string>
    <string lang="zh-cn" key="SELECT_FREE_DRIVE">请从列表中选择一个未被占用的驱动器盘符。</string>
    <string lang="zh-cn" key="SELECT_A_MOUNTED_VOLUME">请在驱动器列表中选择一个已载入的加密卷。</string>
    <string lang="zh-cn" key="CANT_CREATE_AUTORUN">错误：不能创建 autorun.inf</string>
    <string lang="zh-cn" key="ERR_PROCESS_KEYFILE">处理密钥文件时出错！</string>
    <string lang="zh-cn" key="ERR_PROCESS_KEYFILE_PATH">处理密钥文件路径时出错！</string>
    <string lang="zh-cn" key="UNSUPPORTED_OS">TrueCrypt 不支持此操作系统。</string>
    <string lang="zh-cn" key="UNSUPPORTED_BETA_OS">错误：TrueCrypt 仅支持稳定版的操作系统 (非beta版)。</string>
    <string lang="zh-cn" key="ERR_MEM_ALLOC">错误：不能分配内存。</string>
    <string lang="zh-cn" key="ERR_PERF_COUNTER">错误：不能恢复性能计数器的值。</string>
    <string lang="zh-cn" key="ALL_FILES">所有文件</string>
    <string lang="zh-cn" key="TC_VOLUMES">TrueCrypt 加密卷</string>
    <string lang="zh-cn" key="FORMAT_NTFS_STOP">NTFS 格式化不能继续。</string>
    <string lang="zh-cn" key="CANT_MOUNT_VOLUME">不能载入加密卷。</string>
    <string lang="zh-cn" key="CANT_DISMOUNT_VOLUME">不能卸载加密卷。</string>
    <string lang="zh-cn" key="FORMAT_NTFS_FAILED">格式化成 NTFS 磁盘格式时失败。\n\n请选择不同的文件系统格式（如果可能的话）再尝试一次。此外，您可以保留该卷为未格式化卷（文件系统选择为 '无' ），退出向导，加载这个加密卷，然后再使用系统或第三方工具格式化这个已经加载的加密卷（该载入的卷仍然为加密状态）。</string>
    <string lang="zh-cn" key="DEFAULT">默认</string>
    <string lang="zh-cn" key="SECTOR">扇区</string>
    <string lang="zh-cn" key="BLOCK">块</string>
    <string lang="zh-cn" key="PARTITION">分区</string>
    <string lang="zh-cn" key="PARTITION_LC">分区</string>
    <string lang="zh-cn" key="PARTITION_UPPER_CASE">分区</string>
    <string lang="zh-cn" key="DEVICE">设备</string>
    <string lang="zh-cn" key="DEVICE_LC">设备</string>
    <string lang="zh-cn" key="DEVICE_UPPER_CASE">设备</string>
    <string lang="zh-cn" key="CLUSTER_TOO_SMALL">相对加密卷大小而言，选择的簇大小太小。 将替代使用大一些的簇大小。</string>
    <string lang="zh-cn" key="CANT_GET_VOLSIZE">错误：不能获取加密卷大小信息！\n\n请确认选择的加密卷未被系统或 其它程序使用。</string>
    <string lang="zh-cn" key="HIDDEN_HOST_FAT_ONLY">注意：隐藏加密卷仅能在 FAT 格式的加密卷里创建。\n\n要获得更多信息，请参阅文档。</string>
    <string lang="zh-cn" key="HIDDEN_VOL_HOST_SPARSE">隐藏加密卷不能创建于动态（稀疏文件）的外层卷中。要达到足够的隐蔽性，隐藏加密卷应当在常规加密卷中创建。</string>
    <string lang="zh-cn" key="CANT_ACCESS_VOL">错误：不能访问加密卷！\n\n请确认选择的加密卷存在，并且该加密卷并未由系统或其它程序使用，同时该卷未被写保护，并且你具有对该卷的读写权限，并且确认该卷未被写保护。</string>
    <string lang="zh-cn" key="CANT_DISMOUNT_OUTER_VOL">错误：不能卸载外层加密卷！\n\n如果加密卷中的文件或文件夹被程序或被 系统使用，则该加密卷不能被锁定。\n\n请关闭任何可能使用加密卷上文件或目录 的程序，然后再点击“从试”。</string>
    <string lang="zh-cn" key="CANT_LOCK_OUTER_VOL">错误：不能锁定外层加密卷！\n\n如果加密卷中的文件或文件夹被程序或被 系统使用，则该加密卷不能被锁定。\n\n请关闭任何可能使用加密卷上文件或目录 的应用程序。\n\n警告：如果您决定忽略这些，您必须确保 点击“忽略”后，在卸载该加密卷之前不 再向加密卷中写入数据。如果做不到这点 反而有可能会影响隐藏加密卷的隐蔽性！</string>
    <string lang="zh-cn" key="CANT_ACCESS_OUTER_VOL">错误：不能访问外层加密卷！ 加密卷创建不能继续。</string>
    <string lang="zh-cn" key="CANT_MOUNT_OUTER_VOL">错误：不能载入外层加密卷！ 加密卷创建不能继续。</string>
    <string lang="zh-cn" key="CANT_GET_CLUSTER_BITMAP">错误：不能获取加密卷簇状图！ 加密卷创建不能继续。</string>
    <string lang="zh-cn" key="ALPHABETICAL_CATEGORIZED">按字母顺序</string>
    <string lang="zh-cn" key="MEAN_SPEED">按平均速度(递减)</string>
    <string lang="zh-cn" key="ALGORITHM">算法</string>
    <string lang="zh-cn" key="ENCRYPTION">加密</string>
    <string lang="zh-cn" key="DECRYPTION">解密</string>
    <string lang="zh-cn" key="MEAN">平均</string>
    <string lang="zh-cn" key="DRIVE">盘符</string>
    <string lang="zh-cn" key="VOLUME">加密卷</string>
    <string lang="zh-cn" key="SIZE">大小</string>
    <string lang="zh-cn" key="ENCRYPTION_ALGORITHM">加密算法</string>
    <string lang="zh-cn" key="ENCRYPTION_ALGORITHM_LV">加密算法</string>
    <string lang="zh-cn" key="TYPE">类型</string>
    <string lang="zh-cn" key="VALUE">值</string>
    <string lang="zh-cn" key="PROPERTY">属性</string>
    <string lang="zh-cn" key="LOCATION">位置</string>
    <string lang="zh-cn" key="BYTES">字节</string>
    <string lang="zh-cn" key="HIDDEN">隐藏</string>
    <string lang="zh-cn" key="OUTER">外层</string>
    <string lang="zh-cn" key="NORMAL">常规</string>
    <string lang="zh-cn" key="READ_ONLY">只读</string>
    <string lang="zh-cn" key="HIDDEN_VOLUME">隐藏加密卷</string>
    <string lang="zh-cn" key="HID_VOL_DAMAGE_PREVENTED">是(防止损坏！)</string>
    <string lang="zh-cn" key="NONE">无</string>
    <string lang="zh-cn" key="ACTIVE">当前</string>
    <string lang="zh-cn" key="KEY_SIZE">密钥长度</string>
    <string lang="zh-cn" key="BITS">位</string>
    <string lang="zh-cn" key="BLOCK_SIZE">块大小</string>
    <string lang="zh-cn" key="MODE">模式</string>
    <string lang="zh-cn" key="PKCS5_PRF">PKCS-5 PRF</string>
    <string lang="zh-cn" key="PKCS5_ITERATIONS">PKCS-5 迭代次数</string>
    <string lang="zh-cn" key="VOLUME_CREATE_DATE">加密卷创建时间</string>
    <string lang="zh-cn" key="VOLUME_HEADER_DATE">头信息上次修改时间</string>
    <string lang="zh-cn" key="VOLUME_HEADER_DAYS"> (%I64d 天前)</string>
    <string lang="zh-cn" key="FIRST_AVAILABLE">首个可用的</string>
    <string lang="zh-cn" key="REMOVABLE">可移动介质</string>
    <string lang="zh-cn" key="HARDDISK">硬盘</string>
    <string lang="zh-cn" key="UNCHANGED">不改变</string>
    <string lang="zh-cn" key="AFTER_UPGRADE_RELEASE_NOTES">您想查看当前版本的 TrueCrypt 的发行说明吗？</string>
    <string lang="zh-cn" key="AFTER_INSTALL_TUTORIAL">如果您以前从未没有使用过 TrueCrypt，我们推荐您先阅读“TrueCrypt User Guide”文档中的“Beginner's Tutorial”章节。您想要查看用户指南吗？</string>
    <string lang="zh-cn" key="SELECT_INSTALL_DIR">请选择安装目录</string>
    <string lang="zh-cn" key="SETUP_ADMIN">要成功安装/卸载 TrueCrypt，您必须具有系统管理员权限，您确认要继续吗？</string>
    <string lang="zh-cn" key="INSTALL_FAILED">安装失败！</string>
    <string lang="zh-cn" key="UNINSTALL_FAILED">卸载失败！</string>
    <string lang="zh-cn" key="ROLLBACK">安装已经回滚。</string>
    <string lang="zh-cn" key="INSTALL_OK">TrueCrypt 已成功安装。</string>
    <string lang="zh-cn" key="UNINSTALL_OK">TrueCrypt 已成功卸载。\n\n单击 '完成' 按钮来移除 TrueCrypt 安装程序和文件夹 %hs。注意：如果该文件夹中含有非安装程序创建的文件，则该文件夹不会被移除。</string>
    <string lang="zh-cn" key="REMOVING_REG">正在移除 TrueCrypt 注册表项目。</string>
    <string lang="zh-cn" key="ADDING_REG">正在添加注册表项目</string>
    <string lang="zh-cn" key="REMOVING_APPDATA">正在删除程序相关数据</string>
    <string lang="zh-cn" key="INSTALLING">正在安装</string>
    <string lang="zh-cn" key="COPYING">正在复制</string>
    <string lang="zh-cn" key="STOPPING">正在停止</string>
    <string lang="zh-cn" key="REMOVING">正在删除</string>
    <string lang="zh-cn" key="SERVICE">Service</string>
    <string lang="zh-cn" key="ADDING_ICON">添加图标</string>
    <string lang="zh-cn" key="CREATING_SYS_RESTORE">创建系统还原点</string>
    <string lang="zh-cn" key="FAILED_SYS_RESTORE">创建系统还原点失败！</string>
    <string lang="zh-cn" key="SYS_RESTORE_CREATED">系统还原点已创建</string>
    <string lang="zh-cn" key="INSTALL_OF_FAILED">'%hs' 的安装已失败。 %hs 您想要继续安装吗？</string>
    <string lang="zh-cn" key="UNINSTALL_OF_FAILED">'%hs' 的卸载已失败。 %hs 您想要继续卸载吗？</string>
    <string lang="zh-cn" key="INSTALL_COMPLETED">安装完毕。</string>
    <string lang="zh-cn" key="CANT_CREATE_FOLDER">文件夹 '%hs' 不能被创建</string>
    <string lang="zh-cn" key="CLOSE_TC_FIRST">不能卸载 TrueCrypt 设备驱动。\n\n请首先关闭所有打开的 TrueCrypt 窗口。如果这样仍然不起作用，请重启计算机然后再试一次。</string>
    <string lang="zh-cn" key="DISMOUNT_ALL_FIRST">在安装或者卸载 TrueCrypt 之前必须先要断开所有的 TrueCrypt 加密卷。</string>
    <string lang="zh-cn" key="REG_INSTALL_FAILED">安装注册表项目失败</string>
    <string lang="zh-cn" key="DRIVER_INSTALL_FAILED">安装设备驱动失败。请重启计算机后再尝试安装 TrueCryp。</string>
    <string lang="zh-cn" key="STARTING_DRIVER">正在启动 TrueCrypt 设备驱动</string>
    <string lang="zh-cn" key="DRIVER_UINSTALL_FAILED">设备驱动的卸载已失败</string>
    <string lang="zh-cn" key="INSTALLING_DRIVER">正在安装 TrueCrypt 设备驱动</string>
    <string lang="zh-cn" key="STOPPING_DRIVER">正在停止 TrueCrypt 设备驱动</string>
    <string lang="zh-cn" key="REMOVING_DRIVER">正在卸载 TrueCrypt 设备驱动</string>
    <string lang="zh-cn" key="COM_REG_FAILED">注册用户账户控制支持类库失败。</string>
    <string lang="zh-cn" key="COM_DEREG_FAILED">取消用户账户支持类库失败。</string>
    <string lang="zh-cn" key="OUTER_VOL_WRITE_PREVENTED">外层(!)</string>
    <string lang="zh-cn" key="DAYS">天</string>
    <string lang="zh-cn" key="HOURS">小时</string>
    <string lang="zh-cn" key="MINUTES">分钟</string>
    <string lang="zh-cn" key="SECONDS">秒</string>
    <string lang="zh-cn" key="OPEN">打开</string>
    <string lang="zh-cn" key="DISMOUNT">卸载</string>
    <string lang="zh-cn" key="SHOW_TC">显示 TrueCrypt</string>
    <string lang="zh-cn" key="HIDE_TC">隐藏 TrueCrypt</string>
    <string lang="zh-cn" key="TOTAL_DATA_READ">载入以来读取的数据</string>
    <string lang="zh-cn" key="TOTAL_DATA_WRITTEN">载入以来写入的数据</string>
    <string lang="zh-cn" key="FAVORITE_VOLUMES_SAVED">保存的收藏加密卷。</string>
    <string lang="zh-cn" key="ENTER_PASSWORD_FOR">为 %hs 输入密码</string>
    <string lang="zh-cn" key="KEYFILE_CREATED">密钥文件已成功创建。</string>
    <string lang="zh-cn" key="VOL_HEADER_BACKED_UP">加密卷头信息备份已经成功创建。\n\n重要：使用恢复功能恢复时也会恢复当前加密卷的密码。另外，如果创建加密卷的时候使用了密钥文件，恢复后也需要同样的密钥文件来打开加密卷。\n\n警告：该加密卷头信息备份只能用在这个提供备份的加密卷上。如果你把该头信息备份恢复到其它加密卷，您可能能够打开加密卷，但是您将不能解密存储于加密卷的任何数据（这是因为您已经改变了加密卷的主密钥）。</string>
    <string lang="zh-cn" key="VOL_HEADER_RESTORED">加密卷头信息备份已经成功恢复。\n\n重要：请注意旧密码也同样被恢复了。另外，备份时如果需要密钥文件来加载加密卷，恢复后也需要同样的密钥文件。</string>
    <string lang="zh-cn" key="CONFIRM_VOL_HEADER_BAK">您确认要创建加密卷 %hs 的头信息的备份吗？\n\n在您点击“是”后，将会弹出备份的头信息文件的文件名提示对话框。 注意：标准加密卷和隐藏加密卷头信息均将备份(复制到备份文件中)，尽管有时在加密卷里面并没有隐藏加密卷(为保留隐蔽性)。当恢复一个加密卷的头信息时，您可以选择恢复哪个头信息(例如，隐藏卷或是标准卷)。</string>
    <string lang="zh-cn" key="CONFIRM_VOL_HEADER_RESTORE">您确认要恢复加密卷 %hs 的头信息吗？\n\n警告：恢复加密卷头信息也会恢复在创建备份时 有效的密码。另外，如果在备份时需要使用密钥文件加载加密卷，那么在头信息恢复后，仍然需要同样的密钥文件。\n\n在您点击“是”后，您将选择头信息备份文件。</string>
    <string lang="zh-cn" key="HEADER_RESTORE_TYPE">请选择您要恢复头信息的 TrueCrypt 加密卷类型：</string>
    <string lang="zh-cn" key="RESTORE_NORMAL_VOLUME_HEADER">恢复标准加密卷头信息</string>
    <string lang="zh-cn" key="RESTORE_HIDDEN_VOLUME_HEADER">恢复隐藏加密卷头信息</string>
    <string lang="zh-cn" key="CONFIRM_SAVE_FAVORITE_VOL">保存当前的载入的加密卷和它们的驱动器 盘符到收藏的加密卷列表中吗？\n\n注意：如果未载入加密卷，收藏的加密卷 列表将被删除。</string>
    <string lang="zh-cn" key="DISMOUNT_FIRST">在操作前请卸载加密卷。</string>
    <string lang="zh-cn" key="IDPM_CHECK_FILESYS">检查文件系统</string>
    <string lang="zh-cn" key="IDPM_REPAIR_FILESYS">修复文件系统</string>
    <string lang="zh-cn" key="IDPM_PROPERTIES">属性(&amp;R)</string>
    <string lang="zh-cn" key="HIDDEN_VOL_PROTECTION">隐藏加密卷已被保护</string>
    <string lang="zh-cn" key="N_A_UISTR">无</string>
    <string lang="zh-cn" key="UISTR_YES">是</string>
    <string lang="zh-cn" key="UISTR_NO">否</string>
    <string lang="zh-cn" key="MODE_OF_OPERATION">操作模式</string>
    <string lang="zh-cn" key="UNSUPPORTED_CHARS_IN_PWD">错误：密码必须仅包含 ASCII 字符。\n\n密码中的非-ASCII 字符可能会导致在 操作系统配置改变时加密卷不能载入。\n\n允许使用下面字符：\n\n  ! " # $ % &amp; ' ( ) * + , - . / 0 1 2 3 4  5 6 7 8 9 : ; &lt; = &gt; ? @ A B C D E F  G H I J K L M N O P Q R S T U V W X  Y Z [ \\ ] ^ _ ` a b c d e f g h i j k l m  n o p q r s t u v w k y z { | } ~</string>
    <string lang="zh-cn" key="UNSUPPORTED_CHARS_IN_PWD_RECOM">警告：密码中包含非-ASCII 字符。可能会导致在操作 系统配置改变时加密卷不能载入。\n\n您应当使用 ASCII 字符替换密码中的非 ASCII 字符。 如要这样做，点击“加密卷” -&gt; “修改加密卷密码”\n\n下面字符为 ASCII 字符：\n\n  ! " # $ % &amp; ' ( ) * + , - . / 0 1 2 3 4  5 6 7 8 9 : ; &lt; = &gt; ? @ A B C D E F  G H I J K L M N O P Q R S T U V W X  Y Z [ \\ ] ^ _ ` a b c d e f g h i j k l m  n o p q r s t u v w k y z { | } ~</string>
    <string lang="zh-cn" key="EXE_FILE_EXTENSION_CONFIRM">警告：我们推荐您对加密卷文件起名是不要使用可执行文件扩展名（例如 .exe，.sys，或 .dll）。使用这些扩展名通常会被 Windows 或反病毒软件干预，这会严重影响加密卷的性能，也可能会导致其它严重的系统问题。\n\n确认继续吗？</string>
    <string lang="zh-cn" key="EXE_FILE_EXTENSION_MOUNT_WARNING">警告：该加密卷带有可执行文件的扩展名（例如 .exe，.sys，或 .dll）。使用这些扩展名通常会被 Windows 或反病毒软件干预，这会严重影响加密卷的性能，也可能会导致其它严重的系统问题。\n\n我们推荐您在断开加密卷后更改加密卷文件的扩展名 。</string>
    <string lang="zh-cn" key="HOMEPAGE">主页(联网)</string>
    <string lang="zh-cn" key="LARGE_IDE_WARNING_XP">警告：看起来您还没有安装任何 Windows 操作系统的补丁包。您不应当向未 安装 SP1 或以后补丁包的 Windows XP 系统中的大于128 GB 的 IDE 硬盘写 入数据！如果这样做了，磁盘上的数据(不论是否为 TrueCrypt 加密卷)可能 会损坏。注意：这是 Windows 操作系统的限制，而不是 TrueCrypt 的错误。</string>
    <string lang="zh-cn" key="LARGE_IDE_WARNING_2K">警告：看起来您的 Windows 2000 系统还未安装 SP3 或以后补丁包。 您不应当向这个系统中大于 128 GB 的 IDE 硬盘写入数据！如果这样 做了，磁盘上的数据(不论是否为 TrueCrypt 加密卷)可能会损坏。 注意：这是 Windows 操作系统的限制，而不是 TrueCrypt 的错误。\n\n注意：您也需在注册表里面启用 48-位 LBA 支持；更多信息，请参考 http：//support.microsoft.com/kb/305098/EN-US</string>
    <string lang="zh-cn" key="LARGE_IDE_WARNING_2K_REGISTRY">警告：您的系统不支持 48-位 LBA ATAPI。因此，您将不能写入到超过 128GB 容量的 IDE 磁盘！如果您仍然坚持这样做，磁盘上的数据(不论其是否为 TrueCrypt 加密卷)将会损坏。请注意，这是 Windows 系统的限制，不是 TrueCrypt 软件的限制。\n\n要启用 48-位 LBA 支持，请在注册表的HKEY_LOCAL_MACHINE\\SYSTEM\\CurrentControlSet\\Services\\atapi\\Parameters下添加一个 'EnableBigLba' 键值并设置其值为 1。\n\n更多信息请参考 http://support.microsoft.com/kb/305098</string>
    <string lang="zh-cn" key="VOLUME_TOO_LARGE_FOR_FAT32">错误：大于 4 GB 的文件不能存储于 FAT32 文件系统。因此，存储于 FAT32 文件系统上的文件类型的加密卷(容器)不能大于 4 GB。\n\n如果您需要大容量的加密卷，请在 NTFS 文件系统创建，除此之外，您也可以使用创建加密分区来代替。</string>
    <string lang="zh-cn" key="FREE_SPACE_FOR_WRITING_TO_OUTER_VOLUME">警告：如果您想以后向外层加密卷中添加更多的数据或文件，您应当考虑为隐藏加密卷选择一个小一点的尺寸。\n\n您确认要以指定的尺寸继续吗？</string>
    <string lang="zh-cn" key="NO_VOLUME_SELECTED">未选择加密卷。\n\n点击“选择设备...”或“选择文件...”来选择 TrueCrypt 加密卷。</string>
    <string lang="zh-cn" key="CONFIRM_SAVE_DEFAULT_KEYFILES">您确认保存选定的密钥文件/路径作为默认吗？\n\n警告：如果默认的密钥文件被设定和启用后，则不能载入不 使用该密钥文件的加密卷。载入此类加密卷时，不要在输入 加密卷密码对话框里选中“使用密钥文件”复选框。</string>
    <string lang="zh-cn" key="HK_AUTOMOUNT_DEVICES">自动载入设备</string>
    <string lang="zh-cn" key="HK_DISMOUNT_ALL">全部卸载</string>
    <string lang="zh-cn" key="HK_WIPE_CACHE">擦除缓存</string>
    <string lang="zh-cn" key="HK_FORCE_DISMOUNT_ALL_AND_WIPE">强制全部卸载并擦除缓存</string>
    <string lang="zh-cn" key="HK_FORCE_DISMOUNT_ALL_AND_WIPE_AND_EXIT">强制全部卸载擦除缓存并退出程序</string>
    <string lang="zh-cn" key="HK_MOUNT_FAVORITE_VOLUMES">载入收藏的加密卷</string>
    <string lang="zh-cn" key="HK_SHOW_HIDE_MAIN_WINDOW">显示/隐藏 TrueCrypt 主窗口</string>
    <string lang="zh-cn" key="PRESS_A_KEY_TO_ASSIGN">(单击这里并按下某个键盘按键)</string>
    <string lang="zh-cn" key="ACTION">操作</string>
    <string lang="zh-cn" key="SHORTCUT">热键</string>
    <string lang="zh-cn" key="CANNOT_USE_RESERVED_KEY">错误：该热键为系统保留热键，请选择一个其它的。</string>
    <string lang="zh-cn" key="SHORTCUT_ALREADY_IN_USE">错误：热键已被占用。</string>
    <string lang="zh-cn" key="HOTKEY_REGISTRATION_ERROR">警告：一个或多个 TrueCrypt 作用于系统范围的热键不能使用！\n\n请确认 TrueCrypt 的这些热键没有被其它程序或操作系统占用。</string>
    <string lang="zh-cn" key="MOUNTED_VOLUMES_DISMOUNTED">所有加载的 TrueCrypt 加密卷均已被断开。</string>
    <string lang="zh-cn" key="MOUNTED_VOLUMES_AUTO_DISMOUNTED">所有加载的 TrueCrypt 加密卷均已自动断开。\n\n注意：您可以在参数窗口（）的 '自动断开' 部分禁用或配置自动断开 (选择 设置 - 参数(&amp;P))。</string>
    <string lang="zh-cn" key="DISMOUNT_ALL_ATTEMPT_COMPLETED">卸载了所有载入的 TrueCrypt 加密卷。</string>
    <string lang="zh-cn" key="VOLUMES_DISMOUNTED_CACHE_WIPED">所有载入的 TrueCrypt 已被卸载，密码缓存已被擦除。</string>
    <string lang="zh-cn" key="CONFIRM_TIMESTAMP_UPDATING">警告：如果不保留时间戳，加密卷隐蔽性会受到很大影响！\n\n您确认不保留加密卷的时间戳吗？</string>
    <string lang="zh-cn" key="CONFIRM_BACKGROUND_TASK_DISABLED">警告：如果 TrueCrypt 后台任务被禁用，下面的功能在您退出 TrueCrypt 后将会失效：\n\n1) 系统热键\n2) 自动断开加密卷（例如注销时，意外的主设备移除，超时，等等）\n3) 提示(例如：对隐藏加密卷的损坏被阻止时)\n4) 通知栏图标\n\n注意：您可以随时在通过右键单击 TrueCrypt 的通知栏图标并选择“退出”来停止后台任务。\n\n您确认要停止 TrueCrypt 的后台任务吗？</string>
    <string lang="zh-cn" key="CONFIRM_NO_FORCED_AUTODISMOUNT">警告：如果此选项被禁用，包含打开的文件/目录 的加密卷将不能自动卸载。\n\n您确认要禁用这个选项吗？</string>
    <string lang="zh-cn" key="WARN_PREF_AUTO_DISMOUNT">警告：包含打开的文件/目录的加密卷将不能自动卸载。\n\n要防止这种情况，在对话框窗口中启用下面选项： “强行自动卸载，不论加密卷是否包含打开的文件或目录”</string>
    <string lang="zh-cn" key="CONFIRM_EXIT">警告：如果 TrueCrypt 现在退出，下列功能将会被禁用：\n\n1) 系统热键\n2) 自动断开加密卷（例如注销时，意外的主设备移除，超时，等等）\n3) 提示(例如，当阻止损害隐藏加密卷时)\n\n注意：如果您不希望 TrueCrypt 在关闭程序窗口后以后台方式运行，请在程序参数选择里面禁用后台任务选项。\n\n您确定要退出 TrueCrypt 吗？</string>
    <string lang="zh-cn" key="HIDVOL_PROT_BKG_TASK_WARNING">警告： TrueCrypt 后台任务已禁用。在您退出 TrueCrypt 后， 如果对隐藏加密卷的损坏企图已被保护，您也将无法得到提示。\n\n注意：您可以随时在通过右键单击 TrueCrypt 的通知栏图标并 选择“退出”来停止后台任务。\n\n\n您要启用 TrueCrypt 后台任务吗？</string>
    <string lang="zh-cn" key="LANG_PACK_VERSION">语言包版本： %s</string>
    <string lang="zh-cn" key="CHECKING_FS">正在检测载入为 %hs 的 TrueCrypt 加密卷的文件系统...</string>
    <string lang="zh-cn" key="REPAIRING_FS">正在试图修复载入为 %hs 的 TrueCrypt 加密卷的文件系统...</string>
    <string lang="zh-cn" key="WARN_64_BIT_BLOCK_CIPHER">警告：该加密卷使用了已被废弃的加密算法。\n\n所有 64-位块加密算法（Blowfish, CAST-128, 和 Triple DES）已经逐渐不再被使用了。该加密卷在以后版本的 TrueCrypt 可能会被打开。然而以后则不会针对这些废弃算法采取一些改善措施。我们推荐您创建一个使用 128-位块加密算法的 Truecrypt 加密卷（如：AES, Serpent, Twofish, 等等）并把使用旧算法的加密卷里面的文件移动到新的加密卷里面去。</string>
    <string lang="zh-cn" key="SYS_AUTOMOUNT_DISABLED">您的系统未被配置为自动载入新加密卷。 因此也不可能载入设备类的加密卷。自动卸载 可以在执行下列命令后从启系统来启用。\n\n\nmountvol.exe /E</string>
    <string lang="zh-cn" key="SYS_ASSIGN_DRIVE_LETTER">请在继续前为该设备/分区分配一个盘符 ('控制面板' &gt; '系统和维护' &gt; '管理工具' - '创建和格式化分区')。\n\n这些是操作系统来所需要的的。</string>
    <string lang="zh-cn" key="MOUNT_TC_VOLUME">加载 TrueCrypt 加密卷</string>
    <string lang="zh-cn" key="DISMOUNT_ALL_TC_VOLUMES">断开所有 TrueCrypt 加密卷</string>
    <string lang="zh-cn" key="UAC_INIT_ERROR">TrueCrypt 获取系统管理员权限失败。</string>
    <string lang="zh-cn" key="ERR_ACCESS_DENIED">访问已被操作系统拒绝。\n\n可能原因：操作系统要求你对某些文件夹、文件、和设备具有读写权限（或管理员权限），以便您能够从其中读写数据。通常情况下，非系统管理员仅允许在他自己的文档文件夹中创建、读取和修改文件。</string>
    <string lang="zh-cn" key="LARGE_SECTOR_UNSUPPORTED">错误：选定的设备使用了超过 512 字节的扇区尺寸。\n\n在扇区尺寸非 512 字节的设备上这将不能创建设备类的加密卷。然而，您仍然可以在此设备上创建文件类型的加密卷。</string>
    <string lang="zh-cn" key="KEYFILE">密钥文件</string>
    <string lang="zh-cn" key="VOLUME_LABEL">名称</string>
    <string lang="zh-cn" key="VKEY_08">Backspace</string>
    <string lang="zh-cn" key="VKEY_09">Tab</string>
    <string lang="zh-cn" key="VKEY_0C">Clear</string>
    <string lang="zh-cn" key="VKEY_0D">Enter</string>
    <string lang="zh-cn" key="VKEY_13">Pause</string>
    <string lang="zh-cn" key="VKEY_14">Caps Lock</string>
    <string lang="zh-cn" key="VKEY_20">Spacebar</string>
    <string lang="zh-cn" key="VKEY_21">Page Up</string>
    <string lang="zh-cn" key="VKEY_22">Page Down</string>
    <string lang="zh-cn" key="VKEY_23">End</string>
    <string lang="zh-cn" key="VKEY_24">Home</string>
    <string lang="zh-cn" key="VKEY_25">左箭头</string>
    <string lang="zh-cn" key="VKEY_26">上箭头</string>
    <string lang="zh-cn" key="VKEY_27">右箭头</string>
    <string lang="zh-cn" key="VKEY_28">下箭头</string>
    <string lang="zh-cn" key="VKEY_29">Select Key</string>
    <string lang="zh-cn" key="VKEY_2A">Print Key</string>
    <string lang="zh-cn" key="VKEY_2B">Execute Key</string>
    <string lang="zh-cn" key="VKEY_2C">Print Screen</string>
    <string lang="zh-cn" key="VKEY_2D">Insert</string>
    <string lang="zh-cn" key="VKEY_2E">Delete</string>
    <string lang="zh-cn" key="VKEY_5D">Applications Key</string>
    <string lang="zh-cn" key="VKEY_5F">Sleep</string>
    <string lang="zh-cn" key="VKEY_90">Num Lock</string>
    <string lang="zh-cn" key="VKEY_91">Scroll Lock</string>
    <string lang="zh-cn" key="VKEY_A6">Browser Back</string>
    <string lang="zh-cn" key="VKEY_A7">Browser Forward</string>
    <string lang="zh-cn" key="VKEY_A8">Browser Refresh</string>
    <string lang="zh-cn" key="VKEY_A9">Browser Stop</string>
    <string lang="zh-cn" key="VKEY_AA">Browser Search</string>
    <string lang="zh-cn" key="VKEY_AB">Browser Favorites</string>
    <string lang="zh-cn" key="VKEY_AC">Browser Home</string>
    <string lang="zh-cn" key="VKEY_AD">Mute</string>
    <string lang="zh-cn" key="VKEY_AE">Volume Down</string>
    <string lang="zh-cn" key="VKEY_AF">Volume Up</string>
    <string lang="zh-cn" key="VKEY_B0">Next Track</string>
    <string lang="zh-cn" key="VKEY_B1">Previous Track</string>
    <string lang="zh-cn" key="VKEY_B2">Stop Media</string>
    <string lang="zh-cn" key="VKEY_B3">Play/Pause Media</string>
    <string lang="zh-cn" key="VKEY_B4">Start Mail Key</string>
    <string lang="zh-cn" key="VKEY_B5">Select Media Key</string>
    <string lang="zh-cn" key="VKEY_B6">Application 1</string>
    <string lang="zh-cn" key="VKEY_B7">Application 2</string>
    <string lang="zh-cn" key="VKEY_F6">Attn</string>
    <string lang="zh-cn" key="VKEY_F7">CrSel</string>
    <string lang="zh-cn" key="VKEY_F8">ExSel</string>
    <string lang="zh-cn" key="VKEY_FA">Play</string>
    <string lang="zh-cn" key="VKEY_FB">Zoom</string>
    <string lang="zh-cn" key="VK_NUMPAD">数字键盘</string>
    <string lang="zh-cn" key="VK_SHIFT">Shift</string>
    <string lang="zh-cn" key="VK_CONTROL">Control</string>
    <string lang="zh-cn" key="VK_ALT">Alt</string>
    <string lang="zh-cn" key="VK_WIN">Win</string>
    <string lang="zh-cn" key="BYTE">B</string>
    <string lang="zh-cn" key="KB">KB</string>
    <string lang="zh-cn" key="MB">MB</string>
    <string lang="zh-cn" key="GB">GB</string>
    <string lang="zh-cn" key="TB">TB</string>
    <string lang="zh-cn" key="PB">PB</string>
    <string lang="zh-cn" key="B_PER_SEC">B/s</string>
    <string lang="zh-cn" key="KB_PER_SEC">KB/s</string>
    <string lang="zh-cn" key="MB_PER_SEC">MB/s</string>
    <string lang="zh-cn" key="GB_PER_SEC">GB/s</string>
    <string lang="zh-cn" key="TB_PER_SEC">TB/s</string>
    <string lang="zh-cn" key="PB_PER_SEC">PB/s</string>
  </localization>
</TrueCrypt>
