﻿<?xml version="1.0" encoding="utf-8"?>
<TrueCrypt>
  <localization prog-version="4.3a">
    <!-- Languages -->
    <language langid="pt-br" name="Portugues-Brasil" en-name="Portuguese (Brazil)" version="0.1.1" translators="Lucas C. Ferreira" />
    <!-- Fonts -->
    <font lang="pt-br" class="normal" size="11" face="padrão" />
    <font lang="pt-br" class="bold" size="13" face="Arial" />
    <font lang="pt-br" class="fixed" size="12" face="Lucida Console" />
    <font lang="pt-br" class="title" size="21" face="Times New Roman" />
    <!-- Controls -->
    <control lang="pt-br" key="IDCANCEL">Cancelar</control>
    <control lang="pt-br" key="IDC_ALL_USERS">Instalar para todos usuários</control>
    <control lang="pt-br" key="IDC_BROWSE">&amp;Navegar...</control>
    <control lang="pt-br" key="IDC_DESKTOP_ICON">Adicionar o ícone do Truecrypt à área de &amp;trabalho</control>
    <control lang="pt-br" key="IDC_FILE_TYPE">Associar a &amp;extensão ',tc' com o Truecrypt</control>
    <control lang="pt-br" key="IDC_INSTALL">&amp;Instalar</control>
    <control lang="pt-br" key="IDC_PROG_GROUP">Incluir o Truecrypt no menu &amp;Iniciar</control>
    <control lang="pt-br" key="IDC_SYSTEM_RESTORE">Criar um ponto de &amp;restauração do sistema</control>
    <control lang="pt-br" key="IDC_UNINSTALL">&amp;Desinstalar</control>
    <control lang="pt-br" key="IDD_INSTALL">Configurar o TrueCrypt</control>
    <control lang="pt-br" key="IDD_UNINSTALL">Desinstalar o TrueCrypt</control>
    <control lang="pt-br" key="IDT_INSTALL_DIR">Instalar &amp;para:</control>
    <control lang="pt-br" key="IDT_INSTALL_OPTIONS">Opções de Instalação</control>
    <control lang="pt-br" key="IDT_UNINSTALL_DIR">&amp;Desinstalar o TrueCrypt de:</control>
    <control lang="pt-br" key="IDC_ABORT_BUTTON">Desistir</control>
    <control lang="pt-br" key="IDC_CIPHER_TEST">&amp;Testar</control>
    <control lang="pt-br" key="IDC_HIDDEN_VOL">Criar um disco TrueCrypt ocu&amp;lto</control>
    <control lang="pt-br" key="IDC_HIDDEN_VOL_HELP">O que é um disco oculto?</control>
    <control lang="pt-br" key="IDC_HIDVOL_WIZ_MODE_DIRECT">Criar um disco ocu&amp;lto dentro de um disco TrueCrypt existente</control>
    <control lang="pt-br" key="IDC_HIDVOL_WIZ_MODE_FULL">Criar um disco TrueCrypt e um disco oculto dentro dele</control>
    <control lang="pt-br" key="IDC_KB">&amp;KB</control>
    <control lang="pt-br" key="IDC_KEYFILES_ENABLE">U&amp;sar arquivos-chave</control>
    <control lang="pt-br" key="IDC_KEY_FILES">&amp;Arquivos-chave..</control>
    <control lang="en" key="IDC_LINK_HASH_INFO">Information on hash algorithms</control>
    <control lang="en" key="IDC_LINK_MORE_INFO_ABOUT_CIPHER">More information</control>
    <control lang="pt-br" key="IDC_MB">&amp;MB</control>
    <control lang="pt-br" key="IDC_NO_HISTORY">Nunca &amp;salvar histórico</control>
    <control lang="pt-br" key="IDC_OPEN_OUTER_VOLUME">Abrir disco externo</control>
    <control lang="pt-br" key="IDC_QUICKFORMAT">Formatação rápida</control>
    <control lang="pt-br" key="IDC_SELECT_DEVICE">Dis&amp;positivo...</control>
    <control lang="pt-br" key="IDC_SELECT_FILE">Ar&amp;quivo...</control>
    <control lang="pt-br" key="IDC_SHOW_PASSWORD">&amp;Mostrar a senha</control>
    <control lang="pt-br" key="IDC_SHOW_PASSWORD_HIDVOL_HOST">&amp;Mostrar a senha</control>
    <control lang="pt-br" key="IDC_STD_VOL">Criar um disco TrueCrypt básico</control>
    <control lang="pt-br" key="IDC_WIZ_BENCHMARK">A&amp;nalisar</control>
    <control lang="pt-br" key="IDD_MKFS_DLG">Utilitário de criação de disco TrueCrypt</control>
    <control lang="pt-br" key="IDHELP">&amp;Ajuda</control>
    <control lang="pt-br" key="IDT_CLUSTER">Cluster</control>
    <control lang="pt-br" key="IDT_CONFIRM">&amp;Confirmar:</control>
    <control lang="pt-br" key="IDT_DONE">Concluído</control>
    <control lang="pt-br" key="IDT_ENCRYPTION_ALGO">Algoritmo de criptografia</control>
    <control lang="pt-br" key="IDT_FILESYSTEM">Sistema de arquivos</control>
    <control lang="pt-br" key="IDT_FORMAT_OPTIONS">Opções</control>
    <control lang="pt-br" key="IDT_HASH_ALGO">Algoritmo de hash</control>
    <control lang="pt-br" key="IDT_HEADER_KEY">Chave do cabeçalho:</control>
    <control lang="pt-br" key="IDT_LEFT">Esquerda</control>
    <control lang="pt-br" key="IDT_MASTER_KEY">Chave mestra:</control>
    <control lang="pt-br" key="IDT_PASSWORD">Senha:</control>
    <control lang="pt-br" key="IDT_RANDOM_POOL">Reserva aleatória:</control>
    <control lang="pt-br" key="IDT_SPEED">Velocidade</control>
    <control lang="pt-br" key="IDCLOSE">Fechar</control>
    <control lang="pt-br" key="IDC_AUTORUN_DISABLE">Não executar</control>
    <control lang="pt-br" key="IDC_AUTORUN_MOUNT">Montar &amp;automaticamente um disco TrueCrypt (definido abaixo)</control>
    <control lang="pt-br" key="IDC_AUTORUN_START">&amp;Iniciar o TrueCrypt</control>
    <control lang="pt-br" key="IDC_BROWSE_DIRS">Explorar...</control>
    <control lang="pt-br" key="IDC_BROWSE_FILES">Explorar...</control>
    <control lang="pt-br" key="IDC_CACHE">Armazenar senhas e arquivos-&amp;chave na memória</control>
    <control lang="pt-br" key="IDC_CLOSE_BKG_TASK_WHEN_NOVOL">Sair quando não existirem discos montados</control>
    <control lang="pt-br" key="IDC_COPY_WIZARD">Incluir utilitário de criação de disco Truecrypt</control>
    <control lang="pt-br" key="IDC_CREATE">Criar</control>
    <control lang="pt-br" key="IDC_CREATE_VOLUME">&amp;Criar Disco</control>
    <control lang="pt-br" key="IDC_DISMOUNT_CONFIRM_MSG_BOX">Mostrar confirmação após desmontar o disco</control>
    <control lang="pt-br" key="IDC_DISMOUNT_CONFIRM_PLAY_SOUND">Aviso sonoro após montar/desmontar o disco</control>
    <control lang="pt-br" key="IDC_ENABLE_KEYFILES">Usar arquivo-chave</control>
    <control lang="pt-br" key="IDC_ENABLE_NEW_KEYFILES">Usar arquivo-chave</control>
    <control lang="pt-br" key="IDC_EXIT">Sai&amp;r</control>
    <control lang="pt-br" key="IDC_HK_MOD_ALT">Alt</control>
    <control lang="pt-br" key="IDC_HK_MOD_CTRL">Control</control>
    <control lang="pt-br" key="IDC_HK_MOD_SHIFT">Shift</control>
    <control lang="pt-br" key="IDC_HK_MOD_WIN">Win</control>
    <control lang="pt-br" key="IDC_HOTKEY_ASSIGN">Atribuir</control>
    <control lang="pt-br" key="IDC_HOTKEY_REMOVE">Remover</control>
    <control lang="pt-br" key="IDC_KEYFILES">Arquivos-chave...</control>
    <control lang="pt-br" key="IDC_MOUNTALL">A&amp;uto-montar Discos</control>
    <control lang="pt-br" key="IDC_MOUNT_OPTIONS">&amp;Opções de montagem...</control>
    <control lang="pt-br" key="IDC_MOUNT_READONLY">Montar volume apenas para &amp;leitura</control>
    <control lang="pt-br" key="IDC_NEW_KEYFILES">Arquivo-chave...</control>
    <control lang="pt-br" key="IDC_PREFS_HOTKEY_SETTINGS">Configurações de Atalhos...</control>
    <control lang="pt-br" key="IDC_PREFS_KEYFILE_SETTINGS">Arquivo-chave Padrão...</control>
    <control lang="pt-br" key="IDC_PREF_BKG_TASK_ENABLE">Ativado</control>
    <control lang="pt-br" key="IDC_PREF_CACHE_PASSWORDS">Manter as senhas na memória do driver</control>
    <control lang="pt-br" key="IDC_PREF_CLOSE_DISMOUNTED_WINDOWS">Fechar todos as janelas de Explorer do disco sendo desmontado</control>
    <control lang="pt-br" key="IDC_PREF_DISMOUNT_INACTIVE">Desmontar automaticamente o disco se nenhum dado for lido/escrito por</control>
    <control lang="pt-br" key="IDC_PREF_DISMOUNT_LOGOFF">Usuário faz log-off</control>
    <control lang="pt-br" key="IDC_PREF_DISMOUNT_POWERSAVING">Entrando em modo de economia de energia</control>
    <control lang="pt-br" key="IDC_PREF_DISMOUNT_SCREENSAVER">Protetor de tela é ativado</control>
    <control lang="pt-br" key="IDC_PREF_FORCE_AUTO_DISMOUNT">Forçar desmonte automático mesmo que o disco tenha arquivos ou diretórios abertos</control>
    <control lang="pt-br" key="IDC_PREF_LOGON_MOUNT_DEVICES">Montar todos os discos armazenados no dispositivo</control>
    <control lang="pt-br" key="IDC_PREF_LOGON_MOUNT_FAVORITES">Montar discos favoritos</control>
    <control lang="pt-br" key="IDC_PREF_LOGON_START">Iniciar TrueCrypt</control>
    <control lang="pt-br" key="IDC_PREF_MOUNT_READONLY">Montar discos apenas para leitura</control>
    <control lang="pt-br" key="IDC_PREF_MOUNT_REMOVABLE">Montar discos como mídia removível</control>
    <control lang="pt-br" key="IDC_PREF_OPEN_EXPLORER">Abrir janela do Explorer para discos montados com sucesso</control>
    <control lang="pt-br" key="IDC_PREF_WIPE_CACHE_ON_AUTODISMOUNT">Apagar senhas ao desmontar automaticamente</control>
    <control lang="pt-br" key="IDC_PREF_WIPE_CACHE_ON_EXIT">Apagar senhas ao sair</control>
    <control lang="en" key="IDC_PRESERVE_TIMESTAMPS">Preserve timestamps of file containers</control>
    <control lang="pt-br" key="IDC_RESET_HOTKEYS">Resetar</control>
    <control lang="pt-br" key="IDC_SHOW_PASSWORD_CHPWD_NEW">Mostrar senha</control>
    <control lang="pt-br" key="IDC_SHOW_PASSWORD_CHPWD_ORI">Mostrar senha</control>
    <control lang="pt-br" key="IDC_TRAVEL_OPEN_EXPLORER">Abrir janela do &amp;Explorer para os discos montados</control>
    <control lang="pt-br" key="IDC_TRAV_CACHE_PASSWORDS">Armazenar as senha em &amp;Cache de memória</control>
    <control lang="pt-br" key="IDC_UNMOUNTALL">De&amp;smontar Todos</control>
    <control lang="pt-br" key="IDC_VOLUME_PROPERTIES">Propriedades do &amp;Disco...</control>
    <control lang="pt-br" key="IDC_VOLUME_TOOLS">Ferrame&amp;ntas do Disco</control>
    <control lang="pt-br" key="IDC_WIPE_CACHE">&amp;Limpar Cache</control>
    <control lang="pt-br" key="IDD_HOTKEYS_DLG">TrueCrypt - Atalhos</control>
    <control lang="pt-br" key="IDD_MOUNT_DLG">TrueCrypt</control>
    <control lang="pt-br" key="IDD_PASSWORDCHANGE_DLG">Alterar senhas e arquivos-chave do disco</control>
    <control lang="pt-br" key="IDD_PASSWORD_DLG">Digitar a Senha do Disco TrueCrypt</control>
    <control lang="pt-br" key="IDD_PREFERENCES_DLG">TrueCrypt - Preferências</control>
    <control lang="pt-br" key="IDD_TRAVELLER_DLG">Instalação de Disco Viajante TrueCrypt</control>
    <control lang="pt-br" key="IDD_VOLUME_PROPERTIES">Propriedades do Disco</control>
    <control lang="pt-br" key="IDM_ABOUT">Sobre...</control>
    <control lang="pt-br" key="IDM_ADD_REMOVE_VOL_KEYFILES">Adicionar/Remover Arquivos-chave do Disco...</control>
    <control lang="pt-br" key="IDM_BACKUP_VOL_HEADER">Backup do Cabeçalho do Disco...</control>
    <control lang="pt-br" key="IDM_BENCHMARK">Analisar...</control>
    <control lang="pt-br" key="IDM_BUGREPORT">Relatar Erro...</control>
    <control lang="pt-br" key="IDM_CHANGE_HEADER_KEY_DERIV_ALGO">Alterar Algoritmo de Derivação da Chave de Cabeçalho...</control>
    <control lang="pt-br" key="IDM_CHANGE_PASSWORD">Trocar Senha do Disco...</control>
    <control lang="pt-br" key="IDM_CLEAR_HISTORY">Limpar Histórico do Disco</control>
    <control lang="pt-br" key="IDM_CONTACT">Contato...</control>
    <control lang="pt-br" key="IDM_CREATE_VOLUME">Criar Novo Disco...</control>
    <control lang="pt-br" key="IDM_DEFAULT_KEYFILES">Arquivo-chave padrão...</control>
    <control lang="en" key="IDM_DONATIONS">Donations...</control>
    <control lang="pt-br" key="IDM_EXIT">Sai&amp;r</control>
    <control lang="pt-br" key="IDM_FAQ">Perguntas Freqüentes</control>
    <control lang="pt-br" key="IDM_FORUMS">Fóruns</control>
    <control lang="pt-br" key="IDM_GENERATE_KEYFILE">Gerar arquivo-chave aleatório...</control>
    <control lang="pt-br" key="IDM_HELP">Guia do Usuário</control>
    <control lang="pt-br" key="IDM_HOMEPAGE">&amp;Sítio na Internet</control>
    <control lang="pt-br" key="IDM_HOTKEY_SETTINGS">Atalhos...</control>
    <control lang="pt-br" key="IDM_KEYFILE_GENERATOR">Gerador de arquivo-chave</control>
    <control lang="pt-br" key="IDM_LANGUAGE">Idioma...</control>
    <control lang="pt-br" key="IDM_LICENSE">Avisos Legais</control>
    <control lang="pt-br" key="IDM_MOUNTALL">Montar Automaticamente Todos os Discos Baseados no Dispositivo</control>
    <control lang="pt-br" key="IDM_MOUNT_FAVORITE_VOLUMES">Montar Discos Favoritos</control>
    <control lang="pt-br" key="IDM_MOUNT_VOLUME">Montar Disco</control>
    <control lang="pt-br" key="IDM_MOUNT_VOLUME_OPTIONS">Montar Disco com Opções</control>
    <control lang="pt-br" key="IDM_NEWS">Novidades</control>
    <control lang="pt-br" key="IDM_ONLINE_HELP">Ajuda On-line</control>
    <control lang="pt-br" key="IDM_ONLINE_TUTORIAL">Tutorial para iniciantes</control>
    <control lang="pt-br" key="IDM_PREFERENCES">Preferências...</control>
    <control lang="pt-br" key="IDM_REFRESH_DRIVE_LETTERS">Atualizar Letras de Drives</control>
    <control lang="pt-br" key="IDM_REMOVE_ALL_KEYFILES_FROM_VOL">Remover todos os arquivos-chave do disco...</control>
    <control lang="pt-br" key="IDM_RESTORE_VOL_HEADER">Restaurar Cabeçalho do Disco...</control>
    <control lang="pt-br" key="IDM_SAVE_FAVORITE_VOLUMES">Salvar Discos Montados como Favoritos</control>
    <control lang="pt-br" key="IDM_SELECT_DEVICE">Selecionar Dispositivo...</control>
    <control lang="pt-br" key="IDM_SELECT_FILE">Selecionar Arquivo...</control>
    <control lang="pt-br" key="IDM_SET_DEFAULT_KEYFILES">Selecionar Arquivos-chave Padrão...</control>
    <control lang="pt-br" key="IDM_TC_DOWNLOADS">Downloads</control>
    <control lang="pt-br" key="IDM_TEST_VECTORS">Vetores de Teste...</control>
    <control lang="pt-br" key="IDM_TRAVELLER">Configurar Disco Viajante...</control>
    <control lang="pt-br" key="IDM_UNMOUNTALL">Desmontar Todos os Discos Montados</control>
    <control lang="pt-br" key="IDM_UNMOUNT_VOLUME">Desmontar Disco</control>
    <control lang="pt-br" key="IDM_VERSION_HISTORY">Histórico de Versões</control>
    <control lang="pt-br" key="IDM_VOLUME_PROPERTIES">Propriedades do Disco</control>
    <control lang="pt-br" key="IDM_VOLUME_WIZARD">Utilitário de Criação de Disco</control>
    <control lang="pt-br" key="IDM_WEBSITE">Sítio Internet do TrueCrypt</control>
    <control lang="pt-br" key="IDM_WIPE_CACHE">Apagar Senhas em Memória</control>
    <control lang="pt-br" key="IDOK">OK</control>
    <control lang="pt-br" key="IDT_ASSIGN_HOTKEY">Atalho</control>
    <control lang="pt-br" key="IDT_AUTORUN">Configuração da Execução Automática (autorun.inf)</control>
    <control lang="pt-br" key="IDT_AUTO_DISMOUNT">Auto-Desmontar</control>
    <control lang="pt-br" key="IDT_AUTO_DISMOUNT_ON">Desmontar todos quando:</control>
    <control lang="pt-br" key="IDT_CONFIRM_PASSWORD">Confirmar Senha:</control>
    <control lang="pt-br" key="IDT_CURRENT">Atual</control>
    <control lang="pt-br" key="IDT_DEFAULT_MOUNT_OPTIONS">Opções Padrão de Montagem</control>
    <control lang="pt-br" key="IDT_DISMOUNT_ACTION">Opções de Atalhos</control>
    <control lang="pt-br" key="IDT_FILE_SETTINGS">Configuração do Arquivo</control>
    <control lang="pt-br" key="IDT_HOTKEY_KEY">Chave a atribuir:</control>
    <control lang="pt-br" key="IDT_LOGON">Ações a executar ao logar no Windows</control>
    <control lang="pt-br" key="IDT_MINUTES">minutos</control>
    <control lang="pt-br" key="IDT_MOUNT_LETTER">Montar disco como drive:</control>
    <control lang="pt-br" key="IDT_MOUNT_SETTINGS">Configurações de montagem</control>
    <control lang="pt-br" key="IDT_NEW">Novo</control>
    <control lang="pt-br" key="IDT_NEW_PASSWORD">Senha:</control>
    <control lang="pt-br" key="IDT_PKCS5_PRF">PKCS-5 PRF:</control>
    <control lang="pt-br" key="IDT_PW_CACHE_OPTIONS">Cache de senhas</control>
    <control lang="pt-br" key="IDT_TASKBAR_ICON">Tarefa TrueCrypt em Background</control>
    <control lang="pt-br" key="IDT_TRAVELLER_MOUNT">Volume Truecrypt para montar (relativo à raiz do disco viajante):</control>
    <control lang="pt-br" key="IDT_TRAVEL_INSERTION">Quando um disco viajante for inserido:</control>
    <control lang="pt-br" key="IDT_TRAVEL_ROOT">Criar arquivos do disco viajante em (Diretório raiz do disco viajante):</control>
    <control lang="pt-br" key="IDT_VOLUME">Disco</control>
    <control lang="pt-br" key="IDT_WINDOWS_RELATED_SETTING">Windows</control>
    <control lang="pt-br" key="IDC_ADD_KEYFILE_PATH">Incluir &amp;Caminho...</control>
    <control lang="pt-br" key="IDC_AUTO">&amp;Auto-Testar todos</control>
    <control lang="pt-br" key="IDC_DECRYPT">&amp;Decifrar</control>
    <control lang="pt-br" key="IDC_DISPLAY_POOL_CONTENTS">Mostrar conteúdo</control>
    <control lang="en" key="IDC_DONATIONS">Donations...</control>
    <control lang="pt-br" key="IDC_ENCRYPT">&amp;Cifrar</control>
    <control lang="pt-br" key="IDC_GENERATE_AND_SAVE_KEYFILE">Gerar e salvar arquivo-chave...</control>
    <control lang="pt-br" key="IDC_GENERATE_KEYFILE">&amp;Gerar arquivo-chave aleatório...</control>
    <control lang="pt-br" key="IDC_GET_LANG_PACKS">Download de pacote de idioma</control>
    <control lang="pt-br" key="IDC_KEYADD">Incluir A&amp;rquivo...</control>
    <control lang="pt-br" key="IDC_KEYFILES_ENABLE_HIDVOL_PROT">U&amp;sar Arquivo-chave</control>
    <control lang="pt-br" key="IDC_KEYFILES_HIDVOL_PROT">Arqui&amp;vos-chave...</control>
    <control lang="pt-br" key="IDC_KEYREMOVE">&amp;Remover</control>
    <control lang="pt-br" key="IDC_KEYREMOVEALL">Remover &amp;Todos</control>
    <control lang="en" key="IDC_LINK_HIDVOL_PROTECTION_INFO">What is hidden volume protection?</control>
    <control lang="en" key="IDC_LINK_KEYFILES_INFO">What is a keyfile?</control>
    <control lang="pt-br" key="IDC_LRW_INDEX_LSB">Bit menos significativo primeiro</control>
    <control lang="pt-br" key="IDC_LRW_MODE_ENABLED">Modo LRW</control>
    <control lang="pt-br" key="IDC_MOUNT_REMOVABLE">Montar disco como &amp;mídia removível</control>
    <control lang="pt-br" key="IDC_PERFORM_BENCHMARK">Analisar</control>
    <control lang="pt-br" key="IDC_PROTECT_HIDDEN_VOL">&amp;Proteger disco escondido de danos causados por escritas no volume externo</control>
    <control lang="pt-br" key="IDC_RESET">&amp;Resetar</control>
    <control lang="pt-br" key="IDC_SHOW_PASSWORD_MO">&amp;Mostrar senha</control>
    <control lang="pt-br" key="IDD_ABOUT_DLG">Sobre o TrueCrypt</control>
    <control lang="pt-br" key="IDD_BENCHMARK_DLG">TrueCrypt - Analisar Algoritmo de Criptografia</control>
    <control lang="pt-br" key="IDD_CIPHER_TEST_DLG">TrueCrypt - Vetores de Teste</control>
    <control lang="pt-br" key="IDD_COMMANDHELP_DLG">Ajuda de Linha de Comando</control>
    <control lang="pt-br" key="IDD_KEYFILES">TrueCrypt - Arquivos-chave</control>
    <control lang="pt-br" key="IDD_KEYFILE_GENERATOR">TrueCrypt - Gerador de Arquivos-chave</control>
    <control lang="pt-br" key="IDD_LANGUAGE">TrueCrypt - Idioma</control>
    <control lang="pt-br" key="IDD_LEGAL_NOTICES_DLG">TrueCrypt - Avisos Legais</control>
    <control lang="pt-br" key="IDD_MOUNT_OPTIONS">TrueCrypt - Opções de montagem</control>
    <control lang="pt-br" key="IDD_RAWDEVICES_DLG">Selecione uma partição ou dispositivo</control>
    <control lang="pt-br" key="IDT_ACTIVE_LANG_PACK">Pacote de Idioma Ativo</control>
    <control lang="pt-br" key="IDT_BOX_BENCHMARK_INFO">A velocidade é afetada pela carga da CPU e pelas características dos dispositivos de armazenamento.\n\nEste teste é feito em RAM.</control>
    <control lang="pt-br" key="IDT_BUFFER_SIZE">Tam. do Buffer:</control>
    <control lang="pt-br" key="IDT_CIPHER">Cifra:</control>
    <control lang="pt-br" key="IDT_HIDDEN_PROT_PASSWD">Senh&amp;a para o disco escondido:\n(se vazio, o cache será usado)</control>
    <control lang="pt-br" key="IDT_HIDDEN_VOL_PROTECTION">Proteção de Disco Escondido</control>
    <control lang="pt-br" key="IDT_KEY">Tam. da chave:</control>
    <control lang="pt-br" key="IDT_KEYFILE_GENERATOR_NOTE">Mova o mouse aleatoriamente sobre esta janela. Quanto mais tempo o mouse for movido melhor.</control>
    <control lang="en" key="IDT_KEYFILE_WARNING">WARNING: If you lose a keyfile or if any bit of its first 1024 kilobytes changes, it will be impossible to mount volumes that use the keyfile!</control>
    <control lang="pt-br" key="IDT_KEY_UNIT">bits</control>
    <control lang="pt-br" key="IDT_LANGPACK_AUTHORS">Traduzido por:</control>
    <control lang="pt-br" key="IDT_LRW_BLOCK_INDEX">Índice do bloco (hexadecimal)</control>
    <control lang="pt-br" key="IDT_LRW_KEY">Chave secundária (hexadecimal)</control>
    <control lang="pt-br" key="IDT_LRW_MODE">Modo LRW</control>
    <control lang="pt-br" key="IDT_PLAINTEXT">Tamanho do Texto em Claro:</control>
    <control lang="pt-br" key="IDT_PLAINTEXT_SIZE_UNIT">bits</control>
    <control lang="pt-br" key="IDT_POOL_CONTENTS">Conteúdo Atual da Reserva</control>
    <control lang="pt-br" key="IDT_PRF">Mixing PRF:</control>
    <control lang="pt-br" key="IDT_SORT_METHOD">Ordenar por:</control>
    <control lang="pt-br" key="IDT_TEST_CIPHERTEXT">Texto cifrado (hexadecimal)</control>
    <control lang="pt-br" key="IDT_TEST_KEY">Chave (hexadecimal)</control>
    <control lang="pt-br" key="IDT_TEST_PLAINTEXT">Texto em claro (hexadecimal)</control>
    <control lang="pt-br" key="IDT_KEYFILES_NOTE">Qualquer tipo de arquivo (.mp3, .jpg, .zip, .zvi) pode ser usado como um Arquivo-chave do TrueCrypt. Note que o arquivo-chave nunca é modificado pelo TrueCrypt. Você pode selecionar mais de um Arquivo-chave (a ordem não importa). Se você adicionar uma pasta, todos os arquivos encontrados nela serão usados como arquivos-chave.</control>
    <control lang="pt-br" key="IDT_TEST_CONFIG">Configuração da Cifra (tamanho em bytes)</control>
    <control lang="pt-br" key="IDD_PCDM_CHANGE_PKCS5_PRF">Definir Algoritmo de Derivação da Chave de Cabeçalho</control>
    <control lang="pt-br" key="IDD_PCDM_ADD_REMOVE_VOL_KEYFILES">Adicionar/Remover Arquivo-chave do disco</control>
    <control lang="pt-br" key="IDD_PCDM_REMOVE_ALL_KEYFILES_FROM_VOL">Remover Todos os Arquivos-chave do disco</control>
    <control lang="pt-br" key="IDT_EXPLORER_OPTIONS">Windows Explorer</control>
    <control lang="pt-br" key="IDC_BROWSE_KEYFILES">Navegar...</control>
    <control lang="pt-br" key="IDD_KEYFILE_GENERATOR_DLG">TrueCrypt - Gerador de Arquivos-chave</control>
    <control lang="pt-br" key="IDT_LICENSE">Acordo de Licença:</control>
    <control lang="en" key="IDT_UNINSTALL_INFO">No TrueCrypt volume will be deleted. The registry entries at HKLM\\SYSTEM\\ControlSet001\\Enum\\Root\\LEGACY_TRUECRYPT cannot be removed as Windows does not allow their deletion.</control>
    <control lang="pt-br" key="MENU_FILE">&amp;Arquivo</control>
    <control lang="pt-br" key="MENU_VOLUMES">&amp;Discos</control>
    <control lang="pt-br" key="MENU_KEYFILES">Arquivos-c&amp;have</control>
    <control lang="pt-br" key="MENU_TOOLS">&amp;Ferramentas</control>
    <control lang="pt-br" key="MENU_SETTINGS">Con&amp;figurações</control>
    <control lang="pt-br" key="MENU_HELP">A&amp;juda</control>
    <control lang="pt-br" key="MENU_WEBSITE">&amp;Homepage</control>
    <!-- Strings -->
    <string lang="pt-br" key="ABOUTBOX">&amp;Sobre...</string>
    <string lang="pt-br" key="ACCESSMODEFAIL">O atributo de somente-leitura de seu disco antigo não pôde ser alterado. Por favor verifique as permissões de acesso ao arquivo.</string>
    <string lang="pt-br" key="ACCESS_DENIED">Erro: Acesso negado.\n\nA partição que você está tentando acessar tem 0 setores ou é o dispositivo do sistema.</string>
    <string lang="pt-br" key="ADMIN_PRIVILEGES_DRIVER">Para carregar o driver do TrueCrypt, você deve estar logado  em uma conta com privilégio da administrador.</string>
    <string lang="pt-br" key="ADMIN_PRIVILEGES_WARN_DEVICES">Para cifrar/formatar uma partição/dispositivo você deve  estar logado em uma conta com privilégio de administrador.\n\nIsto não se aplica a discos baseados em arquivos.</string>
    <string lang="pt-br" key="ADMIN_PRIVILEGES_WARN_HIDVOL">Para criar um disco escondido, você deve estar logado em uma conta com privilégios de administrador.\n\nContinuar?</string>
    <string lang="pt-br" key="ADMIN_PRIVILEGES_WARN_NTFS">Para formatar o disco como NTFS você precisa estar  logado em uma conta com privilégios de administrador.\n\nSem estes privilégios, você pode formatar o disco como FAT.</string>
    <string lang="en" key="AES_HELP">FIPS-approved cipher (Rijndael, published in 1998) that may be used by U.S. government departments and agencies to protect classified information up to the Top Secret level. 256-bit key, 128-bit block, 14 rounds (AES-256). Mode of operation is LRW.</string>
    <string lang="pt-br" key="ALREADY_MOUNTED">O disco já está montado.</string>
    <string lang="pt-br" key="ERR_SELF_TESTS_FAILED">ATENÇÃO: Pelo menos um algoritmo de criptografia ou hash  falhou no teste automático.\n\nA instalação do TrueCrypt pode estar corrompida.</string>
    <string lang="pt-br" key="ERR_NOT_ENOUGH_RANDOM_DATA">ATENÇÃO: Não há dados suficientes na reserva do Gerador de Números Aleatórios para prover a quantidade necessária.\n\nVocê não deve continuar. Selecione 'Relatar erro' no menu Ajuda e relatar este erro.</string>
    <string lang="pt-br" key="BAD_DRIVE_LETTER">Letra de drive inválida.</string>
    <string lang="pt-br" key="CANCEL">Cancelar</string>
    <string lang="pt-br" key="CANNOT_CALC_SPACE">Acesso ao dispositivo foi negado. Favor garantir que o dispositivo selecionado existe e não é usado pelo sistema.</string>
    <string lang="pt-br" key="CAPSLOCK_ON">AVISO: AS maiúsculas estão ligadas. Isto pode causar erros na digitação da senha.</string>
    <string lang="pt-br" key="CIPHER_HIDVOL_HOST_TITLE">Opções de Criptografia do Disco Externo</string>
    <string lang="pt-br" key="CIPHER_HIDVOL_TITLE">Opções de Criptografia do Disco Escondido</string>
    <string lang="pt-br" key="CIPHER_TITLE">Opções de Criptografia</string>
    <string lang="pt-br" key="CLEAN_WINMRU_FAILED">AVISO: Falha ao limpar o caminho do último disco/arquivo-chave selecionado (mantido via 'file selector')!</string>
    <string lang="en" key="COMPRESSION_NOT_SUPPORTED">Error: The container has been compressed at the filesystem level. TrueCrypt does not support compressed containers (note that compression of encrypted data is ineffective and redundant).\n\nPlease disable compression for the container by following these steps:\n1) Right-click the container in Windows Explorer (not in TrueCrypt).\n2) Select 'Properties'.\n3) In the 'Properties' dialog box, click 'Advanced'.\n4) In the 'Advanced Attributes' dialog box, disable the option 'Compress contents to save disk space' and click 'OK'.\n5) In the 'Properties' dialog box, click 'OK'.</string>
    <string lang="pt-br" key="CREATE_FAILED">Falha ao criar disco %hs</string>
    <string lang="pt-br" key="DEVICE_FREE_BYTES">Tamanho de %hs é %.2f bytes</string>
    <string lang="pt-br" key="DEVICE_FREE_GB">Tamanho de %hs é %d GB</string>
    <string lang="pt-br" key="DEVICE_FREE_KB">Tamanho de %hs é %.2f KB</string>
    <string lang="pt-br" key="DEVICE_FREE_MB">Tamanho de %hs é %.2f MB</string>
    <string lang="pt-br" key="DEVICE_FREE_PB">Tamanho de %hs é %d PB</string>
    <string lang="pt-br" key="DEVICE_FREE_TB">Tamanho de %hs é %d TB</string>
    <string lang="pt-br" key="DEVICE_IN_USE">AVISO: Dispositivo/partição já em uso!\n\nIgnorar este fato pode causar resultados indesejados, incluindo instabilidade do sistema. Todas as aplicações que podem estar usando o dispositivo/partição devem ser fechados antes de montar o disco.\n\nContinuar?</string>
    <string lang="en" key="DEVICE_IN_USE_FORMAT">WARNING: The device/partition is in use by the operating system or applications. Formatting the device/partition might cause data corruption and system instability.\n\nContinue?</string>
    <string lang="en" key="FORMAT_CANT_DISMOUNT_FILESYS">Error: The device/partition contains a file system that could not be dismounted. The file system may be in use by the operating system. Formatting the device/partition would very likely cause data corruption and system instability.\n\nTo solve this issue, we recommend that you first delete the partition and then recreate it without formatting. To do so, follow these steps:\n1) Right-click the 'Computer' (or 'My Computer') icon in the 'Start Menu' and select 'Manage'. The 'Computer Management' window should appear.\n2) In the 'Computer Management' window, select 'Storage' &gt; 'Disk Management'.\n3) Right-click the partition you want to encrypt and select either 'Delete Partition', or 'Delete Volume', or 'Delete Logical Drive'.\n4) Click 'Yes'. If Windows asks you to restart the computer, do so. Then repeat the steps 1 and 2 and continue from the step 5.\n5) Right-click the unallocated/free space area and select either 'New Partition', or 'New Simple Volume', or 'New Logical Drive'.\n6) The 'New Partition Wizard' or 'New Simple Volume Wizard' window should appear now; follow its instructions. On the wizard page entitled 'Format Partition', select either 'Do not format this partition' or 'Do not format this volume'. In the same wizard, click 'Next' and then 'Finish'.\n7) Note that the device path you have selected in TrueCrypt may be wrong now. Therefore, exit the TrueCrypt Volume Creation Wizard (if it is still running) and then start it again.\n8) Try encrypting the device/partition again.\n\nIf TrueCrypt repeatedly fails to encrypt the device/partition, you may want to consider creating a file container instead.</string>
    <string lang="pt-br" key="DEVICE_IN_USE_INFO">AVISO: Algumas das partições/dispositivos montadas estão em uso!\n\nIgnorar este fato pode causar resultados indesejáveis, incluindo instabilidade do sistema.\n\nÉ fortemente recomendado que você feche qualquer aplicação que possa estar usando os dispositivos/partições.</string>
    <string lang="en" key="DEVICE_PARTITIONS_ERR">The selected device contains partitions.\n\nFormatting the device might cause system instability and/or data corruption. Please either select a partition on the device, or remove all partitions on the device to enable TrueCrypt to format it safely.</string>
    <string lang="en" key="WHOLE_DEVICE_WARNING">IMPORTANT: If you encrypt the entire device, the operating system will consider the device as new and unformatted (as it will contain no partition table). This will make the volume susceptible to accidental initialization, which may cause it to be impossible to mount.\n\nIt is preferable to create a partition on the device and encrypt the partition instead.\n\nAre you sure want to encrypt the entire device?</string>
    <string lang="en" key="WHOLE_DEVICE_NOTE">IMPORTANT: Keep in mind to answer 'No', whenever Windows asks you whether you want to initialize this device (even if Windows tells you that you must do so). Otherwise, you may damage the volume and make it impossible to mount.\n\nWe also recommend that you backup the volume header after the volume is created (Tools -&gt; Backup Volume Header).</string>
    <string lang="en" key="AFTER_FORMAT_DRIVE_LETTER_WARN">IMPORTANT: Please keep in mind that this partition/device can NOT be mounted using the drive letter %c:, which is currently assigned to it!\n\nTo mount this partition/device, click 'Auto-Mount Devices' in the main TrueCrypt window. Alternatively, in the main TrueCrypt window, click 'Select Device', then select this partition/device, and click 'Mount'. The partition/device will be mounted to a different drive letter, which you will select from the list in the main TrueCrypt window.\n\nThe original drive letter %c: should be used only in case you need to remove encryption from the partition/device (e.g., if you no longer need encryption). In such a case, right-click the drive letter %c: in the 'Computer' (or 'My Computer') list and select 'Format'. Otherwise, the drive letter %c: should never be used (unless you remove it and assign it to another partition/device).</string>
    <string lang="pt-br" key="DISK_FREE_BYTES">Drive %hs tem %.2f bytes livres.</string>
    <string lang="pt-br" key="DISK_FREE_GB">Drive %hs tem %d GB livres.</string>
    <string lang="pt-br" key="DISK_FREE_KB">Drive %hs tem %.2f KB livres.</string>
    <string lang="pt-br" key="DISK_FREE_MB">Drive %hs tem %.2f MB livres.</string>
    <string lang="pt-br" key="DISK_FREE_PB">Drive %hs tem %d PB livres.</string>
    <string lang="pt-br" key="DISK_FREE_TB">Drive %hs tem %d TB livres.</string>
    <string lang="pt-br" key="DRIVELETTERS">Foi impossível obter a lista de letras de drive disponíveis.</string>
    <string lang="pt-br" key="DRIVER_NOT_FOUND">O driver do TrueCrypt não foi encontrado!\n\nFavor copiar os arquivos 'truecrypt.sys' e 'truecrypt-x64.sys' para o diretório onde está a aplicação.</string>
    <string lang="pt-br" key="DRIVER_VERSION">Uma versão incompatível do driver do TrueCrypt está executando.\n\nA versão requerida é: TrueCrypt %hs</string>
    <string lang="pt-br" key="ERR_CIPHER_INIT_FAILURE">Erro: Falha ao iniciar a cifra.</string>
    <string lang="pt-br" key="ERR_CIPHER_INIT_WEAK_KEY">Erro: Uma chave fraca ou potencialmente fraca foi detectada. A chave será descartada. Favor tentar novamente.</string>
    <string lang="en" key="EXCEPTION_REPORT">A critical error has occured and TrueCrypt must be terminated. If this is caused by a bug in TrueCrypt, we would like to fix it. To help us, you can send us an automatically generated error report containing the following items:\n\n- Program version\n- Operating system version\n- TrueCrypt component name\n- Checksum of TrueCrypt executable\n- TrueCrypt dialog identifier\n- Error category\n- Error address\n- TrueCrypt call stack\n\nIf you select 'Yes', the following URL (which contains the entire error report) will be opened in your default Internet browser (note that in some cases this may take up to 30 seconds).\n\n%hs\n\nDo you want to send us the above error report?</string>
    <string lang="pt-br" key="EXCEPTION_REPORT_EXT">Um erro crítico ocorreu em seu sistema e o TrueCrypt será finalizado.\n\nNote que este erro não foi causado pelo TrueCrypt (e, consequentemente, os desenvolvedores do TrueCrypt não podem consertá-lo). Favor verificar possíveis problemas em seu sistema (por exemplo: configurações do sistema, conexão de rede, falhas em componentes de hardware).</string>
    <string lang="pt-br" key="EXCEPTION_REPORT_TITLE">Erro Crítico do TrueCrypt</string>
    <string lang="pt-br" key="EXIT">Sair</string>
    <string lang="pt-br" key="EXT_PARTITION">Favor criar um drive lógico para esta partição estendida e tentar novamente.</string>
    <string lang="pt-br" key="FILE_HELP">Você pode criar discos baseados em arquivos ou cifrar completamente partições, disquetes, memory sticks USB ou outros dispositivos de armazenamento. Clique em 'Arquivo...' para especificar o caminho e o nome do arquivo a ser criado para o novo disco, ou selecione 'Dispositivo...' para selecionar uma partição ou dispositivo a ser criptografado.\n\nAVISO: Se você cifrar uma partição ou dispositivo, todos os dados presentes na partição ou dispositivo serão apagados.</string>
    <string lang="pt-br" key="FILE_HELP_HIDDEN_HOST_VOL">Selecione a localização do disco externo a ser criado (o disco escondido será posteriormente criado dentro deste disco externo).\n\n Você pode criar discos baseados em arquivos ou cifrar completamente partições, disquetes, memory sticks USB ou outros dispositivos de armazenamento. Clique em 'Arquivo...' para especificar o nome e o caminho do arquivo a ser criado para armazenar o novo disco ou clique em 'Dispositivo...' para selecionar um dispositivo ou partição para cifrar.\n\nSe você cifrar uma partição ou dispositivo, todos os dados armazenados nele(a) serão apagados.</string>
    <string lang="pt-br" key="FILE_HELP_HIDDEN_HOST_VOL_DIRECT">Selecione a localização do disco TrueCrypt dentro do qual você deseja criar o disco escondido.</string>
    <string lang="pt-br" key="FILE_IN_USE">AVISO: O arquivo ou dispositivo já está sendo usado!\n\nIgnorar este aviso pode levar a resultados indesejados ou instabilidade do sistema. Todas as aplicações que podem estar usando o arquivo ou dispositivo deve ser fechadas antes de montar o disco.\n\nContinuar?</string>
    <string lang="pt-br" key="FILE_IN_USE_FAILED">Erro: O disco não pôde ser montado. O arquivo ou dispositivo já está em uso. A tentativa de montar sem acesso exclusive também falhou.</string>
    <string lang="pt-br" key="FILE_OPEN_FAILED">O arquivo não pode ser aberto.</string>
    <string lang="pt-br" key="FILE_TITLE">Localização do Disco</string>
    <string lang="en" key="FORMAT">&amp;Format</string>
    <string lang="pt-br" key="FORMAT_ABORT">Abortar a formatação?</string>
    <string lang="en" key="FORMAT_FINISHED_HELP">\n\nThe TrueCrypt volume has been created and is ready for use. If you wish to create another TrueCrypt volume, click Next. Otherwise, click Exit.</string>
    <string lang="en" key="FORMAT_FINISHED_INFO">The TrueCrypt volume has been successfully created.</string>
    <string lang="pt-br" key="FORMAT_FINISHED_TITLE">Disco Criado com Sucesso</string>
    <string lang="en" key="FORMAT_HELP">Here you can set additional options that will affect the format of the new volume. Please refer to the documentation for more information. When done, click 'Format' to create your new volume.</string>
    <string lang="en" key="FORMAT_HIDVOL_HOST_HELP">Note that a hidden volume can only be created within a FAT volume. For more information, please refer to the documentation. When ready, click 'Format' to create the outer volume.</string>
    <string lang="pt-br" key="FORMAT_HIDVOL_HOST_TITLE">Formatação do disco Externo</string>
    <string lang="pt-br" key="FORMAT_HIDVOL_TITLE">Formatação do Disco Escondido</string>
    <string lang="pt-br" key="FORMAT_TITLE">Formatação do Disco</string>
    <string lang="pt-br" key="GETFILETIME_FAILED">AVISO: Foi impossível obter o timestamp!</string>
    <string lang="pt-br" key="GETFILETIME_FAILED_GENERIC">AVISO: Impossível obter o timestamp do contêiner!\n\nSe houver um disco Escondido dentro deste contêiner, a negação plausível do disco escondido pode ser afetada.</string>
    <string lang="pt-br" key="GETFILETIME_FAILED_IMPLANT">AVISO: Impossível obter o timestamp do contêiner!\n\nA menos que você reinicie o timestamp com uma ferramenta externa, recomendamos que você não crie um disco escondido dentro deste contêiner.</string>
    <string lang="pt-br" key="GETFILETIME_FAILED_PW">AVISO: Impossível obter o timestamp do contêiner!\n\n nSe houver um disco Escondido dentro deste contêiner, a negação plausível do disco escondido pode ser afetada após uma troca ou tentativa de troca da senha.</string>
    <string lang="pt-br" key="GETFILETIME_FAILED_KEYFILE">AVISO: Impossível obter o timestamp do arquivo-chave! Impossível preservar a última data/hora de acesso.\n\nSerá possível determinar que este arquivo foi acessado.</string>
    <string lang="pt-br" key="HELP_READER_ERROR">É necessário o Adobe Reader (ou ferramenta compatível) para ver ou imprimir o Manual do Usuário do TrueCrypt. O Adobe Reader (freeware) pode ser baixado a partir de: www.adobe.com\n\nDeseja ver a documentação on-line?</string>
    <string lang="pt-br" key="HIDDEN_VOL_WIZARD_MODE_HELP">Usuários inexperientes devem escolher a primeira opção. Para selecionar a segunda opção, você já deve ter criado um disco TrueCrypt capaz de abrigar o disco escondido.</string>
    <string lang="pt-br" key="HIDDEN_VOL_WIZARD_MODE_TITLE">Modo Assistente</string>
    <string lang="en" key="HIDVOL_FORMAT_FINISHED_HELP">The hidden TrueCrypt volume has been successfully created and is ready for use. If all the instructions have been followed and if precautions mentioned in the section "Security Precautions Pertaining to Hidden Volumes" in the TrueCrypt User's Guide are followed, it will be impossible to prove that the hidden volume exists, even when the outer volume is mounted.\n\nWARNING: IF YOU DO NOT PROTECT THE HIDDEN VOLUME (FOR INFORMATION ON HOW TO DO SO, REFER TO THE SECTION "PROTECTION OF HIDDEN VOLUMES AGAINST DAMAGE" IN THE TRUECRYPT USER'S GUIDE), DO NOT WRITE TO THE OUTER VOLUME. OTHERWISE, YOU MAY OVERWRITE AND DAMAGE THE HIDDEN VOLUME!</string>
    <string lang="pt-br" key="HIDVOL_FORMAT_FINISHED_TITLE">Disco Escondido Criado</string>
    <string lang="en" key="HIDVOL_HOST_FILLING_HELP">Outer volume has been successfully created and mounted as drive %hc:. To this volume you should now copy some sensitive-looking files that you actually do NOT want to hide. The files will be there for anyone forcing you to disclose your password. You will reveal only the password for this outer volume, not for the hidden one. The files that you really care about will be stored in the hidden volume, which will be created later on. When you finish copying, click Next. Do not dismount the volume.\n\nNote: After you click Next, cluster bitmap of the outer volume will be scanned to determine the size of uninterrupted area of free space whose end is aligned with the end of the volume. This area will accommodate the hidden volume, so it will limit its maximum possible size. Cluster bitmap scanning ensures that no data on the outer volume are overwritten by the hidden volume.</string>
    <string lang="pt-br" key="HIDVOL_HOST_FILLING_TITLE">Conteúdo do Disco Externo</string>
    <string lang="pt-br" key="HIDVOL_HOST_PRE_CIPHER_HELP">\n\nNas próximas etapas, você deverá escolher as opções para o disco externo (dentro do qual o disco escondido será criado mais tarde).</string>
    <string lang="pt-br" key="HIDVOL_HOST_PRE_CIPHER_TITLE">Disco Externo</string>
    <string lang="pt-br" key="HIDVOL_PRE_CIPHER_HELP">\n\nO bitmap de clusters foi varrido e o tamanho máximo possível para o disco escondido foi determinado. Nas próximas etapas, você deverá escolher as opções, o tamanho e a senha a serem usados para o disco escondido.</string>
    <string lang="pt-br" key="HIDVOL_PRE_CIPHER_TITLE">Disco Escondido</string>
    <string lang="en" key="HIDVOL_PROT_WARN_AFTER_MOUNT">The hidden volume is now protected against damage until the outer volume is dismounted.\n\nWARNING: If any data is attempted to be saved to the hidden volume area, TrueCrypt will start write-protecting the entire volume (both the outer and the hidden part) until it is dismounted. This may cause filesystem corruption on the outer volume. Any data being saved to the hidden volume area will NOT be saved and will be lost! Windows may report this as a write error ("Delayed Write Failed" or "The parameter is incorrect").</string>
    <string lang="en" key="HIDVOL_PROT_WARN_AFTER_MOUNT_PLURAL">Each of the hidden volumes within the newly mounted volumes is now protected against damage until dismounted.\n\nWARNING: If any data is attempted to be saved to protected hidden volume area of any of these volumes, TrueCrypt will start write-protecting the entire volume (both the outer and the hidden part) until it is dismounted. This may cause filesystem corruption on the outer volume. Any data being saved to protected hidden volume areas will NOT be saved and will be lost! Windows may report this as a write error ("Delayed Write Failed" or "The parameter is incorrect").</string>
    <string lang="en" key="DAMAGE_TO_HIDDEN_VOLUME_PREVENTED">WARNING: Data were attempted to be saved to the hidden volume area of the volume mounted as %c:!\n\nTrueCrypt prevented these data from being saved in order to protect the hidden volume. This may have caused filesystem corruption on the outer volume and Windows may have reported a write error ("Delayed Write Failed" or "The parameter is incorrect"). The entire volume (both the outer and the hidden part) will be write-protected until it is dismounted.\n\nWe strongly recommend that you restart the operating system now.</string>
    <string lang="pt-br" key="INIT_MUTEX">Impossível iniciar a aplicação. Falha ao criar um objeto mutex requerido.</string>
    <string lang="pt-br" key="INIT_RAND">Falha ao iniciar o gerador de números aleatórios!</string>
    <string lang="pt-br" key="INIT_REGISTER">Impossível iniciar a aplicação. Falha ao registrar a classe 'Dialog'.</string>
    <string lang="pt-br" key="INTRO_HELP">\nEste assistente irá auxiliá-lo a criar um novo disco TrueCrypt.\n\nImportante: A coleta de dados aleatórios já se iniciou. Os dados serão usados para gerar a chave mestra, a chave secundária (para o modo LRW) e o sal para o novo disco. Os dados coletados incluem os movimentos do maouse dentro da janela, teclas pressionadas e outros dados obtidos do sistema. Os dados devem ser o mais aleatórios que for possível. Assim, é importante que você mova bastante o mouse de forma aleatória.</string>
    <string lang="pt-br" key="INTRO_TITLE">Assistente para Criação de Disco TrueCrypt</string>
    <string lang="pt-br" key="INVALID_DEVICE">A Partição (ou drive) especificada(o) é inválida(o). Use a seguinte sintaxe para montar partições: \\Device\\Harddisk0\\Partition4</string>
    <string lang="pt-br" key="MAX_HIDVOL_SIZE_BYTES">O tamanho máximo de um disco escondido para este disco é %.2f bytes.</string>
    <string lang="pt-br" key="MAX_HIDVOL_SIZE_KB">O tamanho máximo de um disco escondido para este disco é %.2f KB.</string>
    <string lang="pt-br" key="MAX_HIDVOL_SIZE_MB">O tamanho máximo de um disco escondido para este disco é %.2f MB.</string>
    <string lang="pt-br" key="MOUNTED_NOPWCHANGE">A senha ou arquivo-chave não podem ser alterados enquanto o disco estiver montado. Favor desmontar o disco primeiro.</string>
    <string lang="pt-br" key="MOUNTED_NO_PKCS5_PRF_CHANGE">O algoritmo de derivação da chave não pode ser trocado enquanto o volume está montado. Favor desmontar o disco primeiro.</string>
    <string lang="pt-br" key="MOUNT_BUTTON">&amp;Montar</string>
    <string lang="pt-br" key="NEW_VERSION_REQUIRED">Uma versão mais recente do TrueCrypt é necessária para montar este disco.</string>
    <string lang="pt-br" key="VOL_CREATION_WIZARD_NOT_FOUND">Erro: O Assistente de Criação de Disco não foi encontrado.\n\nFavor garantir que o arquivo 'TrueCrypt Format.exe' está na pasta de onde o TrueCrypt foi executado. Caso contrário, reinstale o TrueCrypt ou localize o arquivo 'TrueCrypt Format.exe' no seu sistema e execute-o.</string>
    <string lang="pt-br" key="NEXT">&amp;Próximo &gt;</string>
    <string lang="en" key="FINALIZE">&amp;Finish</string>
    <string lang="en" key="NODRIVER">Unable to connect to the TrueCrypt device driver. TrueCrypt cannot work if the device driver is not running.\n\nPlease note that, due to a Windows issue, it may be required to log off or restart the system before the device driver can be loaded.</string>
    <string lang="pt-br" key="NOFONT">Um erro ocorreu quando da carga/preparação das fontes.</string>
    <string lang="pt-br" key="NOT_FOUND">O drive cuja letra você especificou não foi encontrado.</string>
    <string lang="en" key="DRIVE_LETTER_UNAVAILABLE">Drive letter not available.</string>
    <string lang="pt-br" key="NO_FILE_SELECTED">Nenhum arquivo foi selecionado!</string>
    <string lang="pt-br" key="NO_FREE_DRIVES">Nenhuma letra de drive está disponível.</string>
    <string lang="pt-br" key="NO_FREE_DRIVE_FOR_OUTER_VOL">Não há letra de drive livre para o disco externo! A criação do disco não pode continuar.</string>
    <string lang="pt-br" key="NO_OS_VER">Impossível determinar a versão do seu sistema operacional ou você está usando um sistema operacional não suportado.</string>
    <string lang="pt-br" key="NO_PATH_SELECTED">Nenhum caminho selecionado!</string>
    <string lang="pt-br" key="NO_SPACE_FOR_HIDDEN_VOL">Não há espaço livre suficiente para o disco escondido! A criação dos disco não pode continuar.</string>
    <string lang="pt-br" key="OPENFILES_DRIVER">O driver foi incapaz de desmontar o disco. Algum dos arquivos localizados nele ainda deve estar aberto.</string>
    <string lang="pt-br" key="OPENFILES_LOCK">Impossível fazer 'lock' do disco. Ainda existem arquivos abertos no disco. Desta forma, este não pode ser desmontado.</string>
    <string lang="pt-br" key="OPEN_VOL_TITLE">Selecione o Disco TrueCrypt</string>
    <string lang="pt-br" key="OPEN_TITLE">Selecione o Caminho e o Nome do Arquivo</string>
    <string lang="pt-br" key="OUTOFMEMORY">Memória Esgotada</string>
    <string lang="en" key="FORMAT_DEVICE_FOR_ADVANCED_ONLY">IMPORTANT: We strongly recommend that inexperienced users create a TrueCrypt file container on the selected device/partition, instead of attempting to encrypt the entire device/partition.\n\nWhen you create a TrueCrypt file container (as opposed to encrypting a device or partition) there is, for example, no risk of destroying a large number of files. Note that a TrueCrypt file container (even though it contains a virtual encrypted disk) is actually just like any normal file. Therefore, it can be, for example, easily renamed, moved, or copied as any normal file. To create a TrueCrypt file container, click 'No' and then click 'Select File' in the wizard window. For more information, see the chapter Beginner's Tutorial in the TrueCrypt User Guide.\n\nAre you sure you want to encrypt the entire device/partition?</string>
    <string lang="pt-br" key="OVERWRITEPROMPT">AVISO: O arquivo '%hs' já existe!\n\nNote que o TrueCrypt não irá cifrar o arquivo, mas apagá-lo. Tem certeza que deseja apagar o arquivo e substituí-lo por um novo contêiner TrueCrypt?</string>
    <string lang="en" key="OVERWRITEPROMPT_DEVICE">CAUTION: ALL FILES CURRENTLY STORED ON THE SELECTED %s '%hs'%s WILL BE ERASED AND LOST!\n\nAre you sure you want to proceed with format?</string>
    <string lang="pt-br" key="PASSWORD">Senha</string>
    <string lang="pt-br" key="PASSWORD_CHANGED">A senha ou arquivo(s)-chave foi(foram) alterado(s) com sucesso.\n\nIMPORTANTE: Favor ler a seção 'Changing Passwords and Keyfiles' do capítulo 'Security Precautions' no Manual do Usuário do TrueCrypt.</string>
    <string lang="pt-br" key="KEYFILE_CHANGED">Arquivo(s)-chave adicionado(s)/removido(s) com sucesso.</string>
    <string lang="pt-br" key="PKCS5_PRF_CHANGED">Algoritmo de derivação da chave ajustado com sucesso.</string>
    <string lang="pt-br" key="PASSWORD_HELP">É muito importante que seja escolhida uma boa senha. Evite escolher uma senha que contenha apenas uma única palavra que possa ser encontrada em um dicionário (ou uma combinação de 2, 3, ou 4 palavras). A senha não deve conter nomes ou datas. A senha não deve ser fácil de adivinhar. Uma boa senha é uma combinação aleatória de letras maiúsculas e minúsculas, números e caracteres especiais como @ ^ = $ * + etc.\n\nÉ recomendado que seja escolhida uma senha com mais de 20 caracteres (quanto maior melhor). O tamanho máximo da senha é 64 caracteres.</string>
    <string lang="pt-br" key="PASSWORD_HIDDENVOL_HELP">Favor escolher uma senha para o disco escondido.</string>
    <string lang="pt-br" key="PASSWORD_HIDDENVOL_HOST_DIRECT_HELP">Favor digitar a senha para o disco que você dentro do qual você deseja criar o disco escondido.\n\nDepois de clicar 'Próximo', o TrueCrypt vai tentar montar o disco. Assim que o disco estiver montado, seu bitmap de cluster será varrido para determinar o tamanho da área livre ininterrupta (se houver) cujo final está alinhado com o final do disco. Esta área irá acomodar o disco escondido e irá limitar seu tamanho máximo. A varredura do mapa de clusters é necessária para garantir que nenhum dado do disco externo será sobrescrito pelo disco escondido.</string>
    <string lang="pt-br" key="PASSWORD_HIDDENVOL_HOST_HELP">\nPor favor escolha uma senha para o disco externo. Esta será a senha que você poderá revelar a um adversário caso seja forçado.\n\nEsta senha deve ser diferente da senha usada para o disco escondido.\n\n\nNota: O tamanho máximo da senha é 64 caracteres.</string>
    <string lang="pt-br" key="PASSWORD_HIDVOL_HOST_TITLE">Senha de Disco Externo</string>
    <string lang="pt-br" key="PASSWORD_HIDVOL_TITLE">Ocultar Senha do Disco</string>
    <string lang="pt-br" key="PASSWORD_LENGTH_WARNING">AVISO: Senha curtas são fáceis de quebrar usando técnicas de força bruta!\n\nÉ recomendado que seja escolhida um senha com pelo menos 20 caracteres.\n\nDeseja realmente usar uma senha curta?</string>
    <string lang="pt-br" key="PASSWORD_TITLE">Senha do Disco</string>
    <string lang="pt-br" key="PASSWORD_WRONG">Senha incorreta ou não se trata de um disco TrueCrypt.</string>
    <string lang="pt-br" key="PASSWORD_OR_KEYFILE_WRONG">Senha e/ou arquivo-chave incorretos ou não se trata de um disco TrueCrypt.</string>
    <string lang="pt-br" key="PASSWORD_WRONG_CAPSLOCK_ON">\n\nAVISO: A função Caps Lock está ligada. Isto pode levar a uma digitação incorreta da senha.</string>
    <string lang="pt-br" key="PASSWORD_WRONG_AUTOMOUNT">Senha incorreta ou nenhum disco TrueCrypt encontrado.</string>
    <string lang="pt-br" key="PASSWORD_OR_KEYFILE_WRONG_AUTOMOUNT">Senha e/ou arquivo-chave incorretos ou nenhum disco TrueCrypt encontrado.</string>
    <string lang="pt-br" key="PREV">&lt;&amp;Anterior</string>
    <string lang="pt-br" key="RAWDEVICES">Impossível listar os dispositivos instalados em seu sistema!</string>
    <string lang="pt-br" key="READONLYPROMPT">O disco '%hs' existe e está protegido contra gravação. Tem certeza que deseja substituí-lo?</string>
    <string lang="pt-br" key="SELECT_DEST_DIR">Selecione o Diretório de Destino</string>
    <string lang="pt-br" key="SELECT_KEYFILE">Selecione o Arquivo-chave</string>
    <string lang="pt-br" key="SELECT_KEYFILE_PATH">Selecione o caminho do arquivo-chave. AVISO: Note que apenas o caminho sera lembrado, não os nomes dos arquivos!</string>
    <string lang="pt-br" key="SERPENT_HELP">Projetado por Ross Anderson, Eli Biham, e Lars Knudsen. Publicado em 1998. Chaves de 256 bits, blocos de 128 bits. Modo de operação é LRW. Serpent foi um dos finalistas do concurso para escolha do AES.</string>
    <string lang="pt-br" key="SETFILETIME_FAILED_IMPLANT">AVISO: Falha ao restaurar o timestamp do contêiner (data/hora de modificação/acesso)!\n\nA negação plausível do disco escondido poderá ser afetada.</string>
    <string lang="pt-br" key="SETFILETIME_FAILED_PREP_IMPLANT">AVISO: Falha ao restaurar o timestamp do contêiner!\n\nNão é recomendada a criação de um disco escondido neste contêiner a menos que  o timestamp seja alterado com ume ferramenta externa.</string>
    <string lang="pt-br" key="SETFILETIME_FAILED_PW">AVISO: Falha ao restaurar o timestamp do contêiner (data/hora de modificação/acesso)!\n\nSe houver um disco escondido dentro deste contêiner, a negação plausível do disco escondido poderá ser afetada.</string>
    <string lang="pt-br" key="SETFILETIME_FAILED_KEYFILE">AVISO: Falha ao restaurar o timestamp do contêiner! Impossível preservar a data/hora do ultimo acesso.\n\nSerá possível detector que este arquivo foi acessado.</string>
    <string lang="en" key="SETUP_INCOMPLETE">Error: 'Setup Files' folder not found.\n\nNote that before you can install TrueCrypt, you must extract all files from the distribution package.</string>
    <string lang="pt-br" key="SIZE_HELP">Favor especificar o tamanho do contêiner a ser criado.\n\nSe você criar um contêiner dinâmico (arquivo esparso), este parâmetro irá especificar seu tamanho máximo.\n\nNote que o tamanho mínimo de um disco FAT é 19 KB. O tamanho mínimo de um disco NTFS é 2526 KB.</string>
    <string lang="en" key="SIZE_HELP_HIDDEN_HOST_VOL">Please specify the size of the new outer volume (within which the hidden volume will be created later on). The minimum possible size of a volume within which a hidden volume is intended to be created is 40 KB.</string>
    <string lang="pt-br" key="SIZE_HELP_HIDDEN_VOL">Favor especificar o tamanho do disco escondido a ser criado. O tamanho mínimo de um disco FAT é 19 KB. O tamanho mínimo de um disco NTFS é 2526 KB. O tamanho máximo que pode ser especificado para o disco escondido é mostrado acima.</string>
    <string lang="pt-br" key="SIZE_HIDVOL_HOST_TITLE">Tamanho do Disco Externo</string>
    <string lang="pt-br" key="SIZE_HIDVOL_TITLE">Tamanho do Disco Escondido</string>
    <string lang="en" key="SIZE_PARTITION_HELP">Size of a device or partition cannot be modified. Please verify that the size of the selected device or partition shown above is correct and click Next.</string>
    <string lang="en" key="SIZE_PARTITION_HIDDEN_VOL_HELP">\n\nNote that the minimum possible size of a volume within which a hidden volume is intended to be created is 40 KB.</string>
    <string lang="pt-br" key="SIZE_TITLE">Tamanho do Disco</string>
    <string lang="pt-br" key="SPARSE_FILE">Dinâmico</string>
    <string lang="pt-br" key="TESTS_FAILED">CUIDADO: AUTO-TESTE FALHOU!</string>
    <string lang="pt-br" key="TESTS_PASSED">Todos os algoritmos passaram nos auto-testes</string>
    <string lang="pt-br" key="TEST_INCORRECT_LRW_INDEX_SIZE">O índice do bloco LRW que você escolheu é muito curto ou muito longo.</string>
    <string lang="pt-br" key="TEST_INCORRECT_LRW_KEY_SIZE">A chave secundária que você escolheu é muito curta ou muito longa.</string>
    <string lang="pt-br" key="TEST_CIPHERTEXT_SIZE">O texto cifrado de teste que você escolheu é muito curto ou muito longo.</string>
    <string lang="pt-br" key="TEST_KEY_SIZE">A chave de teste que você escolheu é muito curta ou muito longa.</string>
    <string lang="pt-br" key="TEST_PLAINTEXT_SIZE">O texto em claro de teste que você escolheu é muito curto ou muito longo.</string>
    <string lang="pt-br" key="TEST_LRW_INDEX_OVERRUN">Erro: O TrueCrypt não suporta índices de bloco LRW maiores ou iguais a 2^64.\n\nNote também que o tamanho máximo suportado para os discos é 2^63 bytes (8589934592 GB).</string>
    <string lang="pt-br" key="TWO_LAYER_CASCADE_HELP">Duas cifras em cascata operando no modo LRW. Cada bloco é inicialmente cifrado usando %hs (chave de %d bits) e depois usando %hs (chave de %d bits). Cada cifra usa sua própria chave. As chaves são mutuamente independentes.</string>
    <string lang="pt-br" key="THREE_LAYER_CASCADE_HELP">Três cifras em cascata operando no modo LRW. Cada bloco é inicialmente cifrado usando %hs (chave de %d bits), depois usando %hs (chave de %d bits) e finalmente usando %hs (Chave de %d bits). Cada cifra usa sua própria chave. As chaves são mutuamente independentes.</string>
    <string lang="pt-br" key="TRAVELLER_DISK_CREATED">O disco viajante do TrueCrypt foi criado com sucesso.\n\nNote que é necessário ter privilégios de administrador para usar o TrueCrypt em modo viajante. Note também que, após um exame do registro do windows, pode ser possível determinar  que o TrueCrypt foi executado, mesmo que tenha sido executado em modo viajante.</string>
    <string lang="en" key="TC_TRAVELLER_DISK">TrueCrypt Traveller Disk</string>
    <string lang="pt-br" key="TWOFISH_HELP">Projetado por Bruce Schneier, John Kelsey, Doug Whiting, David Wagner, Chris Hall e Niels Ferguson. Publicado em 1998. Chaves de 256 bits, blocos de 128 bits. Modo de operação LRW. Twofish foi um dos finalistas do concurso de escolha do AES.</string>
    <string lang="en" key="MORE_INFO_ABOUT">More information on %hs</string>
    <string lang="pt-br" key="UNKNOWN">Desconhecido</string>
    <string lang="pt-br" key="ERR_UNKNOWN">Um erro desconhecido ocorreu.</string>
    <string lang="pt-br" key="UNKNOWN_DRIVER_CODE">O drives do dispositivo retornou um erro desconhecido, código = %d</string>
    <string lang="pt-br" key="UNMOUNTALL_LOCK_FAILED">Alguns discos contem arquivos ou pastas que estão  sendo usadas.\n\nDesmontar forçadamente?</string>
    <string lang="pt-br" key="UNMOUNT_BUTTON">&amp;Desmontar</string>
    <string lang="pt-br" key="UNMOUNT_FAILED">Falha ao desmontar!</string>
    <string lang="pt-br" key="UNMOUNT_LOCK_FAILED">Disco contém arquivos ou pastas que estão  sendo usadas.\n\nDesmontar forçadamente?</string>
    <string lang="pt-br" key="VOL_ALREADY_MOUNTED">O disco que voce está tebntando montar já está montado.</string>
    <string lang="pt-br" key="VOL_FORMAT_BAD">O formato do disco não foi reconhecido. O disco pode estar corrompido.</string>
    <string lang="pt-br" key="VOL_MOUNT_FAILED">Um erro ocorreu ao tentar montar o disco.</string>
    <string lang="pt-br" key="VOL_READING">Erro ao ler dados do disco.</string>
    <string lang="pt-br" key="VOL_SEEKING">Erro ao procurar a localização dentro do disco.</string>
    <string lang="pt-br" key="VOL_SIZE_WRONG">Erro: Tamanho do disco incorreto.</string>
    <string lang="pt-br" key="VOL_TOO_SMALL">O disco é muito pequeno - o disco não é válido.</string>
    <string lang="pt-br" key="VOL_WRITING">Erro ao escrever os dados no disco.</string>
    <string lang="pt-br" key="WARN_QUICK_FORMAT">AVISO: Voce somente deve usar a formatação rápida nos seguintes casos:\n\n1) O arquivo contém apenas dados aleatórios (por exemplo: o disco foi previamente criptografado)\n2) Voce irá usar todo o espaço disponível imediatamente\n3) Voce não está preocupado com a segurança dos dados (testes)</string>
    <string lang="pt-br" key="CONFIRM_SPARSE_FILE">O Conteiner dinamico é um arquivo NTFS esparso cujo tamanho físico (espaço em disco realmente usado) cresce a medida que novos dados são gravados.\n\nAVISO: O desempenho de discos hospedados em arquivos esparsos é significativamente menor que o desenpenho de discos normais. Disco hospedados em arquivos esparsos são também menos seguros porque permitem saber quais setores não foram usados. Além disto, se houver escrita num conteiner esparso e não houver espaço disponível no sistema de arquivos que o hospeda, o sistema de arquivos do disco cifrado pode ser corrompido.\n\nTem certeza de que quer criar um disco hospedado em um arquivo esparso?</string>
    <string lang="pt-br" key="SPARSE_FILE_SIZE_NOTE">Note que o tamanho do conteiner dinamico reportado pelo windows e pelo TrueCrypt será sempre igual ao seu tamanho máximo. Para descobrir o tamanho físico atual do conteiner (espaço realmente usado), clique com o botão direito no arquivo (no Windows Explorer) e selecione as suas propriedades.</string>
    <string lang="pt-br" key="WIPE_CACHE">As senhas armazenadas no cache do driver de dispositivo foram apagadas.</string>
    <string lang="pt-br" key="WRONG_VOL_TYPE">O TrueCrypt não pode mudar a senha de um disco externo.</string>
    <string lang="pt-br" key="SELECT_FREE_DRIVE">Favor celecionar uma letra de drive na lista.</string>
    <string lang="pt-br" key="SELECT_A_MOUNTED_VOLUME">Favor selecionar um disco montado na lista de letras de drive.</string>
    <string lang="pt-br" key="CANT_CREATE_AUTORUN">Erro: Impossível criar autorun.inf</string>
    <string lang="pt-br" key="ERR_PROCESS_KEYFILE">Erro enquanto processava o arquivo-chave!</string>
    <string lang="pt-br" key="ERR_PROCESS_KEYFILE_PATH">Erro enquanto processava o caminho de arquivos-chave!</string>
    <string lang="pt-br" key="UNSUPPORTED_OS">TrueCrypt não suporta esta sistema operacional.</string>
    <string lang="en" key="UNSUPPORTED_BETA_OS">Error: TrueCrypt supports only stable (non-beta) versions of this operating system.</string>
    <string lang="pt-br" key="ERR_MEM_ALLOC">Erro: Impossível de alocar memória.</string>
    <string lang="pt-br" key="ERR_PERF_COUNTER">Erro: Incapaz de recupera o valor do contador de desempenho.</string>
    <string lang="pt-br" key="ALL_FILES">Todos os Arquivos</string>
    <string lang="pt-br" key="TC_VOLUMES">Discos TrueCrypt</string>
    <string lang="pt-br" key="FORMAT_NTFS_STOP">A formatação do NTFS não pode continuar.</string>
    <string lang="pt-br" key="CANT_MOUNT_VOLUME">Incapaz de montar o disco.</string>
    <string lang="pt-br" key="CANT_DISMOUNT_VOLUME">Inpacaz de desmontar o disco.</string>
    <string lang="en" key="FORMAT_NTFS_FAILED">Windows failed to format the volume as NTFS.\n\nPlease select a different type of file system (if possible) and try again. Alternatively, you could leave the volume unformatted (select 'None' as the filesystem), exit this wizard, mount the volume, and then use either a system or a third-party tool to format the mounted volume (the volume will remain encrypted).</string>
    <string lang="pt-br" key="DEFAULT">Default</string>
    <string lang="pt-br" key="SECTOR">setor</string>
    <string lang="pt-br" key="BLOCK">bloco</string>
    <string lang="pt-br" key="PARTITION">Partição</string>
    <string lang="pt-br" key="PARTITION_LC">partição</string>
    <string lang="en" key="PARTITION_UPPER_CASE">PARTITION</string>
    <string lang="pt-br" key="DEVICE">Dispositivo</string>
    <string lang="pt-br" key="DEVICE_LC">dispositivo</string>
    <string lang="en" key="DEVICE_UPPER_CASE">DEVICE</string>
    <string lang="pt-br" key="CLUSTER_TOO_SMALL">O tamanho de cluster selecionado é muito pequeno para este tamanho de disco. Um tamanho maior será usado.</string>
    <string lang="pt-br" key="CANT_GET_VOLSIZE">Erro: Incapaz de determinar o tamanho do disco!\n\nGaranta que o disco selecionado não está sendo usado pelo sistema ou alguma aplicação.</string>
    <string lang="pt-br" key="HIDDEN_HOST_FAT_ONLY">Um disco escondido somente pode ser criado dentro de um disco FAT.\n\nPara mais informações, veja a documentação.</string>
    <string lang="en" key="HIDDEN_VOL_HOST_SPARSE">Hidden volumes shall not be created within dynamic (sparse file) containers. To achieve plausible deniability, the hidden volume shall be created within a regular volume.</string>
    <string lang="en" key="CANT_ACCESS_VOL">Error: Cannot access the volume!\n\nMake sure that the selected volume exists, that it is not mounted or being used by the system or an application, that you have read/write permission for the volume, and that it is not write-protected.</string>
    <string lang="pt-br" key="CANT_DISMOUNT_OUTER_VOL">Erro: Incapaz de desmontar o disco externo!\n\nUm disco não pode ser desmontado se contiver arquivos ou pastas que estiverem sendo usadas por algum programa ou pelo sistema.\n\nFavor fechar qualquer programa que possa estar usando estes arquivos ou diretórios do disco e clique em "Repetir".</string>
    <string lang="pt-br" key="CANT_LOCK_OUTER_VOL">Erro: Incapaz de adquirir lock do arquivo externo!\n\nUm disco não pode ser travado se contém arquivos ou pastas que estiverem sendo usadas por uma aplicação ou pelo sistema.\n\nFavor fechar qualquer programa que possa estar usando estes arquivos ou diretórios do disco e clique em "Repetir".\n\nAVISO: Se decidir ignorar este aviso, voce deve garantir que, depois de clicar "Ignorar", nenhum outro dado será escrito no disco até que ele seja desmontado. Se istop ocorrer a negação plausível do disco escondido pode ser afetada!</string>
    <string lang="pt-br" key="CANT_ACCESS_OUTER_VOL">Erro: Incapaz de acessar o disco externo! A criação do disco não pode continuar.</string>
    <string lang="pt-br" key="CANT_MOUNT_OUTER_VOL">Erro: Incapaz de montar o disco externo! A criação dos disco não pode continuar.</string>
    <string lang="pt-br" key="CANT_GET_CLUSTER_BITMAP">Erro: Incapaz de ler o bitmap de clusters! A criação dos disco não pode continuar.</string>
    <string lang="pt-br" key="ALPHABETICAL_CATEGORIZED">Alfabética/Por Categoria</string>
    <string lang="pt-br" key="MEAN_SPEED">Velocidade Média (Decresc.)</string>
    <string lang="pt-br" key="ALGORITHM">Algoritmo</string>
    <string lang="pt-br" key="ENCRYPTION">Cifrar</string>
    <string lang="pt-br" key="DECRYPTION">Decifrar</string>
    <string lang="pt-br" key="MEAN">Média</string>
    <string lang="pt-br" key="DRIVE">Drive</string>
    <string lang="pt-br" key="VOLUME">Disco</string>
    <string lang="pt-br" key="SIZE">Tamanho</string>
    <string lang="pt-br" key="ENCRYPTION_ALGORITHM">Algoritmo de Criptografia</string>
    <string lang="en" key="ENCRYPTION_ALGORITHM_LV">Encryption algorithm</string>
    <string lang="pt-br" key="TYPE">Tipo</string>
    <string lang="pt-br" key="VALUE">Valor</string>
    <string lang="pt-br" key="PROPERTY">Propriedades</string>
    <string lang="pt-br" key="LOCATION">Localização</string>
    <string lang="pt-br" key="BYTES">bytes</string>
    <string lang="pt-br" key="HIDDEN">Oculto</string>
    <string lang="pt-br" key="OUTER">Externo</string>
    <string lang="pt-br" key="NORMAL">Normal</string>
    <string lang="pt-br" key="READ_ONLY">Somente Leitura</string>
    <string lang="pt-br" key="HIDDEN_VOLUME">Disco Escondido</string>
    <string lang="pt-br" key="HID_VOL_DAMAGE_PREVENTED">Sim (danos evitados!)</string>
    <string lang="pt-br" key="NONE">Nenhum</string>
    <string lang="pt-br" key="ACTIVE">Ativo</string>
    <string lang="pt-br" key="KEY_SIZE">Tamanho da Chave</string>
    <string lang="pt-br" key="BITS">bits</string>
    <string lang="pt-br" key="BLOCK_SIZE">Tamanho do Bloco</string>
    <string lang="pt-br" key="MODE">Modo</string>
    <string lang="pt-br" key="PKCS5_PRF">PKCS-5 PRF</string>
    <string lang="pt-br" key="PKCS5_ITERATIONS">Contagem de Iterações do PKCS-5</string>
    <string lang="pt-br" key="VOLUME_CREATE_DATE">Disco Criado</string>
    <string lang="pt-br" key="VOLUME_HEADER_DATE">Última modificação do cabeçalho</string>
    <string lang="pt-br" key="VOLUME_HEADER_DAYS">(%I64d dias atrás)</string>
    <string lang="pt-br" key="FIRST_AVAILABLE">Primeiro disponível</string>
    <string lang="pt-br" key="REMOVABLE">Removível</string>
    <string lang="pt-br" key="HARDDISK">Disco Rígido</string>
    <string lang="pt-br" key="UNCHANGED">Não alterado</string>
    <string lang="en" key="AFTER_UPGRADE_RELEASE_NOTES">Do you want to view release notes for the current (latest stable) version of TrueCrypt?</string>
    <string lang="en" key="AFTER_INSTALL_TUTORIAL">If you have never used TrueCrypt before, we recommend that you read the chapter Beginner's Tutorial in the TrueCrypt User Guide. Do you want to view the tutorial?</string>
    <string lang="pt-br" key="SELECT_INSTALL_DIR">Favor selecionar o diretório de instalação</string>
    <string lang="pt-br" key="SETUP_ADMIN">Para instalar/desinstalar o TrueCrypt, voce deve ter privilégios de administrador. Deseja continuar?</string>
    <string lang="pt-br" key="INSTALL_FAILED">A instalação falhou!</string>
    <string lang="pt-br" key="UNINSTALL_FAILED">A desinstalação falhou!</string>
    <string lang="en" key="ROLLBACK">The installation has been rolled back.</string>
    <string lang="pt-br" key="INSTALL_OK">O TrueCrypt foi instalado com sucesso.</string>
    <string lang="en" key="UNINSTALL_OK">TrueCrypt has been successfully uninstalled.\n\nClick 'Finish' to remove the TrueCrypt installer and the folder %hs. Note that the folder will not be removed if it contains any files that were not installed by the TrueCrypt installer or created by TrueCrypt.</string>
    <string lang="en" key="REMOVING_REG">Removing TrueCrypt registry entries</string>
    <string lang="pt-br" key="ADDING_REG">Adicionando entrada no registro</string>
    <string lang="pt-br" key="REMOVING_APPDATA">Removendo dados específicos da aplicação</string>
    <string lang="en" key="INSTALLING">Installing</string>
    <string lang="pt-br" key="COPYING">Copiando</string>
    <string lang="pt-br" key="STOPPING">Parando</string>
    <string lang="pt-br" key="REMOVING">Removendo</string>
    <string lang="pt-br" key="SERVICE">Serviço</string>
    <string lang="pt-br" key="ADDING_ICON">Adicionando ícone</string>
    <string lang="pt-br" key="CREATING_SYS_RESTORE">Criando ponto de restauro do sistema</string>
    <string lang="pt-br" key="FAILED_SYS_RESTORE">Falha ao criar o ponto de restauro do sistema!</string>
    <string lang="pt-br" key="SYS_RESTORE_CREATED">Ponto de retauro do sistema criado</string>
    <string lang="pt-br" key="INSTALL_OF_FAILED">A instalação de '%hs' falhou. %hs Voce deseja continuar a instalação?</string>
    <string lang="pt-br" key="UNINSTALL_OF_FAILED">A desinstalação de '%hs' falhou. %hs Voce deseja continuar a instalação?</string>
    <string lang="pt-br" key="INSTALL_COMPLETED">Instalação concluída.</string>
    <string lang="pt-br" key="CANT_CREATE_FOLDER">A pasta '%hs' não pode ser criada</string>
    <string lang="en" key="CLOSE_TC_FIRST">The TrueCrypt device driver cannot be unloaded.\n\nPlease close all open TrueCrypt windows first. If it does not help, please restart Windows and then try again.</string>
    <string lang="en" key="DISMOUNT_ALL_FIRST">All TrueCrypt volumes must be dismounted before installing or uninstalling TrueCrypt.</string>
    <string lang="pt-br" key="REG_INSTALL_FAILED">A instalação das entradas do registro falharam</string>
    <string lang="en" key="DRIVER_INSTALL_FAILED">The installation of the device driver has failed. Please restart Windows and then try installing TrueCrypt again.</string>
    <string lang="pt-br" key="STARTING_DRIVER">Iniciando o driver de dispositivo do TrueCrypt</string>
    <string lang="pt-br" key="DRIVER_UINSTALL_FAILED">A desinstalação do driver de dispositivo falharam</string>
    <string lang="pt-br" key="INSTALLING_DRIVER">Instalando o driver de dispositivo do TrueCrypt</string>
    <string lang="pt-br" key="STOPPING_DRIVER">Parando o driver de dispositivo do TrueCrypt</string>
    <string lang="pt-br" key="REMOVING_DRIVER">Desinstalando o driver de dispositivo do TrueCrypt</string>
    <string lang="en" key="COM_REG_FAILED">Registration of the User Account Control support library failed.</string>
    <string lang="en" key="COM_DEREG_FAILED">Unregistration of the User Account Control support library failed.</string>
    <string lang="pt-br" key="OUTER_VOL_WRITE_PREVENTED">Externo(!)</string>
    <string lang="pt-br" key="DAYS">dias</string>
    <string lang="pt-br" key="HOURS">horas</string>
    <string lang="pt-br" key="MINUTES">minutos</string>
    <string lang="pt-br" key="SECONDS">s</string>
    <string lang="pt-br" key="OPEN">Abrir</string>
    <string lang="pt-br" key="DISMOUNT">Desmontar</string>
    <string lang="pt-br" key="SHOW_TC">Mostrar TrueCrypt</string>
    <string lang="pt-br" key="HIDE_TC">Ocultar TrueCrypt</string>
    <string lang="pt-br" key="TOTAL_DATA_READ">Dados lidos desde a montagem</string>
    <string lang="pt-br" key="TOTAL_DATA_WRITTEN">Dados escritos desde a montagem</string>
    <string lang="pt-br" key="FAVORITE_VOLUMES_SAVED">Discos Favoritos salvos.</string>
    <string lang="pt-br" key="ENTER_PASSWORD_FOR">Entre senha para %hs</string>
    <string lang="pt-br" key="KEYFILE_CREATED">O arquivo-chave foi criado com sucesso.</string>
    <string lang="en" key="VOL_HEADER_BACKED_UP">Volume header backup has been successfully created.\n\nIMPORTANT: Restoring the volume header using this backup will also restore the current volume password. Moreover, if keyfile(s) are/is necessary to mount the volume, the same keyfile(s) will be necessary to mount the volume again when the volume header is restored.\n\nWARNING: This volume header backup may be used to restore the header ONLY of this particular volume. If you use this header backup to restore a header of a different volume, you will be able to mount the volume, but you will NOT be able to decrypt any data stored in the volume (because you will change its master key).</string>
    <string lang="pt-br" key="VOL_HEADER_RESTORED">O cabeçalho do disco foi restaurado com sucesso.\n\nIMPORTANTE: Note que as senhas antigas foram restauras também. Além disto, se eram necessários arquivos-chave para montar o disco, os mesmos arquivos serão necessários novamente.</string>
    <string lang="pt-br" key="CONFIRM_VOL_HEADER_BAK">Tem certeza de que deseja criar uma cópia de segurança do cabeçalho do disco %hs?\n\nSe voce clicar 'Sim', voce deverá fornecer um nome de arquivo para a cópia de segurança.\n\nObs: Tanto o cabeçalho do disco quanto a área onde seriam armazenados os cabeçalhos de discos escondidos serão copiados, mesmo que não haja nenhum disco escondido. Ao restaurar o cabeçalho, voce poderá selecionar qual cabeçalho deve ser restaurado.</string>
    <string lang="pt-br" key="CONFIRM_VOL_HEADER_RESTORE">Tem certeza que deseja restaurar o cabeçalho do disco %hs?\n\nAVISO: Ao restaurar o cabeçalho de um disco, também é restaura a senha que era vélida no momento em que o cabeçalho foi copiado. Além disto, se eram necessários arquivos-chave para montar o disco, os mesmos arquivos serão necessários novamente.\n\nSe voce clicar 'Sim', voce deverá selecionar o arquivo com a cópia do cabeçalho.</string>
    <string lang="en" key="HEADER_RESTORE_TYPE">Please select the type of TrueCrypt volume whose header you want to restore:</string>
    <string lang="en" key="RESTORE_NORMAL_VOLUME_HEADER">Restore header of standard volume</string>
    <string lang="en" key="RESTORE_HIDDEN_VOLUME_HEADER">Restore header of hidden volume</string>
    <string lang="pt-br" key="CONFIRM_SAVE_FAVORITE_VOL">Salvar todos os discos atualmente montados e as letras de drive na lista de discos favoritos?\n\nObs: Se não houverem discos montados, a lista de discos favoritos será apagada.</string>
    <string lang="pt-br" key="DISMOUNT_FIRST">Favor desmontar o disco antes de prosseguir.</string>
    <string lang="pt-br" key="IDPM_CHECK_FILESYS">Verificar o Sistema de Arquivos</string>
    <string lang="pt-br" key="IDPM_REPAIR_FILESYS">Recuperar o Sistema de Arquivos</string>
    <string lang="pt-br" key="IDPM_PROPERTIES">P&amp;ropriedades</string>
    <string lang="pt-br" key="HIDDEN_VOL_PROTECTION">Disco Escondido Protegido</string>
    <string lang="pt-br" key="N_A_UISTR">N/D</string>
    <string lang="pt-br" key="UISTR_YES">Sim</string>
    <string lang="pt-br" key="UISTR_NO">Não</string>
    <string lang="pt-br" key="MODE_OF_OPERATION">Modo de Operação</string>
    <string lang="pt-br" key="UNSUPPORTED_CHARS_IN_PWD">Erro: A senha deve conter apenas caracteres ASCII.\n\nCaracteres diferentes podem impossibilitar a montagem dos disco  quando as configurações do seus sistema forem alteradas.\n\nOs seguinte caracteres são permitidos:\n\n ! " # $ % &amp; ' ( ) * + , - . / 0 1 2 3 4  5 6 7 8 9 : ; &lt; = &gt; ? @ A B C D E F  G H I J K L M N O P Q R S T U V W X  Y Z [ \\ ] ^ _ ` a b c d e f g h i j k l m  n o p q r s t u v w k y z { | } ~</string>
    <string lang="pt-br" key="UNSUPPORTED_CHARS_IN_PWD_RECOM">AVISO: A senha contém caracteres não-ASCII. Isto pode impossibilitar a montagem do volume quando as configurações do seus sistema mudarem.\n\nVoce deveria substituir todos os caracteres não-ASCII na senha por caracteres ASCII. Para faze-lo, clique em 'Discos' -&gt; 'Alterar a Senha do Disco'.\n\nOs caracteres ASCII são:\n\n ! " # $ % &amp; ' ( ) * + , - . / 0 1 2 3 4  5 6 7 8 9 : ; &lt; = &gt; ? @ A B C D E F  G H I J K L M N O P Q R S T U V W X  Y Z [ \\ ] ^ _ ` a b c d e f g h i j k l m  n o p q r s t u v w k y z { | } ~</string>
    <string lang="en" key="EXE_FILE_EXTENSION_CONFIRM">WARNING: We recommend that you avoid file extensions that are used for executable files (such as .exe, .sys, or .dll). Using such file extensions often causes Windows and antivirus software to interfere with the container, which adversely affects the performance of the volume and may also cause other serious problems.\n\nContinue?</string>
    <string lang="en" key="EXE_FILE_EXTENSION_MOUNT_WARNING">WARNING: This container has a file extension that is used for executable files (such as .exe, .sys, or .dll). It will very likely cause Windows and antivirus software to interfere with the container, which will adversely affect the performance of the volume and may also cause other serious problems.\n\nWe recommend that you change or remove the file extension of the container (after you dismount the volume).</string>
    <string lang="pt-br" key="HOMEPAGE">Sítio na Internet</string>
    <string lang="pt-br" key="LARGE_IDE_WARNING_XP">AVISO: Parece que voce não aplicou os Service Packs no Windows. Voce não deve escrever em discos IDE maiores que 128 GB em um Windows XP sem o Service Pack 1 ou superior! Se o fizer, os dados no disco podem ser corrompidos Note que esta é uma limitação do windows, não um bug no TrueCrypt.</string>
    <string lang="pt-br" key="LARGE_IDE_WARNING_2K">AVISO: Parece que voce não aplicou o Service Pack 3 ou superior no seu Windows. Voce não deve escrever em discos IDE maiores que 128 GB em um Windows 2000 sem o Service Pack 3 ou superior! Se o fizer, os dados no disco podem ser corrompidos Note que esta é uma limitação do windows, não um bug no TrueCrypt.\n\nObs: Voce pode ter de habilitar o LBA de 48 bits no regsitro do Windows; para maiores informações, veja http://support.microsoft.com/kb/305098/EN-US</string>
    <string lang="en" key="LARGE_IDE_WARNING_2K_REGISTRY">WARNING: 48-bit LBA ATAPI support is disabled on your system. Therefore, you should not write to IDE disks larger than 128 GB! If you do, data on the disk (no matter if it is a TrueCrypt volume or not) may get corrupted. Note that this is a limitation of Windows, not a limitation of TrueCrypt.\n\nTo enable the 48-bit LBA support, add the 'EnableBigLba' registry value in the registry key HKEY_LOCAL_MACHINE\\SYSTEM\\CurrentControlSet\\Services\\atapi\\Parameters and set it to 1.\n\nFor more information, see http://support.microsoft.com/kb/305098</string>
    <string lang="en" key="VOLUME_TOO_LARGE_FOR_FAT32">Error: Files larger than 4 GB cannot be stored on a FAT32 file system. Therefore, file-hosted TrueCrypt volumes (containers) stored on a FAT32 file system cannot be larger than 4 GB.\n\nIf you need a larger volume, create it on an NTFS file system or, instead of creating a file-hosted volume, encrypt a partition.</string>
    <string lang="pt-br" key="FREE_SPACE_FOR_WRITING_TO_OUTER_VOLUME">AVISO: Se voce necessitar de adicionar mais arquivos no disco externo, voce deve considerar a possibilidade de escolher um tamanho menor para o disco escondido.\n\nTem certeza que deseja continuar com o tamanho especificado?</string>
    <string lang="pt-br" key="NO_VOLUME_SELECTED">Nenhum disco selecionado.\n\nClique em 'Selecionar Dispositivo' or 'Selecionar arquivo' para selecionar um disco TrueCrypt.</string>
    <string lang="pt-br" key="CONFIRM_SAVE_DEFAULT_KEYFILES">Tem certeza de que deseja usar os arquivos-chave (diretórios) selecionados com padrão?\n\nAVISO: Se os arquivos-chave padrão estiverem habilitados, discos que não usarem estes arquivos não poderão ser montados. Lembre-se de desmarcar a caixa de 'Usar Arquivos-Chave' sempre que for montar estes discos.</string>
    <string lang="pt-br" key="HK_AUTOMOUNT_DEVICES">Auto-Montar Dispositivos</string>
    <string lang="pt-br" key="HK_DISMOUNT_ALL">Desmontar Todos</string>
    <string lang="en" key="HK_WIPE_CACHE">Wipe Cache</string>
    <string lang="pt-br" key="HK_FORCE_DISMOUNT_ALL_AND_WIPE">Forçar Desmontar Todos &amp; Limpar Cache</string>
    <string lang="pt-br" key="HK_FORCE_DISMOUNT_ALL_AND_WIPE_AND_EXIT">Forçar Desmontar Todos, Limpar Cache &amp; Sair</string>
    <string lang="pt-br" key="HK_MOUNT_FAVORITE_VOLUMES">Montar Disco Favoritos</string>
    <string lang="pt-br" key="HK_SHOW_HIDE_MAIN_WINDOW">Mostrar/Esconder a janela do TrueCrypt</string>
    <string lang="pt-br" key="PRESS_A_KEY_TO_ASSIGN">(Clique aqui e aperte qualuqer tecla)</string>
    <string lang="pt-br" key="ACTION">Ação</string>
    <string lang="pt-br" key="SHORTCUT">Atalho</string>
    <string lang="pt-br" key="CANNOT_USE_RESERVED_KEY">Erro: Este atalho está reservado. FAvor escolher um atalho diferente.</string>
    <string lang="pt-br" key="SHORTCUT_ALREADY_IN_USE">Erro: Atalho em uso.</string>
    <string lang="en" key="HOTKEY_REGISTRATION_ERROR">WARNING: One or more TrueCrypt system-wide hot keys will not work!\n\nPlease make sure that other applications and the operating system do not use the same shortcut(s) as TrueCrypt.</string>
    <string lang="en" key="MOUNTED_VOLUMES_DISMOUNTED">All mounted TrueCrypt volumes have been dismounted.</string>
    <string lang="en" key="MOUNTED_VOLUMES_AUTO_DISMOUNTED">All mounted TrueCrypt volumes have been auto-dismounted.\n\nNote: You can disable or configure auto-dismount in the 'Auto-Dismount' section of the Preferences window (select Settings -&gt; Preferences).</string>
    <string lang="pt-br" key="DISMOUNT_ALL_ATTEMPT_COMPLETED">Tentativa de desmontar todos os discos TrueCrypt montados concluída.</string>
    <string lang="pt-br" key="VOLUMES_DISMOUNTED_CACHE_WIPED">Todos os discos TrueCrypt montados foram desmontados e o cache de senhas foi apagado.</string>
    <string lang="en" key="CONFIRM_TIMESTAMP_UPDATING">WARNING: If timestamps are not preserved, plausible deniability may be adversely affected!\n\nAre you sure you do not want container timestamps to be preserved?</string>
    <string lang="en" key="CONFIRM_BACKGROUND_TASK_DISABLED">WARNING: If the TrueCrypt Background Task is disabled, the following functions will be disabled whenever you exit TrueCrypt:\n\n1) Hot keys\n2) Auto-dismount (e.g., upon log off, inadvertent host device removal, time-out, etc.)\n3) Notifications (e.g., when damage to hidden volume is prevented)\n4) Tray icon\n\nNote: You may shut down the Background Task anytime by right-clicking the TrueCrypt tray icon and selecting 'Exit'.\n\nAre you sure you want to disable the TrueCrypt Background Task?</string>
    <string lang="pt-br" key="CONFIRM_NO_FORCED_AUTODISMOUNT">AVISO: Se esta opção for desabilitada, discos contendo arquivos ou diretórios abertos não poderão ser auto-desmontados.\n\nTem certeza de que quer desabilitar esta opção?</string>
    <string lang="pt-br" key="WARN_PREF_AUTO_DISMOUNT">AVISO: Discos contendo arquivos ou diretórios abertos NÃO serão auto-desmontados.\n\nPara evitar isto, habilite a seguinte opção nesta janela: 'Forçar auto-demonte mesmo que o disco contenha arquivos ou diretórios abertos'</string>
    <string lang="en" key="CONFIRM_EXIT">WARNING: If TrueCrypt exits now, the following functions will be disabled:\n\n1) Hot keys\n2) Auto-dismount (e.g., upon log off, inadvertent host device removal, time-out, etc.)\n3) Notifications (e.g., when damage to hidden volume is prevented)\n\nNote: If you do not wish TrueCrypt to continue running in background after you close its window, disable the Background Task in the Preferences.\n\nAre you sure you want TrueCrypt to exit?</string>
    <string lang="pt-br" key="HIDVOL_PROT_BKG_TASK_WARNING">AVISO: A tarefa em Background do TrueCrypt está desabilitada. Depois de sair do TrueCrypt, voce não será notificado se algum dano a um arquivo escondido for evitado.\n\nObs: Voce pode parar a tarefa em Background a qualquer momento clicando com o botão direito no ícono do TrueCrypt no tray e selecionando 'Sair'.\n\nHabilitar a tarefa TrueCrypt em Background?</string>
    <string lang="pt-br" key="LANG_PACK_VERSION">Versão da Tradução: %s</string>
    <string lang="pt-br" key="CHECKING_FS">Verificando o sistema de arquivos do disco TrueCrypt montado como %hs...</string>
    <string lang="pt-br" key="REPAIRING_FS">Tentando reparar o sistema de arquivos do disco TrueCrypt montado como %hs...</string>
    <string lang="en" key="WARN_64_BIT_BLOCK_CIPHER">Warning: This volume is encrypted with a legacy encryption algorithm.\n\nAll 64-bit-block encryption algorithms (e.g., Blowfish, CAST-128, or Triple DES) are deprecated. It will be possible to mount this volume using future versions of TrueCrypt. However, there will be no further enhancements to the implementations of these legacy encryption algorithms. We recommend that you create a new TrueCrypt volume encrypted with a 128-bit-block encryption algorithm (e.g., AES, Serpent, Twofish, etc.) and that you move all files from this volume to the new volume.</string>
    <string lang="pt-br" key="SYS_AUTOMOUNT_DISABLED">Seu sistema não está configurado para auto-montar novos volumes. Pode ser impossível montar um disco TrueCrypt baseado em dispositivo. A opçao de auto-mount pode ser habilitada com a execução do seguinte comando e um reinício do sistema.\n\nmountvol.exe /E</string>
    <string lang="en" key="SYS_ASSIGN_DRIVE_LETTER">Please assign a drive letter to the partition/device before proceeding ('Control Panel' &gt; 'System and Maintenance' &gt; 'Administrative Tools' - 'Create and format hard disk partitions').\n\nNote that this is a requirement of the operating system.</string>
    <string lang="en" key="MOUNT_TC_VOLUME">Mount TrueCrypt volume</string>
    <string lang="en" key="DISMOUNT_ALL_TC_VOLUMES">Dismount all TrueCrypt volumes</string>
    <string lang="en" key="UAC_INIT_ERROR">TrueCrypt failed to obtain Administrator privileges.</string>
    <string lang="en" key="ERR_ACCESS_DENIED">Access was denied by the operating system.\n\nPossible cause: The operating system requires that you have read/write permission (or administrator privileges) for certain folders, files, and devices, in order for you to be allowed to read and write data to/from them. Normally, a user without administrator privileges is allowed to create, read and modify files in his or her Documents folder.</string>
    <string lang="en" key="LARGE_SECTOR_UNSUPPORTED">Error: The selected device uses a sector size other than 512 bytes.\n\nIt is currently not possible to create device-hosted volumes on devices that use a sector size other than 512 bytes. However, note that you can create a file-hosted volume (container) on this device.</string>
    <string lang="pt-br" key="KEYFILE">Arquivo-Chave</string>
    <string lang="en" key="VOLUME_LABEL">Name</string>
    <string lang="pt-br" key="VKEY_08">Backspace</string>
    <string lang="pt-br" key="VKEY_09">Tab</string>
    <string lang="pt-br" key="VKEY_0C">Clear</string>
    <string lang="pt-br" key="VKEY_0D">Enter</string>
    <string lang="pt-br" key="VKEY_13">Pause</string>
    <string lang="pt-br" key="VKEY_14">Caps Lock</string>
    <string lang="pt-br" key="VKEY_20">Spacebar</string>
    <string lang="pt-br" key="VKEY_21">Page Up</string>
    <string lang="pt-br" key="VKEY_22">Page Down</string>
    <string lang="pt-br" key="VKEY_23">End</string>
    <string lang="pt-br" key="VKEY_24">Home</string>
    <string lang="pt-br" key="VKEY_25">Seta para esquerda</string>
    <string lang="pt-br" key="VKEY_26">Seta para cima</string>
    <string lang="pt-br" key="VKEY_27">Seta para direita</string>
    <string lang="pt-br" key="VKEY_28">Seta para baixo</string>
    <string lang="pt-br" key="VKEY_29">Tecla Select</string>
    <string lang="pt-br" key="VKEY_2A">Tecla Print</string>
    <string lang="pt-br" key="VKEY_2B">Tecla Execute</string>
    <string lang="pt-br" key="VKEY_2C">Print Screen</string>
    <string lang="pt-br" key="VKEY_2D">Insert</string>
    <string lang="pt-br" key="VKEY_2E">Delete</string>
    <string lang="pt-br" key="VKEY_5D">Tecla Aplicações</string>
    <string lang="pt-br" key="VKEY_5F">Sleep</string>
    <string lang="pt-br" key="VKEY_90">Num Lock</string>
    <string lang="pt-br" key="VKEY_91">Scroll Lock</string>
    <string lang="pt-br" key="VKEY_A6">Browser Voltar</string>
    <string lang="pt-br" key="VKEY_A7">Browser Avançar</string>
    <string lang="pt-br" key="VKEY_A8">Browser Recarregar</string>
    <string lang="pt-br" key="VKEY_A9">Browser Parar</string>
    <string lang="pt-br" key="VKEY_AA">Browser Pesquisar</string>
    <string lang="pt-br" key="VKEY_AB">Browser Favoritos</string>
    <string lang="pt-br" key="VKEY_AC">Browser Home</string>
    <string lang="pt-br" key="VKEY_AD">Mudo</string>
    <string lang="pt-br" key="VKEY_AE">Volume -</string>
    <string lang="pt-br" key="VKEY_AF">Volume +</string>
    <string lang="pt-br" key="VKEY_B0">Próxima Trilha</string>
    <string lang="pt-br" key="VKEY_B1">Trilha Anterior</string>
    <string lang="pt-br" key="VKEY_B2">Parar</string>
    <string lang="pt-br" key="VKEY_B3">Tocar/Pausa</string>
    <string lang="pt-br" key="VKEY_B4">Tecla Iniciar Email</string>
    <string lang="pt-br" key="VKEY_B5">Tecla Selecionar Mídia</string>
    <string lang="pt-br" key="VKEY_B6">Aplicação 1</string>
    <string lang="pt-br" key="VKEY_B7">Aplicação 2</string>
    <string lang="pt-br" key="VKEY_F6">Attn</string>
    <string lang="pt-br" key="VKEY_F7">CrSel</string>
    <string lang="pt-br" key="VKEY_F8">ExSel</string>
    <string lang="pt-br" key="VKEY_FA">Play</string>
    <string lang="pt-br" key="VKEY_FB">Zoom</string>
    <string lang="pt-br" key="VK_NUMPAD">NumPad</string>
    <string lang="pt-br" key="VK_SHIFT">Shift</string>
    <string lang="pt-br" key="VK_CONTROL">Control</string>
    <string lang="pt-br" key="VK_ALT">Alt</string>
    <string lang="pt-br" key="VK_WIN">Win</string>
    <string lang="pt-br" key="BYTE">B</string>
    <string lang="pt-br" key="KB">KB</string>
    <string lang="pt-br" key="MB">MB</string>
    <string lang="pt-br" key="GB">GB</string>
    <string lang="pt-br" key="TB">TB</string>
    <string lang="pt-br" key="PB">PB</string>
    <string lang="pt-br" key="B_PER_SEC">B/s</string>
    <string lang="pt-br" key="KB_PER_SEC">KB/s</string>
    <string lang="pt-br" key="MB_PER_SEC">MB/s</string>
    <string lang="pt-br" key="GB_PER_SEC">GB/s</string>
    <string lang="pt-br" key="TB_PER_SEC">TB/s</string>
    <string lang="pt-br" key="PB_PER_SEC">PB/s</string>
  </localization>
</TrueCrypt>
