﻿<?xml version="1.0" encoding="utf-8"?>
<TrueCrypt>
  <localization prog-version="4.3a">
    <!-- Languages -->
    <language langid="zh-tw" name="繁體中文" en-name="Chinese (Traditional)" version="0.1.1" translators="Simon Ma" />
    <!-- Fonts -->
    <font lang="zh-tw" class="normal" size="11" face="Tahoma" />
    <font lang="zh-tw" class="bold" size="14" face="Tahoma" />
    <font lang="zh-tw" class="fixed" size="14" face="MingLiU" />
    <font lang="zh-tw" class="title" size="21" face="Tahoma" />
    <!-- Controls -->
    <control lang="zh-tw" key="IDCANCEL">取消</control>
    <control lang="zh-tw" key="IDC_ALL_USERS">為所有用戶安裝</control>
    <control lang="zh-tw" key="IDC_BROWSE">瀏覽(&amp;B)...</control>
    <control lang="zh-tw" key="IDC_DESKTOP_ICON">在桌面新增 TrueCrypt 圖示(&amp;D)</control>
    <control lang="zh-tw" key="IDC_FILE_TYPE">關聯“.tc”檔案副檔名到 TrueCrypt(&amp;E)</control>
    <control lang="zh-tw" key="IDC_INSTALL">安裝(&amp;I)</control>
    <control lang="zh-tw" key="IDC_PROG_GROUP">建立 TrueCrypt 的開始功能表項目(&amp;S)</control>
    <control lang="zh-tw" key="IDC_SYSTEM_RESTORE">建立系統還原點(&amp;R)</control>
    <control lang="zh-tw" key="IDC_UNINSTALL">移除(&amp;U)</control>
    <control lang="zh-tw" key="IDD_INSTALL">TrueCrypt 安裝</control>
    <control lang="zh-tw" key="IDD_UNINSTALL">移除 TrueCrypt</control>
    <control lang="zh-tw" key="IDT_INSTALL_DIR">安裝到(&amp;T)：</control>
    <control lang="zh-tw" key="IDT_INSTALL_OPTIONS">安裝選項</control>
    <control lang="zh-tw" key="IDT_UNINSTALL_DIR">從以下位置移除 TrueCrypt(&amp;O)：</control>
    <control lang="zh-tw" key="IDC_ABORT_BUTTON">放棄</control>
    <control lang="zh-tw" key="IDC_CIPHER_TEST">測試(&amp;T)</control>
    <control lang="zh-tw" key="IDC_HIDDEN_VOL">建立隱藏的 TrueCrypt 加密區(&amp;D) </control>
    <control lang="zh-tw" key="IDC_HIDDEN_VOL_HELP">甚麼是隱藏加密區？</control>
    <control lang="zh-tw" key="IDC_HIDVOL_WIZ_MODE_DIRECT">在已有的 TrueCrypt 加密區中建立隱藏加密區(&amp;D)</control>
    <control lang="zh-tw" key="IDC_HIDVOL_WIZ_MODE_FULL">先建立一個加密區，然後在它的裡面建立隱藏加密區</control>
    <control lang="zh-tw" key="IDC_KB">KB(&amp;K)</control>
    <control lang="zh-tw" key="IDC_KEYFILES_ENABLE">使用金鑰檔(&amp;S)</control>
    <control lang="zh-tw" key="IDC_KEY_FILES">金鑰檔案(&amp;K)..</control>
    <control lang="zh-tw" key="IDC_LINK_HASH_INFO">關於混雜演算法的更多資訊</control>
    <control lang="en" key="IDC_LINK_MORE_INFO_ABOUT_CIPHER">More information</control>
    <control lang="zh-tw" key="IDC_MB">MB(&amp;M)</control>
    <control lang="zh-tw" key="IDC_NO_HISTORY">從不保留歷史記錄(&amp;S)</control>
    <control lang="zh-tw" key="IDC_OPEN_OUTER_VOLUME">打開外層加密區</control>
    <control lang="zh-tw" key="IDC_QUICKFORMAT">快速格式化</control>
    <control lang="zh-tw" key="IDC_SELECT_DEVICE">選擇裝置(&amp;E)...</control>
    <control lang="zh-tw" key="IDC_SELECT_FILE">選擇檔案(&amp;F)...</control>
    <control lang="zh-tw" key="IDC_SHOW_PASSWORD">顯示密碼(&amp;D)</control>
    <control lang="zh-tw" key="IDC_SHOW_PASSWORD_HIDVOL_HOST">顯示密碼(&amp;D)</control>
    <control lang="zh-tw" key="IDC_STD_VOL">建立標準 TrueCrypt 加密區</control>
    <control lang="zh-tw" key="IDC_WIZ_BENCHMARK">基準測試(&amp;B)</control>
    <control lang="zh-tw" key="IDD_MKFS_DLG">TrueCrypt 加密區建立精靈</control>
    <control lang="zh-tw" key="IDHELP">說明(&amp;H)</control>
    <control lang="zh-tw" key="IDT_CLUSTER">簇</control>
    <control lang="zh-tw" key="IDT_CONFIRM">確定(&amp;C)：</control>
    <control lang="zh-tw" key="IDT_DONE">完成</control>
    <control lang="zh-tw" key="IDT_ENCRYPTION_ALGO">加密演算法</control>
    <control lang="zh-tw" key="IDT_FILESYSTEM">檔案系統 </control>
    <control lang="zh-tw" key="IDT_FORMAT_OPTIONS">選項</control>
    <control lang="zh-tw" key="IDT_HASH_ALGO">雜湊演算法</control>
    <control lang="zh-tw" key="IDT_HEADER_KEY">首金鑰：</control>
    <control lang="zh-tw" key="IDT_LEFT">剩餘</control>
    <control lang="zh-tw" key="IDT_MASTER_KEY">主金鑰：</control>
    <control lang="zh-tw" key="IDT_PASSWORD">密碼：</control>
    <control lang="zh-tw" key="IDT_RANDOM_POOL">隨機緩衝：</control>
    <control lang="zh-tw" key="IDT_SPEED">速度</control>
    <control lang="zh-tw" key="IDCLOSE">關閉</control>
    <control lang="zh-tw" key="IDC_AUTORUN_DISABLE">甚麼也不做</control>
    <control lang="zh-tw" key="IDC_AUTORUN_MOUNT">自動載入 TrueCrypt 加密區(&amp;A)(以下指定的)</control>
    <control lang="zh-tw" key="IDC_AUTORUN_START">運行 TrueCrypt(&amp;S)</control>
    <control lang="zh-tw" key="IDC_BROWSE_DIRS">瀏覽...</control>
    <control lang="zh-tw" key="IDC_BROWSE_FILES">瀏覽...</control>
    <control lang="zh-tw" key="IDC_CACHE">在記憶體中緩存密碼和金鑰檔(&amp;A)</control>
    <control lang="zh-tw" key="IDC_CLOSE_BKG_TASK_WHEN_NOVOL">無載入的加密區時結束</control>
    <control lang="zh-tw" key="IDC_COPY_WIZARD">包含 TrueCrypt 加密區建立精靈</control>
    <control lang="zh-tw" key="IDC_CREATE">建立</control>
    <control lang="zh-tw" key="IDC_CREATE_VOLUME">建立加密區(&amp;C)</control>
    <control lang="zh-tw" key="IDC_DISMOUNT_CONFIRM_MSG_BOX">卸載加密區後顯示確定資訊</control>
    <control lang="zh-tw" key="IDC_DISMOUNT_CONFIRM_PLAY_SOUND">載入或卸載加密區後播放系統提示音</control>
    <control lang="zh-tw" key="IDC_ENABLE_KEYFILES">使用金鑰檔</control>
    <control lang="zh-tw" key="IDC_ENABLE_NEW_KEYFILES">使用金鑰檔</control>
    <control lang="zh-tw" key="IDC_EXIT">結束(&amp;X)</control>
    <control lang="zh-tw" key="IDC_HK_MOD_ALT">Alt</control>
    <control lang="zh-tw" key="IDC_HK_MOD_CTRL">Control</control>
    <control lang="zh-tw" key="IDC_HK_MOD_SHIFT">Shift</control>
    <control lang="zh-tw" key="IDC_HK_MOD_WIN">Win</control>
    <control lang="zh-tw" key="IDC_HOTKEY_ASSIGN">指定</control>
    <control lang="zh-tw" key="IDC_HOTKEY_REMOVE">移除</control>
    <control lang="zh-tw" key="IDC_KEYFILES">金鑰檔案...</control>
    <control lang="zh-tw" key="IDC_MOUNTALL">自動載入裝置(&amp;A)</control>
    <control lang="zh-tw" key="IDC_MOUNT_OPTIONS">載入選項(&amp;A)...</control>
    <control lang="zh-tw" key="IDC_MOUNT_READONLY">以唯讀模式載入加密區(&amp;O)</control>
    <control lang="zh-tw" key="IDC_NEW_KEYFILES">金鑰檔案...</control>
    <control lang="zh-tw" key="IDC_PREFS_HOTKEY_SETTINGS">熱鍵設定...</control>
    <control lang="zh-tw" key="IDC_PREFS_KEYFILE_SETTINGS">預設金鑰檔案...</control>
    <control lang="zh-tw" key="IDC_PREF_BKG_TASK_ENABLE">啟用</control>
    <control lang="zh-tw" key="IDC_PREF_CACHE_PASSWORDS">在驅動記憶體中緩存密碼</control>
    <control lang="zh-tw" key="IDC_PREF_CLOSE_DISMOUNTED_WINDOWS">加密區卸載時關閉所有使用它的瀏覽器視窗</control>
    <control lang="zh-tw" key="IDC_PREF_DISMOUNT_INACTIVE">自動卸載加密區，在無數據讀寫活動以下時間後</control>
    <control lang="zh-tw" key="IDC_PREF_DISMOUNT_LOGOFF">用戶登出時</control>
    <control lang="zh-tw" key="IDC_PREF_DISMOUNT_POWERSAVING">進入省電模式時</control>
    <control lang="zh-tw" key="IDC_PREF_DISMOUNT_SCREENSAVER">螢幕保護裝置載入時</control>
    <control lang="zh-tw" key="IDC_PREF_FORCE_AUTO_DISMOUNT">強行自動卸載，無論加密區是否有被使用中的檔或目錄</control>
    <control lang="zh-tw" key="IDC_PREF_LOGON_MOUNT_DEVICES">載入所有裝置類 TrueCrypt 加密區</control>
    <control lang="zh-tw" key="IDC_PREF_LOGON_MOUNT_FAVORITES">載入喜愛的加密區</control>
    <control lang="zh-tw" key="IDC_PREF_LOGON_START">啟動 TrueCrypt</control>
    <control lang="zh-tw" key="IDC_PREF_MOUNT_READONLY">以唯讀模式載入加密區</control>
    <control lang="zh-tw" key="IDC_PREF_MOUNT_REMOVABLE">以可移動媒體模式載入加密區</control>
    <control lang="zh-tw" key="IDC_PREF_OPEN_EXPLORER">為成功載入的加密區打開瀏覽器視窗</control>
    <control lang="zh-tw" key="IDC_PREF_WIPE_CACHE_ON_AUTODISMOUNT">自動卸載時清除緩存的密碼</control>
    <control lang="zh-tw" key="IDC_PREF_WIPE_CACHE_ON_EXIT">結束時清除緩存的密碼</control>
    <control lang="en" key="IDC_PRESERVE_TIMESTAMPS">Preserve timestamps of file containers</control>
    <control lang="zh-tw" key="IDC_RESET_HOTKEYS">重置</control>
    <control lang="zh-tw" key="IDC_SHOW_PASSWORD_CHPWD_NEW">顯示密碼</control>
    <control lang="zh-tw" key="IDC_SHOW_PASSWORD_CHPWD_ORI">顯示密碼</control>
    <control lang="zh-tw" key="IDC_TRAVEL_OPEN_EXPLORER">為載入的加密區打開檔案總管視窗(&amp;E)</control>
    <control lang="zh-tw" key="IDC_TRAV_CACHE_PASSWORDS">在動態記憶體中緩存密碼(&amp;C)</control>
    <control lang="zh-tw" key="IDC_UNMOUNTALL">全部卸載(&amp;S)</control>
    <control lang="zh-tw" key="IDC_VOLUME_PROPERTIES">加密區內容(&amp;V)...</control>
    <control lang="zh-tw" key="IDC_VOLUME_TOOLS">加密區工具(&amp;T)...</control>
    <control lang="zh-tw" key="IDC_WIPE_CACHE">清除緩存(&amp;W)</control>
    <control lang="zh-tw" key="IDD_HOTKEYS_DLG">TrueCrypt - 系統熱鍵</control>
    <control lang="zh-tw" key="IDD_MOUNT_DLG">TrueCrypt</control>
    <control lang="zh-tw" key="IDD_PASSWORDCHANGE_DLG">修改加密區密碼和金鑰檔</control>
    <control lang="zh-tw" key="IDD_PASSWORD_DLG">輸入 TrueCrypt 加密區密碼</control>
    <control lang="zh-tw" key="IDD_PREFERENCES_DLG">TrueCrypt - 參數選擇</control>
    <control lang="zh-tw" key="IDD_TRAVELLER_DLG">TrueCrypt 便攜版設定</control>
    <control lang="zh-tw" key="IDD_VOLUME_PROPERTIES">TrueCrypt 加密區內容</control>
    <control lang="zh-tw" key="IDM_ABOUT">關於 TrueCrypt...</control>
    <control lang="zh-tw" key="IDM_ADD_REMOVE_VOL_KEYFILES">新增或移除金鑰檔案...</control>
    <control lang="zh-tw" key="IDM_BACKUP_VOL_HEADER">備份加密區頭資訊...</control>
    <control lang="zh-tw" key="IDM_BENCHMARK">基準測試...</control>
    <control lang="zh-tw" key="IDM_BUGREPORT">報告錯誤(線上)...</control>
    <control lang="zh-tw" key="IDM_CHANGE_HEADER_KEY_DERIV_ALGO">設定首金鑰得出演算法...</control>
    <control lang="zh-tw" key="IDM_CHANGE_PASSWORD">更改加密區密碼...</control>
    <control lang="zh-tw" key="IDM_CLEAR_HISTORY">清除加密區歷史記錄</control>
    <control lang="zh-tw" key="IDM_CONTACT">聯絡作者(線上)...</control>
    <control lang="zh-tw" key="IDM_CREATE_VOLUME">建立新的加密區...</control>
    <control lang="zh-tw" key="IDM_DEFAULT_KEYFILES">預設金鑰檔案...</control>
    <control lang="zh-tw" key="IDM_DONATIONS">捐助...</control>
    <control lang="zh-tw" key="IDM_EXIT">結束</control>
    <control lang="zh-tw" key="IDM_FAQ">常見問題(線上)</control>
    <control lang="zh-tw" key="IDM_FORUMS">軟件論壇(線上)</control>
    <control lang="zh-tw" key="IDM_GENERATE_KEYFILE">產生隨機金鑰檔案...</control>
    <control lang="zh-tw" key="IDM_HELP">使用者指南</control>
    <control lang="zh-tw" key="IDM_HOMEPAGE">主頁(線上)(&amp;H) </control>
    <control lang="zh-tw" key="IDM_HOTKEY_SETTINGS">系統熱鍵...</control>
    <control lang="zh-tw" key="IDM_KEYFILE_GENERATOR">金鑰檔案產生器</control>
    <control lang="zh-tw" key="IDM_LANGUAGE">語言選擇...</control>
    <control lang="zh-tw" key="IDM_LICENSE">法律聲明(線上)</control>
    <control lang="zh-tw" key="IDM_MOUNTALL">自動載入全部裝置類的加密區</control>
    <control lang="zh-tw" key="IDM_MOUNT_FAVORITE_VOLUMES">載入喜愛的加密區</control>
    <control lang="zh-tw" key="IDM_MOUNT_VOLUME">載入選擇的加密區</control>
    <control lang="zh-tw" key="IDM_MOUNT_VOLUME_OPTIONS">根據選項載入加密區</control>
    <control lang="zh-tw" key="IDM_NEWS">軟件新聞(線上)</control>
    <control lang="zh-tw" key="IDM_ONLINE_HELP">線上說明(線上)</control>
    <control lang="zh-tw" key="IDM_ONLINE_TUTORIAL">用戶精靈(線上)</control>
    <control lang="zh-tw" key="IDM_PREFERENCES">參數選擇...</control>
    <control lang="zh-tw" key="IDM_REFRESH_DRIVE_LETTERS">重新整理代號列表</control>
    <control lang="zh-tw" key="IDM_REMOVE_ALL_KEYFILES_FROM_VOL">從加密區中移除所有金鑰...</control>
    <control lang="zh-tw" key="IDM_RESTORE_VOL_HEADER">復原加密區頭資訊...</control>
    <control lang="zh-tw" key="IDM_SAVE_FAVORITE_VOLUMES">喜愛目前載入的加密區</control>
    <control lang="zh-tw" key="IDM_SELECT_DEVICE">選擇裝置...</control>
    <control lang="zh-tw" key="IDM_SELECT_FILE">選擇檔案...</control>
    <control lang="zh-tw" key="IDM_SET_DEFAULT_KEYFILES">設定預設金鑰檔/路徑...</control>
    <control lang="zh-tw" key="IDM_TC_DOWNLOADS">下載頁面(線上)</control>
    <control lang="zh-tw" key="IDM_TEST_VECTORS">測試向量...</control>
    <control lang="zh-tw" key="IDM_TRAVELLER">便攜版設定...</control>
    <control lang="zh-tw" key="IDM_UNMOUNTALL">卸載全部載入的加密區</control>
    <control lang="zh-tw" key="IDM_UNMOUNT_VOLUME">卸載選擇的加密區</control>
    <control lang="zh-tw" key="IDM_VERSION_HISTORY">版本歷史(線上)</control>
    <control lang="zh-tw" key="IDM_VOLUME_PROPERTIES">加密區內容</control>
    <control lang="zh-tw" key="IDM_VOLUME_WIZARD">加密區建立精靈</control>
    <control lang="zh-tw" key="IDM_WEBSITE">官方網站(線上)</control>
    <control lang="zh-tw" key="IDM_WIPE_CACHE">清除緩存的密碼</control>
    <control lang="zh-tw" key="IDOK">確定</control>
    <control lang="zh-tw" key="IDT_ASSIGN_HOTKEY">熱鍵</control>
    <control lang="zh-tw" key="IDT_AUTORUN">自動運行配置 (autorun.inf)</control>
    <control lang="zh-tw" key="IDT_AUTO_DISMOUNT">自動卸載</control>
    <control lang="zh-tw" key="IDT_AUTO_DISMOUNT_ON">全部卸載，當：</control>
    <control lang="zh-tw" key="IDT_CONFIRM_PASSWORD">確定密碼：</control>
    <control lang="zh-tw" key="IDT_CURRENT">目前密碼</control>
    <control lang="zh-tw" key="IDT_DEFAULT_MOUNT_OPTIONS">預設載入選項</control>
    <control lang="zh-tw" key="IDT_DISMOUNT_ACTION">熱鍵設定</control>
    <control lang="zh-tw" key="IDT_FILE_SETTINGS">檔選項</control>
    <control lang="zh-tw" key="IDT_HOTKEY_KEY">要指定的熱鍵：</control>
    <control lang="zh-tw" key="IDT_LOGON">Windows 登陸時執行的操作</control>
    <control lang="zh-tw" key="IDT_MINUTES">分鐘</control>
    <control lang="zh-tw" key="IDT_MOUNT_LETTER">以該磁碟機代號載入：：</control>
    <control lang="zh-tw" key="IDT_MOUNT_SETTINGS">載入設定</control>
    <control lang="zh-tw" key="IDT_NEW">新密碼</control>
    <control lang="zh-tw" key="IDT_NEW_PASSWORD">密碼：</control>
    <control lang="zh-tw" key="IDT_PKCS5_PRF">PKCS-5 PRF：</control>
    <control lang="zh-tw" key="IDT_PW_CACHE_OPTIONS">密碼緩存</control>
    <control lang="zh-tw" key="IDT_TASKBAR_ICON">TrueCrypt 背景工作</control>
    <control lang="zh-tw" key="IDT_TRAVELLER_MOUNT">要載入的 TrueCrypt 加密區(相對於便攜版根目錄)：</control>
    <control lang="zh-tw" key="IDT_TRAVEL_INSERTION">便攜版磁碟插入時：</control>
    <control lang="zh-tw" key="IDT_TRAVEL_ROOT">便攜版檔建立位置(便攜磁碟根目錄)：</control>
    <control lang="zh-tw" key="IDT_VOLUME">加密區</control>
    <control lang="zh-tw" key="IDT_WINDOWS_RELATED_SETTING">Windows</control>
    <control lang="zh-tw" key="IDC_ADD_KEYFILE_PATH">新增路徑(&amp;P)...</control>
    <control lang="zh-tw" key="IDC_AUTO">全部自動測試(&amp;A)</control>
    <control lang="zh-tw" key="IDC_DECRYPT">解密(&amp;D)</control>
    <control lang="zh-tw" key="IDC_DISPLAY_POOL_CONTENTS">顯示緩衝內容</control>
    <control lang="zh-tw" key="IDC_DONATIONS">捐助...</control>
    <control lang="zh-tw" key="IDC_ENCRYPT">加密(&amp;E)</control>
    <control lang="zh-tw" key="IDC_GENERATE_AND_SAVE_KEYFILE">產生並保存金鑰檔...</control>
    <control lang="zh-tw" key="IDC_GENERATE_KEYFILE">產生隨機金鑰檔案(&amp;G)...</control>
    <control lang="zh-tw" key="IDC_GET_LANG_PACKS">下載語言檔案</control>
    <control lang="zh-tw" key="IDC_KEYADD">新增檔案(&amp;F)...</control>
    <control lang="zh-tw" key="IDC_KEYFILES_ENABLE_HIDVOL_PROT">使用金鑰檔(&amp;A)</control>
    <control lang="zh-tw" key="IDC_KEYFILES_HIDVOL_PROT">金鑰檔案(&amp;K)...</control>
    <control lang="zh-tw" key="IDC_KEYREMOVE">移除(&amp;R)</control>
    <control lang="zh-tw" key="IDC_KEYREMOVEALL">全部移除(&amp;A)</control>
    <control lang="zh-tw" key="IDC_LINK_HIDVOL_PROTECTION_INFO">甚麼是隱藏加密區保護？</control>
    <control lang="zh-tw" key="IDC_LINK_KEYFILES_INFO">甚麼是金鑰檔?</control>
    <control lang="zh-tw" key="IDC_LRW_INDEX_LSB">最弱位優先</control>
    <control lang="zh-tw" key="IDC_LRW_MODE_ENABLED">LRW 模式</control>
    <control lang="zh-tw" key="IDC_MOUNT_REMOVABLE">載入加密區為可移動媒體(&amp;M)</control>
    <control lang="zh-tw" key="IDC_PERFORM_BENCHMARK">基準測試</control>
    <control lang="zh-tw" key="IDC_PROTECT_HIDDEN_VOL">向外層加密區寫入資料時保護隱藏加密區(&amp;P)</control>
    <control lang="zh-tw" key="IDC_RESET">重置(&amp;R)</control>
    <control lang="zh-tw" key="IDC_SHOW_PASSWORD_MO">顯示密碼(&amp;A)</control>
    <control lang="zh-tw" key="IDD_ABOUT_DLG">關於 TrueCrypt</control>
    <control lang="zh-tw" key="IDD_BENCHMARK_DLG">TrueCrypt - 加密演算法基準測試</control>
    <control lang="zh-tw" key="IDD_CIPHER_TEST_DLG">TrueCrypt - 測試向量</control>
    <control lang="zh-tw" key="IDD_COMMANDHELP_DLG">命令列說明</control>
    <control lang="zh-tw" key="IDD_KEYFILES">TrueCrypt - 金鑰檔案</control>
    <control lang="zh-tw" key="IDD_KEYFILE_GENERATOR">TrueCrypt - 金鑰檔案產生器</control>
    <control lang="zh-tw" key="IDD_LANGUAGE">TrueCrypt - Language</control>
    <control lang="zh-tw" key="IDD_LEGAL_NOTICES_DLG">TrueCrypt - 法律聲明</control>
    <control lang="zh-tw" key="IDD_MOUNT_OPTIONS">TrueCrypt - 載入選項</control>
    <control lang="zh-tw" key="IDD_RAWDEVICES_DLG">選擇一個磁碟分割或裝置</control>
    <control lang="zh-tw" key="IDT_ACTIVE_LANG_PACK">目前語言檔案</control>
    <control lang="zh-tw" key="IDT_BOX_BENCHMARK_INFO">速度由 CPU 和存放裝置性能決定。\n\n這些測試在記憶體中進行。</control>
    <control lang="zh-tw" key="IDT_BUFFER_SIZE">緩衝大小：</control>
    <control lang="zh-tw" key="IDT_CIPHER">密碼：</control>
    <control lang="zh-tw" key="IDT_HIDDEN_PROT_PASSWD">隱藏加密區的密碼(&amp;A)：\n(如果為空白，則使用緩存)</control>
    <control lang="zh-tw" key="IDT_HIDDEN_VOL_PROTECTION">保護隱藏加密區</control>
    <control lang="zh-tw" key="IDT_KEY">金鑰長度：</control>
    <control lang="zh-tw" key="IDT_KEYFILE_GENERATOR_NOTE">請在此視窗內隨機移動滑鼠，移動時間越長越好。</control>
    <control lang="zh-tw" key="IDT_KEYFILE_WARNING">警告：如果您遺失了金鑰檔或者金鑰檔的前 1024 KB 位元組已改變，將不可能再載入使用該金鑰的加密區！</control>
    <control lang="zh-tw" key="IDT_KEY_UNIT">位</control>
    <control lang="zh-tw" key="IDT_LANGPACK_AUTHORS">翻譯人員：</control>
    <control lang="zh-tw" key="IDT_LRW_BLOCK_INDEX">塊索引(十六進位)</control>
    <control lang="zh-tw" key="IDT_LRW_KEY">次金鑰(十六進位)</control>
    <control lang="zh-tw" key="IDT_LRW_MODE">LRW 模式</control>
    <control lang="zh-tw" key="IDT_PLAINTEXT">純文字密碼長度：</control>
    <control lang="zh-tw" key="IDT_PLAINTEXT_SIZE_UNIT">位</control>
    <control lang="zh-tw" key="IDT_POOL_CONTENTS">目前緩衝內容</control>
    <control lang="zh-tw" key="IDT_PRF">混合 PRF：</control>
    <control lang="zh-tw" key="IDT_SORT_METHOD">排序方式：</control>
    <control lang="zh-tw" key="IDT_TEST_CIPHERTEXT">加密文本 (十六進位)</control>
    <control lang="zh-tw" key="IDT_TEST_KEY">金鑰 (十六進位)</control>
    <control lang="zh-tw" key="IDT_TEST_PLAINTEXT">純文字密碼 (十六進位)</control>
    <control lang="zh-tw" key="IDT_KEYFILES_NOTE">任何類型的檔案(例如：.mp3、.jpg、.zip、.avi)都可以作為 TrueCrypt 的金鑰檔。TrueCrypt 並不會修改金鑰檔的內容。您可以選擇一個以上的金鑰檔(與次序無關)。如果您新增了一個資料夾，裡面的所有檔都將作為金鑰檔。</control>
    <control lang="zh-tw" key="IDT_TEST_CONFIG">密碼配置 (以位元組計算)</control>
    <control lang="zh-tw" key="IDD_PCDM_CHANGE_PKCS5_PRF">設定首金鑰得出演算法</control>
    <control lang="zh-tw" key="IDD_PCDM_ADD_REMOVE_VOL_KEYFILES">新增/移除 金鑰檔案..</control>
    <control lang="zh-tw" key="IDD_PCDM_REMOVE_ALL_KEYFILES_FROM_VOL">從加密區中移除所有金鑰檔</control>
    <control lang="zh-tw" key="IDT_EXPLORER_OPTIONS">Windows 檔案總管</control>
    <control lang="zh-tw" key="IDC_BROWSE_KEYFILES">瀏覽...</control>
    <control lang="zh-tw" key="IDD_KEYFILE_GENERATOR_DLG">TrueCrypt - 金鑰檔案產生器</control>
    <control lang="zh-tw" key="IDT_LICENSE">授權合約：</control>
    <control lang="zh-tw" key="IDT_UNINSTALL_INFO">沒有 TrueCrypt 加密區被刪除。登錄檔案項 HKLM\\SYSTEM\\ControlSet001\\Enum\\Root\\LEGACY_TRUECRYPT 無法被刪除，這是因為 Windows 的權限不允許。</control>
    <control lang="zh-tw" key="MENU_FILE">檔案</control>
    <control lang="zh-tw" key="MENU_VOLUMES">加密區(&amp;V)</control>
    <control lang="zh-tw" key="MENU_KEYFILES">金鑰檔案(&amp;K)</control>
    <control lang="zh-tw" key="MENU_TOOLS">工具(&amp;O)</control>
    <control lang="zh-tw" key="MENU_SETTINGS">設定(&amp;N)</control>
    <control lang="zh-tw" key="MENU_HELP">說明(&amp;H)</control>
    <control lang="zh-tw" key="MENU_WEBSITE">   主頁(線上)(&amp;P)   </control>
    <!-- Strings -->
    <string lang="zh-tw" key="ABOUTBOX">關於(&amp;A)...</string>
    <string lang="zh-tw" key="ACCESSMODEFAIL">無法更改舊版本加密區的唯讀內容。請檢查檔存取權限。</string>
    <string lang="zh-tw" key="ACCESS_DENIED">錯誤：存取被拒絕。\n\n您試圖要存取的磁碟分割要麼是 0 磁區長度，要麼是啟動裝置。</string>
    <string lang="zh-tw" key="ADMIN_PRIVILEGES_DRIVER">要載入 TrueCrypt 驅動，您必需以一個 具有管理員權限的帳戶登陸。</string>
    <string lang="zh-tw" key="ADMIN_PRIVILEGES_WARN_DEVICES">請注意：如果要加密或格式化某磁碟分割和裝置您必需以一個 具有管理員權限的帳戶登陸。\n\n檔類加密區不受這個限制。</string>
    <string lang="zh-tw" key="ADMIN_PRIVILEGES_WARN_HIDVOL">如果要建立隱藏的加密區，您必須以一個 具有管理員權限的帳戶登陸。\n\n需要繼續嗎？</string>
    <string lang="zh-tw" key="ADMIN_PRIVILEGES_WARN_NTFS">請注意：如果要把加密區格式化為 NTFS 檔案系統，您必需以一個具有管理員權限的帳戶登陸。\n\n若無管理員權限，您可以格式化加密區為 FAT 檔案系統。</string>
    <string lang="zh-tw" key="AES_HELP">FIPS-認可的加密演算法(Rijndael，發表於 1998)可能被美國聯邦部門和機構用來對特定資訊進行頂極保護。256 位金鑰，128-位塊，14 次離散迴圈(AES-256，發表於 2001 年)。操作模式為 LRW。</string>
    <string lang="zh-tw" key="ALREADY_MOUNTED">加密區已載入。</string>
    <string lang="zh-tw" key="ERR_SELF_TESTS_FAILED">小心：在內置自動檢測時，至少一個加密或雜湊演算法失敗了！\n\n此 TrueCrypt 安裝可能已損壞。</string>
    <string lang="zh-tw" key="ERR_NOT_ENOUGH_RANDOM_DATA">小心：在亂數產生器緩衝中的資料不足，無法提供要求數量的亂數據。\n\n您不應當繼續進行。請從説明功能表選擇“報告錯誤”來報告此軟件錯誤。</string>
    <string lang="zh-tw" key="BAD_DRIVE_LETTER">無效磁碟機代號。</string>
    <string lang="zh-tw" key="CANCEL">取消</string>
    <string lang="zh-tw" key="CANNOT_CALC_SPACE">無法存取裝置。請確保選中的裝置存在並且未被系統使用。</string>
    <string lang="zh-tw" key="CAPSLOCK_ON">警告：Caps Lock 已開啟。這可能導致您輸入密碼錯誤。</string>
    <string lang="zh-tw" key="CIPHER_HIDVOL_HOST_TITLE">外層加密區加密選項</string>
    <string lang="zh-tw" key="CIPHER_HIDVOL_TITLE">隱藏加密區加密選項</string>
    <string lang="zh-tw" key="CIPHER_TITLE">加密選項</string>
    <string lang="zh-tw" key="CLEAN_WINMRU_FAILED">警告：清除上次選擇的加密區或金鑰檔路徑失敗(由檔選擇器記憶)！</string>
    <string lang="zh-tw" key="COMPRESSION_NOT_SUPPORTED">錯誤：此加密區在 NTFS 格式磁碟分割上壓縮過。TrueCrypt 不支援壓縮過的加密區（這是因為壓縮過的加密資料會低效和存在資料冗餘）。\n\n請使用以下步驟取消壓縮： 1) 在 Windows 檔案總管中按右鍵加密區（不是在 TrueCrypt 視窗中）。 2) 選擇“內容”。 3) 在“內容”對話方塊，按一下“高級”。 4) 在“高級內容”對話方塊，停用“壓縮內容以節省磁碟空間”並選取“確定”。 5) 返回到“內容”對話方塊，點“確定”。</string>
    <string lang="zh-tw" key="CREATE_FAILED">建立加密區 %hs 失敗</string>
    <string lang="zh-tw" key="DEVICE_FREE_BYTES">%hs 的大小為 %.2f 位元組</string>
    <string lang="zh-tw" key="DEVICE_FREE_GB">%hs 的大小為 %d GB</string>
    <string lang="zh-tw" key="DEVICE_FREE_KB">%hs 的大小為 %.2f KB</string>
    <string lang="zh-tw" key="DEVICE_FREE_MB">%hs 的大小為 %.2f MB</string>
    <string lang="zh-tw" key="DEVICE_FREE_PB">%hs 的大小為 %d PB</string>
    <string lang="zh-tw" key="DEVICE_FREE_TB">%hs 的大小為 %d TB</string>
    <string lang="zh-tw" key="DEVICE_IN_USE">警告：裝置/磁碟分割正在使用！\n\n若忽略這些則可能導致非期望的結果，包括系統不穩定。應當在載入加密區之前關閉所有可能使用此裝置/磁碟分割的應用程式。\n\n繼續載入嗎？</string>
    <string lang="zh-tw" key="DEVICE_IN_USE_FORMAT">警告：裝置/磁碟分割正在正在被系統或應用程式使用。格式化該裝置/磁碟分割它可能導致資料遺失或系統不穩定。\n\n繼續進行格式化嗎？</string>
    <string lang="en" key="FORMAT_CANT_DISMOUNT_FILESYS">Error: The device/partition contains a file system that could not be dismounted. The file system may be in use by the operating system. Formatting the device/partition would very likely cause data corruption and system instability.\n\nTo solve this issue, we recommend that you first delete the partition and then recreate it without formatting. To do so, follow these steps:\n1) Right-click the 'Computer' (or 'My Computer') icon in the 'Start Menu' and select 'Manage'. The 'Computer Management' window should appear.\n2) In the 'Computer Management' window, select 'Storage' &gt; 'Disk Management'.\n3) Right-click the partition you want to encrypt and select either 'Delete Partition', or 'Delete Volume', or 'Delete Logical Drive'.\n4) Click 'Yes'. If Windows asks you to restart the computer, do so. Then repeat the steps 1 and 2 and continue from the step 5.\n5) Right-click the unallocated/free space area and select either 'New Partition', or 'New Simple Volume', or 'New Logical Drive'.\n6) The 'New Partition Wizard' or 'New Simple Volume Wizard' window should appear now; follow its instructions. On the wizard page entitled 'Format Partition', select either 'Do not format this partition' or 'Do not format this volume'. In the same wizard, click 'Next' and then 'Finish'.\n7) Note that the device path you have selected in TrueCrypt may be wrong now. Therefore, exit the TrueCrypt Volume Creation Wizard (if it is still running) and then start it again.\n8) Try encrypting the device/partition again.\n\nIf TrueCrypt repeatedly fails to encrypt the device/partition, you may want to consider creating a file container instead.</string>
    <string lang="zh-tw" key="DEVICE_IN_USE_INFO">警告：一些載入的裝置/磁碟分割正在使用中！\n\n若忽略這些則可能導致非期望的結果，包括系統不穩定。\n\n我們強烈建議您關閉所有可能正在使用此裝置/磁碟分割的應用程式。</string>
    <string lang="zh-tw" key="DEVICE_PARTITIONS_ERR">選定的裝置包含磁碟分割。\n\n格式化該裝置可能會導致系統不穩定或資料遺失。您可以選擇該裝置的某個磁碟分割，或者刪除該裝置的所有磁碟分割，以保證 TrueCrypt 對其安全格式化。</string>
    <string lang="en" key="WHOLE_DEVICE_WARNING">IMPORTANT: If you encrypt the entire device, the operating system will consider the device as new and unformatted (as it will contain no partition table). This will make the volume susceptible to accidental initialization, which may cause it to be impossible to mount.\n\nIt is preferable to create a partition on the device and encrypt the partition instead.\n\nAre you sure want to encrypt the entire device?</string>
    <string lang="en" key="WHOLE_DEVICE_NOTE">IMPORTANT: Keep in mind to answer 'No', whenever Windows asks you whether you want to initialize this device (even if Windows tells you that you must do so). Otherwise, you may damage the volume and make it impossible to mount.\n\nWe also recommend that you backup the volume header after the volume is created (Tools -&gt; Backup Volume Header).</string>
    <string lang="en" key="AFTER_FORMAT_DRIVE_LETTER_WARN">IMPORTANT: Please keep in mind that this partition/device can NOT be mounted using the drive letter %c:, which is currently assigned to it!\n\nTo mount this partition/device, click 'Auto-Mount Devices' in the main TrueCrypt window. Alternatively, in the main TrueCrypt window, click 'Select Device', then select this partition/device, and click 'Mount'. The partition/device will be mounted to a different drive letter, which you will select from the list in the main TrueCrypt window.\n\nThe original drive letter %c: should be used only in case you need to remove encryption from the partition/device (e.g., if you no longer need encryption). In such a case, right-click the drive letter %c: in the 'Computer' (or 'My Computer') list and select 'Format'. Otherwise, the drive letter %c: should never be used (unless you remove it and assign it to another partition/device).</string>
    <string lang="zh-tw" key="DISK_FREE_BYTES">磁碟機 %hs 上的可用空間為 %.2f 位元組。</string>
    <string lang="zh-tw" key="DISK_FREE_GB">磁碟機 %hs 上的可用空間為 %d GB。</string>
    <string lang="zh-tw" key="DISK_FREE_KB">磁碟機 %hs 上的可用空間為 %.2f KB。</string>
    <string lang="zh-tw" key="DISK_FREE_MB">磁碟機 %hs 上的可用空間為 %.2f MB。</string>
    <string lang="zh-tw" key="DISK_FREE_PB">磁碟機 %hs 上的可用空間為 %d PB。</string>
    <string lang="zh-tw" key="DISK_FREE_TB">磁碟機 %hs 上的可用空間為 %d TB。</string>
    <string lang="zh-tw" key="DRIVELETTERS">無法得到可用的磁碟機代號。</string>
    <string lang="zh-tw" key="DRIVER_NOT_FOUND">未發現 TrueCrypt 驅動程式！\n\n請複製“truecrypt.sys”和“truecrypt-x64.sys”檔到應用程式所在的目錄。</string>
    <string lang="zh-tw" key="DRIVER_VERSION">目前正在運行一個不相容的 TrueCrypt 驅動程式。\n\n要求版本：TrueCrypt %hs</string>
    <string lang="zh-tw" key="ERR_CIPHER_INIT_FAILURE">錯誤：密碼初始化失敗。</string>
    <string lang="zh-tw" key="ERR_CIPHER_INIT_WEAK_KEY">錯誤：檢測到弱強度金鑰！ 金鑰將被廢棄。請重試。</string>
    <string lang="en" key="EXCEPTION_REPORT">A critical error has occured and TrueCrypt must be terminated. If this is caused by a bug in TrueCrypt, we would like to fix it. To help us, you can send us an automatically generated error report containing the following items:\n\n- Program version\n- Operating system version\n- TrueCrypt component name\n- Checksum of TrueCrypt executable\n- TrueCrypt dialog identifier\n- Error category\n- Error address\n- TrueCrypt call stack\n\nIf you select 'Yes', the following URL (which contains the entire error report) will be opened in your default Internet browser (note that in some cases this may take up to 30 seconds).\n\n%hs\n\nDo you want to send us the above error report?</string>
    <string lang="zh-tw" key="EXCEPTION_REPORT_EXT">您的系統發生了關鍵性錯誤，導致 TrueCrypt 必須中止。\n\n需要注意的是此錯誤並非由 TrueCrypt 導致 (因此 TrueCrypt 開發者並無法修正這個錯誤)。請檢查您的系統查找可能的原因(例如：系統組態、網路連接、失效的硬體元件等)。</string>
    <string lang="zh-tw" key="EXCEPTION_REPORT_TITLE">TrueCrypt 關鍵性錯誤</string>
    <string lang="zh-tw" key="EXIT">結束</string>
    <string lang="zh-tw" key="EXT_PARTITION">請為該擴展磁碟分割建立一個邏輯磁碟分割，然後再試。</string>
    <string lang="zh-tw" key="FILE_HELP">您可以建立檔類的加密區或加密整個硬碟磁碟分割、磁碟、USB 記憶體、以及其它存放裝置。按一下“選擇檔...”指定要建立的新加密區的檔案名稱和路徑，或按一下“選擇裝置...”來選擇一個要加密的磁碟分割或裝置。\n\n警告：如果您加密整個磁碟分割或裝置，所有目前儲存於這個磁碟分割或裝置上的資料將會被清除。</string>
    <string lang="zh-tw" key="FILE_HELP_HIDDEN_HOST_VOL">選擇要建立的外層加密區的位置(稍候將在此加密區裡面建立隱藏加密區)。\n\n您可以建立檔類加密區或加密整個硬碟磁碟分割、磁碟、以及其它存放裝置。按一下“選擇檔”指定要建立儲存外層加密區的檔案名稱和路徑，按一下“選擇裝置...”來選擇一個要加密的磁碟分割或裝置。\n\n如果您加密整個磁碟分割或裝置，所有目前儲存於這個磁碟分割或裝置上的資料將會被清除。</string>
    <string lang="zh-tw" key="FILE_HELP_HIDDEN_HOST_VOL_DIRECT">選擇 TrueCrypt 外層加密區的位置(您想要在這個加密區裡建立隱藏加密區)。</string>
    <string lang="zh-tw" key="FILE_IN_USE">警告：外層加密區或裝置正在使用中！\n\n忽略這些可能會導致非期望的錯誤，包括系統不穩定。您在載入加密區前應當關閉所有可能使用該外層加密卷或裝置的應用程式。\n\n繼續載入嗎？</string>
    <string lang="zh-tw" key="FILE_IN_USE_FAILED">錯誤：無法載入加密區。外層加密區或裝置正在使用中。不使用獨佔權限的載入嘗試也同樣會失敗。</string>
    <string lang="zh-tw" key="FILE_OPEN_FAILED">檔無法被打開。</string>
    <string lang="zh-tw" key="FILE_TITLE">加密區位置</string>
    <string lang="zh-tw" key="FORMAT">格式化(&amp;F)</string>
    <string lang="zh-tw" key="FORMAT_ABORT">放棄格式化嗎？</string>
    <string lang="zh-tw" key="FORMAT_FINISHED_HELP">\n\nTrueCrypt 加密區已被建立並準備就緒。要建立另外的 TrueCrypt 加密區，請按一下“下一步”，否則請按一下“結束”按鈕。</string>
    <string lang="zh-tw" key="FORMAT_FINISHED_INFO">TrueCrypt 加密區已成功建立。</string>
    <string lang="zh-tw" key="FORMAT_FINISHED_TITLE">加密區已建立</string>
    <string lang="zh-tw" key="FORMAT_HELP">在這裡您可以設定用於新建加密區的額外選項。請閱讀說明文件獲得更多資訊。當完成後，按一下“格式化”來建立您新的加密區。</string>
    <string lang="zh-tw" key="FORMAT_HIDVOL_HOST_HELP">注意：隱藏加密區僅能在 FAT 格式的加密區裡建立。要獲得更多資訊，請參閱說明文件。就緒後，按一下“格式化”來建立新的外層加密區。</string>
    <string lang="zh-tw" key="FORMAT_HIDVOL_HOST_TITLE">外層加密區格式</string>
    <string lang="zh-tw" key="FORMAT_HIDVOL_TITLE">隱藏加密區格式</string>
    <string lang="zh-tw" key="FORMAT_TITLE">加密區格式化</string>
    <string lang="zh-tw" key="GETFILETIME_FAILED">警告：無法獲得加密區時間標籤！</string>
    <string lang="zh-tw" key="GETFILETIME_FAILED_GENERIC">警告：無法獲得加密區時間標籤！\n\n如果該加密區裡面包含隱藏加密區，那麼隱藏加密區的隱蔽性可能會受到影響。</string>
    <string lang="zh-tw" key="GETFILETIME_FAILED_IMPLANT">警告：無法獲得加密區時間標籤！\n\n在您使用外部工具重新設定這個時間標籤之前，我們建議您不要在這個加密區裡建立隱藏加密區。</string>
    <string lang="zh-tw" key="GETFILETIME_FAILED_PW">警告：無法獲得加密區時間標籤！\n\n該加密區裡如果有隱藏加密區，修改或試圖修改密碼後，隱藏加密區的隱蔽性可能會受影響。</string>
    <string lang="zh-tw" key="GETFILETIME_FAILED_KEYFILE">警告：無法獲得金鑰檔案時間標籤！因此無法保留上次存取日期/時間。\n\n可能這個檔已經被存取過了。</string>
    <string lang="zh-tw" key="HELP_READER_ERROR">如要顯示或列印 TrueCrypt 使用者指南需要使用 Adobe Acrobat Reader (或與其相容的工具)。\n\nAdobe Reader (免費軟件)下載位址： www.adobe.com\n\n您想要線上查看這個說明文件嗎？</string>
    <string lang="zh-tw" key="HIDDEN_VOL_WIZARD_MODE_HELP">不熟練的使用者應選擇第一個選項。如果您選擇第二個選項，則假定您已建立了一個能夠容納隱藏加密區的 TrueCrypt 加密區。</string>
    <string lang="zh-tw" key="HIDDEN_VOL_WIZARD_MODE_TITLE">精靈模式</string>
    <string lang="zh-tw" key="HIDVOL_FORMAT_FINISHED_HELP">該隱藏的 TrueCrypt 加密區已成功建立並可以立即使用。如果“TrueCrypt User's Guide”（Truecrypt 使用者指南）的"Security Precautions Pertaining to Hidden Volumes"章節中的措施都被遵循，即使當外層加密區被載入，此隱藏加密區也將無法被覺察。\n\n警告：如果您沒有保護隱藏加密區 (保護的做法參考 TrueCrypt 使用者指南的 "PROTECTION OF HIDDEN VOLUMES AGAINST DAMAGE" 章節)，請不要向外層加密區寫入資料。否則您可能會覆蓋或損壞隱藏隱藏加密區！</string>
    <string lang="zh-tw" key="HIDVOL_FORMAT_FINISHED_TITLE">隱藏加密區已建立</string>
    <string lang="zh-tw" key="HIDVOL_HOST_FILLING_HELP">外層加密區已成功建立並作為 %hc：磁碟機載入。對這個加密區，現在您應複製一些您不是真正要隱藏的貌似敏感的檔案。這是讓那些強迫您洩漏密碼的人能看到的檔。您將僅對這個外層加密區洩漏密碼，而不要洩漏給他們隱藏加密區的密碼。您真正要保護的檔將被儲存在稍候建立的隱藏加密區裡。當您完成複製後，請按一下"下一步"，並且不要卸載此加密區。\n\n注意：按一下“下一步”後，將進行簇狀圖掃描來確定連續的可用空間大小，此可用空間的尾部與加密區尾部一致。該空間將提供用來建立隱藏加密區同時也是隱藏加密區的最大容量。簇狀圖掃描能夠保證外層加密中卷的資料不會被隱藏卷覆蓋。</string>
    <string lang="zh-tw" key="HIDVOL_HOST_FILLING_TITLE">外層加密區內容</string>
    <string lang="zh-tw" key="HIDVOL_HOST_PRE_CIPHER_HELP">\n\n在下一步您將要為外層加密區 (在其內將建立隱藏加密區) 調整其選項。</string>
    <string lang="zh-tw" key="HIDVOL_HOST_PRE_CIPHER_TITLE">外層加密區</string>
    <string lang="zh-tw" key="HIDVOL_PRE_CIPHER_HELP">\n\n外層加密區簇狀圖掃描已完成，隱藏加密區最大可能大小已被確定。在下一步裡您可以調整隱藏加密區的選項、大小、和密碼。</string>
    <string lang="zh-tw" key="HIDVOL_PRE_CIPHER_TITLE">隱藏加密區</string>
    <string lang="zh-tw" key="HIDVOL_PROT_WARN_AFTER_MOUNT">在外層加密區卸載前隱藏加密區將處於保護之中。\n\n警告：如果有資料試圖保存到隱藏加密區區域，TrueCrypt 將會對整個加密區(外層卷和隱藏卷)進行保護直到卸載。這會導致外層加密區檔案系統出錯。任何保存到隱藏加密區區域的資料將不被保存並且會遺失！Windows 可能會報告為寫入錯誤(“延遲寫入失敗”或者是“參數不正確”)。</string>
    <string lang="zh-tw" key="HIDVOL_PROT_WARN_AFTER_MOUNT_PLURAL">在外層加密區卸載前每一個隱藏加密區將處於保護之中。\n\n警告：如果有資料試圖保存到任何隱藏加密區區域，TrueCrypt 將會對整個加密區(外層卷和隱藏卷)進行保護直到卸載。這會導致外層加密區檔案系統出錯。任何保存到隱藏加密區區域的資料將不被保存並且遺失！ Windows 可能會報告為寫入錯誤(“延遲寫入失敗”或者是“參數不正確)。</string>
    <string lang="zh-tw" key="DAMAGE_TO_HIDDEN_VOLUME_PREVENTED">警告：資料試圖保存到載入為 %c: 的加密區的隱藏加密區區域！\n\nTrueCrypt 已阻止這些資料的保存來保護隱藏加密區。這會導致外層加密區檔案系統出錯。Windows 可能會報告為寫入錯誤(“延遲寫入失敗”或者是“參數不正確)。整個加密區(外層卷和隱藏卷)將會被保護到加密區斷開為止。\n\n我們強烈建議您立即重新開機電腦。</string>
    <string lang="zh-tw" key="INIT_MUTEX">無法初始化應用程式。建立必需的互斥對象失敗。</string>
    <string lang="zh-tw" key="INIT_RAND">初始化亂數據產生器失敗！</string>
    <string lang="zh-tw" key="INIT_REGISTER">無法初始化應用程式。註冊對話方塊類失敗。</string>
    <string lang="zh-tw" key="INTRO_HELP">\n此精靈將幫您建立新的 TrueCrypt 加密區。\n\n重要：即將開始收集亂數據。這些亂數據將用於產生新加密區的主金鑰、次金鑰(LRW模式)、要素等資料。收集來的資料包括您在此視窗內滑鼠動作、滑鼠按一下、鍵盤按鍵選取以及從系統中獲得的其它資訊。為使資料盡可能隨機，您移動滑鼠越隨意，時間越長越好。</string>
    <string lang="zh-tw" key="INTRO_TITLE">TrueCrypt 加密區建立精靈</string>
    <string lang="zh-tw" key="INVALID_DEVICE">指定了無效的磁碟機或磁碟分割。請用以下語法載入磁碟分割：\\Device\\Harddisk0\\Partition4</string>
    <string lang="zh-tw" key="MAX_HIDVOL_SIZE_BYTES">該卷能建立的最大隱藏加密區大小為 %.2f 位元組。</string>
    <string lang="zh-tw" key="MAX_HIDVOL_SIZE_KB">該卷能建立的最大隱藏加密區大小為 %.2f KB。</string>
    <string lang="zh-tw" key="MAX_HIDVOL_SIZE_MB">該卷能建立的最大隱藏加密區大小為 %.2f MB。</string>
    <string lang="zh-tw" key="MOUNTED_NOPWCHANGE">當此加密區被載入時，加密區密碼/金鑰檔無法被更改。請先卸載此加密區。</string>
    <string lang="zh-tw" key="MOUNTED_NO_PKCS5_PRF_CHANGE">當加密區被載入時無法修改首金鑰得出演算法。請先卸載加密區。</string>
    <string lang="zh-tw" key="MOUNT_BUTTON">載入(&amp;M)</string>
    <string lang="zh-tw" key="NEW_VERSION_REQUIRED">需要新版本的 TrueCrypt 來載入此加密區。</string>
    <string lang="zh-tw" key="VOL_CREATION_WIZARD_NOT_FOUND">錯誤：未發現加密區建立精靈。\n\n請確定檔案“TrueCrypt Format.exe”位於“TrueCrypt.exe”的目錄之中。如果不是這樣，請重新安裝 TrueCrypt，或在磁碟中定位“TrueCrypt Format.exe”並運行它。</string>
    <string lang="zh-tw" key="NEXT">下一步(&amp;N) &gt;</string>
    <string lang="zh-tw" key="FINALIZE">完成(&amp;F)</string>
    <string lang="en" key="NODRIVER">Unable to connect to the TrueCrypt device driver. TrueCrypt cannot work if the device driver is not running.\n\nPlease note that, due to a Windows issue, it may be required to log off or restart the system before the device driver can be loaded.</string>
    <string lang="zh-tw" key="NOFONT">載入/準備字型時出錯。</string>
    <string lang="zh-tw" key="NOT_FOUND">未發現指定的 DOS 驅動代號。</string>
    <string lang="zh-tw" key="DRIVE_LETTER_UNAVAILABLE">磁碟機代號不可用。</string>
    <string lang="zh-tw" key="NO_FILE_SELECTED">未選定檔案！</string>
    <string lang="zh-tw" key="NO_FREE_DRIVES">無可用磁碟機代號。</string>
    <string lang="zh-tw" key="NO_FREE_DRIVE_FOR_OUTER_VOL">外層加密區無可用可用代號！無法進行加密區建立。</string>
    <string lang="zh-tw" key="NO_OS_VER">無法檢測到作業系統的版本，或您正在使用不被支援的作業系統。</string>
    <string lang="zh-tw" key="NO_PATH_SELECTED">未選定路徑！</string>
    <string lang="zh-tw" key="NO_SPACE_FOR_HIDDEN_VOL">建立隱藏加密區的可用空間不足！無法繼續加密區建立。</string>
    <string lang="zh-tw" key="OPENFILES_DRIVER">此驅動無法卸載這個加密區。位於此加密區上某些檔可能仍被使用中。</string>
    <string lang="zh-tw" key="OPENFILES_LOCK">無法鎖定此加密區。此加密區上仍有些檔被使用中。因而也無法卸載。</string>
    <string lang="zh-tw" key="OPEN_VOL_TITLE">請選擇一個 TrueCrypt 加密區</string>
    <string lang="zh-tw" key="OPEN_TITLE">指定路徑和檔案名</string>
    <string lang="zh-tw" key="OUTOFMEMORY">記憶體不足</string>
    <string lang="en" key="FORMAT_DEVICE_FOR_ADVANCED_ONLY">IMPORTANT: We strongly recommend that inexperienced users create a TrueCrypt file container on the selected device/partition, instead of attempting to encrypt the entire device/partition.\n\nWhen you create a TrueCrypt file container (as opposed to encrypting a device or partition) there is, for example, no risk of destroying a large number of files. Note that a TrueCrypt file container (even though it contains a virtual encrypted disk) is actually just like any normal file. Therefore, it can be, for example, easily renamed, moved, or copied as any normal file. To create a TrueCrypt file container, click 'No' and then click 'Select File' in the wizard window. For more information, see the chapter Beginner's Tutorial in the TrueCrypt User Guide.\n\nAre you sure you want to encrypt the entire device/partition?</string>
    <string lang="zh-tw" key="OVERWRITEPROMPT">警告：加密區 '%hs' 已存在！\n\n注意：TrueCrypt 並不會加密這個檔，而是會刪除這個檔。您確定要刪除這個檔並用一個新的 TrueCrypt 容器來取代它嗎？</string>
    <string lang="en" key="OVERWRITEPROMPT_DEVICE">CAUTION: ALL FILES CURRENTLY STORED ON THE SELECTED %s '%hs'%s WILL BE ERASED AND LOST!\n\nAre you sure you want to proceed with format?</string>
    <string lang="zh-tw" key="PASSWORD">密碼</string>
    <string lang="zh-tw" key="PASSWORD_CHANGED">密碼 和/或 金鑰檔已成功修改。\n\n重要：請確定您已經閱讀了使用者指南的 'Security Precautions' 章節中的 'Changing Passwords and Keyfiles' 部分。</string>
    <string lang="zh-tw" key="KEYFILE_CHANGED">金鑰檔已成功新增/移除。</string>
    <string lang="zh-tw" key="PKCS5_PRF_CHANGED">首金鑰得出演算法已成功設定。</string>
    <string lang="zh-tw" key="PASSWORD_HELP">選擇一個安全的密碼非常重要。您應該避免選取能夠在字典中查到的只包含單純的詞(或是與2、3、4 這類字元的組合)作為密碼，也不應包含任何名字或生日，同時也不易被猜到。安全的密碼應當隨機包含大小寫字元、數位、以及類似 @ ^ = $ * + 這樣的特殊字元。\n\n我們推薦使用大於 20 個字元的密碼(越長越好)。最大的密碼長度為 64。</string>
    <string lang="zh-tw" key="PASSWORD_HIDDENVOL_HELP">請為隱藏加密區選擇一個密碼。</string>
    <string lang="zh-tw" key="PASSWORD_HIDDENVOL_HOST_DIRECT_HELP">請輸入外層加密區的密碼(您將在該加密區中建立隱藏加密區)。\n\n在按一下“下一步”後，TrueCrypt 會嘗試載入此加密區。一旦加密區被載入，將進行簇狀圖掃描來確定連續的可用空間大小(如果有的話)，此空間的尾部與加密區尾部一致。該區域將提供給隱藏加密區並因此會限制它的最大可能大小。簇狀圖掃描是必要的，這可以確保外層卷的資料不會被隱藏卷覆蓋。</string>
    <string lang="zh-tw" key="PASSWORD_HIDDENVOL_HOST_HELP">\n請為外層加密區選擇一個密碼。這是您在強迫情況下洩漏給入侵者的密碼。\n\n此密碼必須不同於將要建立的內部隱藏加密區的密碼。\n\n\n注意：最大密碼長度為64個字元。</string>
    <string lang="zh-tw" key="PASSWORD_HIDVOL_HOST_TITLE">外層加密區密碼</string>
    <string lang="zh-tw" key="PASSWORD_HIDVOL_TITLE">隱藏加密區密碼</string>
    <string lang="zh-tw" key="PASSWORD_LENGTH_WARNING">警告：簡短密碼容易被使用暴力破解技術破解！\n\n我們建議選擇一個超過 20 個字元的密碼。\n\n您確定要使用簡短密碼嗎？</string>
    <string lang="zh-tw" key="PASSWORD_TITLE">加密區密碼</string>
    <string lang="zh-tw" key="PASSWORD_WRONG">密碼不正確或不是 TrueCrypt 加密區。</string>
    <string lang="zh-tw" key="PASSWORD_OR_KEYFILE_WRONG">金鑰 和/或 密碼不正確或不是 TrueCrypt 加密區。</string>
    <string lang="zh-tw" key="PASSWORD_WRONG_CAPSLOCK_ON">\n\n警告：Caps Lock 已經開啟。這可能導致您密碼輸入錯誤。</string>
    <string lang="zh-tw" key="PASSWORD_WRONG_AUTOMOUNT">密碼不正確或不是 TrueCrypt 加密區。</string>
    <string lang="zh-tw" key="PASSWORD_OR_KEYFILE_WRONG_AUTOMOUNT">金鑰 和/或 密碼不正確或不是 TrueCrypt 加密區</string>
    <string lang="zh-tw" key="PREV">&lt; 上一步(&amp;P)</string>
    <string lang="zh-tw" key="RAWDEVICES">無法清單安裝在系統上的 raw 裝置！</string>
    <string lang="zh-tw" key="READONLYPROMPT">加密區 '%hs' 存在，並且是唯讀的。您確定要取代它嗎？</string>
    <string lang="zh-tw" key="SELECT_DEST_DIR">選擇目標目錄</string>
    <string lang="zh-tw" key="SELECT_KEYFILE">選擇金鑰檔</string>
    <string lang="zh-tw" key="SELECT_KEYFILE_PATH">選擇金鑰檔的搜索路徑。警告：注意，記憶的只是路徑，而不會記憶檔案名！</string>
    <string lang="zh-tw" key="SERPENT_HELP">Serpent 為與 AES 候選演算法中的一種。設計者為 Ross Anderson、Eli Biham、和 Lars Knudsen。發表於 1998 年。256 位金鑰，128 位元資料塊，操作模式為 LRW。</string>
    <string lang="zh-tw" key="SETFILETIME_FAILED_IMPLANT">警告：復原加密區時間標籤失敗(檔修改/存取的日期/時間)！\n\n隱藏加密區的隱蔽性可能會受到影響。</string>
    <string lang="zh-tw" key="SETFILETIME_FAILED_PREP_IMPLANT">警告：復原加密區時間標籤失敗！\n\n在您使用外部工具重新設定時間標籤之前，我們建議 不要在這個加密區內建立隱藏加密區。</string>
    <string lang="zh-tw" key="SETFILETIME_FAILED_PW">警告：復原加密區時間標籤失敗(檔修改/存取的日期/時間)！\n\n如果加密區內含隱藏加密區，隱藏加密區的隱蔽性可能會受到影響。</string>
    <string lang="zh-tw" key="SETFILETIME_FAILED_KEYFILE">警告：復原加密區時間標籤失敗！無法保留上次存取的日期/時間\n\n很可能表明檔正被存取。</string>
    <string lang="zh-tw" key="SETUP_INCOMPLETE">錯誤“'Setup Files' 目錄不存在。\n\n在安裝 TrueCrypt 之前，您必須從發佈的壓縮包中解壓縮所有的檔。</string>
    <string lang="zh-tw" key="SIZE_HELP">請指定要建立的容器加密區的大小。\n\n如果您打算建立一個動態的(稀疏檔)容器，該參數對應於該容器的最大尺寸。\n\n注意：最小的 FAT 加密區大小為 19 KB。最小的 NTFS 加密區大小為 2526 KB。</string>
    <string lang="zh-tw" key="SIZE_HELP_HIDDEN_HOST_VOL">請指定要建立的外層加密區的大小(隨後將在其內建立隱藏加密區)。最小可能的包含隱藏卷的 FAT 容器卷大小為 40 KB。</string>
    <string lang="zh-tw" key="SIZE_HELP_HIDDEN_VOL">請指定要建立的隱藏加密區的大小。最小可能的 FAT 加密區大小為 19 KB。最小可能的 NTFS 加密區大小為 2526 KB。您可以指定加密區的最大容量如上面所示。</string>
    <string lang="zh-tw" key="SIZE_HIDVOL_HOST_TITLE">外層加密區大小</string>
    <string lang="zh-tw" key="SIZE_HIDVOL_TITLE">隱藏加密區大小</string>
    <string lang="zh-tw" key="SIZE_PARTITION_HELP">裝置的大小無法更改。請在確定選定裝置的容量正確無誤後按一下“下一步”。</string>
    <string lang="zh-tw" key="SIZE_PARTITION_HIDDEN_VOL_HELP">\n\n注意：想要在其內建立隱藏加密區的外層加密區最小可能大小為 40 KB。</string>
    <string lang="zh-tw" key="SIZE_TITLE">加密區大小</string>
    <string lang="zh-tw" key="SPARSE_FILE">動態的</string>
    <string lang="zh-tw" key="TESTS_FAILED">小心：自檢失敗！</string>
    <string lang="zh-tw" key="TESTS_PASSED">全部演算法自檢通過</string>
    <string lang="zh-tw" key="TEST_INCORRECT_LRW_INDEX_SIZE">您提供的 LRW 塊的索引太長或太短。</string>
    <string lang="zh-tw" key="TEST_INCORRECT_LRW_KEY_SIZE">您提供的次金鑰太長或太短。</string>
    <string lang="zh-tw" key="TEST_CIPHERTEXT_SIZE">您提供的測試加密文本太長或太短。</string>
    <string lang="zh-tw" key="TEST_KEY_SIZE">您提供的測試金鑰太長或太短。</string>
    <string lang="zh-tw" key="TEST_PLAINTEXT_SIZE">您提供的測試明碼文本太長或太短。</string>
    <string lang="zh-tw" key="TEST_LRW_INDEX_OVERRUN">錯誤：TrueCrypt 目前不支援超過 2^64 的 LRW 塊索引值。\n\n同樣要注意的是最大支援的卷的大小為 2^63 位元組(8589934592 GB)。</string>
    <string lang="zh-tw" key="TWO_LAYER_CASCADE_HELP">在 LRW 模式的層疊操作中需要兩個密碼。每個塊首先使用 %hs (%d 位金鑰)，之後使用 %hs (%d 位金鑰加密。每個密碼使用其各自的金鑰。所有的金鑰均各自獨立。</string>
    <string lang="zh-tw" key="THREE_LAYER_CASCADE_HELP">在 LRW 模式的層疊操作中需要 3 個密碼。每個塊首先以 %hs(%d 位金鑰)加密，然後以 %hs (%d 位金鑰)加密，最後以 %hs (%d 位金鑰) 加密。每個密碼均使用各自的金鑰。所有的金鑰均彼此獨立。</string>
    <string lang="zh-tw" key="TRAVELLER_DISK_CREATED">TrueCrypt 便攜版已成功建立。\n\n注意：要以便攜模式運行 TrueCrypt 您必需有管理員權限。同樣也要注意：在檢查登錄檔後，軟件也有可能提示 TrueCrypt 運行於 Windows 系統 (儘管它運行於便攜模式)。</string>
    <string lang="zh-tw" key="TC_TRAVELLER_DISK">TrueCrypt 便攜磁碟</string>
    <string lang="zh-tw" key="TWOFISH_HELP">設計者：Bruce Schneie、John Kelsey、Doug Whiting、David Wagner、Chris Hall、Niels Ferguson。發表於 1998 年。256 位金鑰，128 位元塊，操作模式為 LRW。Twofish 為 AES 候選演算法中的一種。</string>
    <string lang="en" key="MORE_INFO_ABOUT">More information on %hs</string>
    <string lang="zh-tw" key="UNKNOWN">未知</string>
    <string lang="zh-tw" key="ERR_UNKNOWN">發生未指定的或未知錯誤</string>
    <string lang="zh-tw" key="UNKNOWN_DRIVER_CODE">驅動程式返回一個未能識別的錯誤，代碼 = %d</string>
    <string lang="zh-tw" key="UNMOUNTALL_LOCK_FAILED">一些加密區包含的檔或資料夾 正被應用程式或系統使用。\n\n強行卸載嗎？</string>
    <string lang="zh-tw" key="UNMOUNT_BUTTON">卸載(&amp;D)</string>
    <string lang="zh-tw" key="UNMOUNT_FAILED">卸載失敗！</string>
    <string lang="zh-tw" key="UNMOUNT_LOCK_FAILED">加密區包含的檔或資料夾被應用程式或系統使用。\n\n強行卸載嗎？</string>
    <string lang="zh-tw" key="VOL_ALREADY_MOUNTED">您試圖要載入的加密區早已經載入。</string>
    <string lang="zh-tw" key="VOL_FORMAT_BAD">無法識別這個加密區的格式。此加密區有可能損壞了。</string>
    <string lang="zh-tw" key="VOL_MOUNT_FAILED">試圖載入加密區時出錯。</string>
    <string lang="zh-tw" key="VOL_READING">從加密區中讀取資料時出錯。</string>
    <string lang="zh-tw" key="VOL_SEEKING">在加密區裡定址時出錯。</string>
    <string lang="zh-tw" key="VOL_SIZE_WRONG">錯誤：錯誤的加密區大小.</string>
    <string lang="zh-tw" key="VOL_TOO_SMALL">加密區太小 - 這是無效的加密區。</string>
    <string lang="zh-tw" key="VOL_WRITING">寫入資料到加密區時出錯。</string>
    <string lang="zh-tw" key="WARN_QUICK_FORMAT">警告：您只能在以下的情況下使用快速格式化：\n\n1) 裝置包含亂數據 (例如已被完全加密過了)\n2) 您打算立即使用所有可利用的空間\n3) 您不關心安全性 (測試)</string>
    <string lang="zh-tw" key="CONFIRM_SPARSE_FILE">動態的容器是一個預先指定的 NTFS 稀疏檔，它的物理大小(實際磁碟空間使用)在有新資料新增到裡面的時候才會增加。\n\n警告：動態大小的加密區的性能比常規加密區的性能有較大降低。動態加密區的安全性也要弱些－因為它有可能洩漏哪些加密區磁區未被使用的情況。另外，如果資料被寫入到主系統空間不足情況下的動態加密區時，加密檔案系統將會損壞。\n\n您確定要建立動態大小的加密區嗎？</string>
    <string lang="zh-tw" key="SPARSE_FILE_SIZE_NOTE">注意，Windows系統報告的和 TrueCrypt 報告的動態加密區的大小會等同於它的最大尺寸。要查看目前容器的物理大小 (使用的實際磁碟空間)，按右鍵容器檔 (在 Windows 檔案總管視窗，而非 TrueCrypt 中)，之後選擇“內容”並查看“已使用空間”的情況。</string>
    <string lang="zh-tw" key="WIPE_CACHE">儲存在驅動程式緩存的密碼已被清除。</string>
    <string lang="zh-tw" key="WRONG_VOL_TYPE">TrueCrypt 無法修改外層加密區的密碼。</string>
    <string lang="zh-tw" key="SELECT_FREE_DRIVE">請從列表中選擇一個未被使用的磁碟機代號。</string>
    <string lang="zh-tw" key="SELECT_A_MOUNTED_VOLUME">請在磁碟機列表中選擇一個已載入的加密區。</string>
    <string lang="zh-tw" key="CANT_CREATE_AUTORUN">錯誤：無法建立 autorun.inf</string>
    <string lang="zh-tw" key="ERR_PROCESS_KEYFILE">處理金鑰檔案時出錯！</string>
    <string lang="zh-tw" key="ERR_PROCESS_KEYFILE_PATH">處理金鑰檔路徑時出錯！</string>
    <string lang="zh-tw" key="UNSUPPORTED_OS">TrueCrypt 不支援此作業系統。</string>
    <string lang="zh-tw" key="UNSUPPORTED_BETA_OS">錯誤：TrueCrypt 僅支援穩定版的作業系統 (非beta版)。</string>
    <string lang="zh-tw" key="ERR_MEM_ALLOC">錯誤：無法指定記憶體。</string>
    <string lang="zh-tw" key="ERR_PERF_COUNTER">錯誤：無法復原效能計數器的值。</string>
    <string lang="zh-tw" key="ALL_FILES">所有檔</string>
    <string lang="zh-tw" key="TC_VOLUMES">TrueCrypt 加密區</string>
    <string lang="zh-tw" key="FORMAT_NTFS_STOP">NTFS 格式化無法繼續。</string>
    <string lang="zh-tw" key="CANT_MOUNT_VOLUME">無法載入加密區。</string>
    <string lang="zh-tw" key="CANT_DISMOUNT_VOLUME">無法卸載加密區。</string>
    <string lang="zh-tw" key="FORMAT_NTFS_FAILED">格式化為 NTFS 磁碟格式時失敗。\n\n請選擇不同的檔案系統格式（如果可能的話）再嘗試一次。此外，您可以保留該卷為未格式化卷 (檔案系統選擇為 '無' )，結束精靈，載入這個加密區，然後再使用系統或第三者廠商工具格式化這個已經載入的加密區 (該載入的卷仍然為加密狀態)。</string>
    <string lang="zh-tw" key="DEFAULT">預設</string>
    <string lang="zh-tw" key="SECTOR">磁區</string>
    <string lang="zh-tw" key="BLOCK">塊</string>
    <string lang="zh-tw" key="PARTITION">磁碟分割</string>
    <string lang="zh-tw" key="PARTITION_LC">磁碟分割</string>
    <string lang="zh-tw" key="PARTITION_UPPER_CASE">磁碟分割</string>
    <string lang="zh-tw" key="DEVICE">裝置</string>
    <string lang="zh-tw" key="DEVICE_LC">裝置</string>
    <string lang="zh-tw" key="DEVICE_UPPER_CASE">裝置</string>
    <string lang="zh-tw" key="CLUSTER_TOO_SMALL">相對加密區大小而言，選擇的簇大小太小。將替代使用大一些的簇大小。</string>
    <string lang="zh-tw" key="CANT_GET_VOLSIZE">錯誤：無法獲取加密區大小資訊！\n\n請確定選擇的加密區未被系統或其它程式使用。</string>
    <string lang="zh-tw" key="HIDDEN_HOST_FAT_ONLY">注意：隱藏加密區僅能在 FAT 格式的加密區裡建立。\n\n要獲得更多資訊，請參閱說明文件。</string>
    <string lang="zh-tw" key="HIDDEN_VOL_HOST_SPARSE">隱藏加密區無法建立於動態（稀疏檔）的外層卷中。要達到足夠的隱蔽性，隱藏加密區應當在常規加密區中建立。</string>
    <string lang="zh-tw" key="CANT_ACCESS_VOL">錯誤：無法存取加密區！\n\n請確定選擇的加密區存在，並且該加密區並未由系統或其它程式使用，同時該卷未被防寫，並且你具有對該卷的讀寫權限，並且確定該卷未被防寫。</string>
    <string lang="zh-tw" key="CANT_DISMOUNT_OUTER_VOL">錯誤：無法卸載外層加密區！\n\n如果加密區中的檔或資料夾被程式或被系統使用，則該加密區無法被鎖定。\n\n請關閉任何可能使用加密區上檔或目錄的程式，然後再選取“從試”。</string>
    <string lang="zh-tw" key="CANT_LOCK_OUTER_VOL">錯誤：無法鎖定外層加密區！\n\n如果加密區中的檔或資料夾被程式或被系統使用，則該加密區無法被鎖定。\n\n請關閉任何可能使用加密區上檔或目錄的應用程式。\n\n警告：如果您決定忽略這些，您必須確保選取“忽略”後，在卸載該加密區之前不 再向加密區中寫入資料。如果做不到這點 反而有可能會影響隱藏加密區的隱蔽性！</string>
    <string lang="zh-tw" key="CANT_ACCESS_OUTER_VOL">錯誤：無法存取外層加密區！加密區建立無法繼續。</string>
    <string lang="zh-tw" key="CANT_MOUNT_OUTER_VOL">錯誤：無法載入外層加密區！加密區建立無法繼續。</string>
    <string lang="zh-tw" key="CANT_GET_CLUSTER_BITMAP">錯誤：無法獲取加密區簇狀圖！加密區建立無法繼續。</string>
    <string lang="zh-tw" key="ALPHABETICAL_CATEGORIZED">按字母順序</string>
    <string lang="zh-tw" key="MEAN_SPEED">按平均速度(遞減)</string>
    <string lang="zh-tw" key="ALGORITHM">演算法</string>
    <string lang="zh-tw" key="ENCRYPTION">加密</string>
    <string lang="zh-tw" key="DECRYPTION">解密</string>
    <string lang="zh-tw" key="MEAN">平均</string>
    <string lang="zh-tw" key="DRIVE">代號</string>
    <string lang="zh-tw" key="VOLUME">加密區</string>
    <string lang="zh-tw" key="SIZE">大小</string>
    <string lang="zh-tw" key="ENCRYPTION_ALGORITHM">加密演算法</string>
    <string lang="zh-tw" key="ENCRYPTION_ALGORITHM_LV">加密演算法</string>
    <string lang="zh-tw" key="TYPE">類型</string>
    <string lang="zh-tw" key="VALUE">值</string>
    <string lang="zh-tw" key="PROPERTY">內容</string>
    <string lang="zh-tw" key="LOCATION">位置</string>
    <string lang="zh-tw" key="BYTES">位元組</string>
    <string lang="zh-tw" key="HIDDEN">隱藏</string>
    <string lang="zh-tw" key="OUTER">外層</string>
    <string lang="zh-tw" key="NORMAL">常規</string>
    <string lang="zh-tw" key="READ_ONLY">唯讀</string>
    <string lang="zh-tw" key="HIDDEN_VOLUME">隱藏加密區</string>
    <string lang="zh-tw" key="HID_VOL_DAMAGE_PREVENTED">是(防止損壞！)</string>
    <string lang="zh-tw" key="NONE">無</string>
    <string lang="zh-tw" key="ACTIVE">目前</string>
    <string lang="zh-tw" key="KEY_SIZE">金鑰長度</string>
    <string lang="zh-tw" key="BITS">位</string>
    <string lang="zh-tw" key="BLOCK_SIZE">塊大小</string>
    <string lang="zh-tw" key="MODE">模式</string>
    <string lang="zh-tw" key="PKCS5_PRF">PKCS-5 PRF</string>
    <string lang="zh-tw" key="PKCS5_ITERATIONS">PKCS-5 反覆運算次數</string>
    <string lang="zh-tw" key="VOLUME_CREATE_DATE">加密區建立時間</string>
    <string lang="zh-tw" key="VOLUME_HEADER_DATE">頭資訊上次修改時間</string>
    <string lang="zh-tw" key="VOLUME_HEADER_DAYS"> (%I64d 天前)</string>
    <string lang="zh-tw" key="FIRST_AVAILABLE">首個可用的</string>
    <string lang="zh-tw" key="REMOVABLE">可移動媒體</string>
    <string lang="zh-tw" key="HARDDISK">硬碟</string>
    <string lang="zh-tw" key="UNCHANGED">不改變</string>
    <string lang="zh-tw" key="AFTER_UPGRADE_RELEASE_NOTES">您想查看目前版本的 TrueCrypt 的發行說明嗎？</string>
    <string lang="zh-tw" key="AFTER_INSTALL_TUTORIAL">如果您以前從未沒有使用過 TrueCrypt，我們推薦您先閱讀“TrueCrypt User Guide”說明文件中的“Beginner's Tutorial”章節。您想要查看使用者指南嗎？</string>
    <string lang="zh-tw" key="SELECT_INSTALL_DIR">請選擇安裝目錄</string>
    <string lang="zh-tw" key="SETUP_ADMIN">要成功安裝/移除 TrueCrypt，您必須具有系統管理員權限，您確定要繼續嗎？</string>
    <string lang="zh-tw" key="INSTALL_FAILED">安裝失敗！</string>
    <string lang="zh-tw" key="UNINSTALL_FAILED">移除失敗！</string>
    <string lang="zh-tw" key="ROLLBACK">安裝已經回復。</string>
    <string lang="zh-tw" key="INSTALL_OK">TrueCrypt 已成功安裝。</string>
    <string lang="zh-tw" key="UNINSTALL_OK">TrueCrypt 已成功移除。\n\n按一下 '完成' 按鈕來移除 TrueCrypt 安裝程式和資料夾 %hs。注意：如果該資料夾中含有非安裝程式建立的檔，則該資料夾不會被移除。</string>
    <string lang="zh-tw" key="REMOVING_REG">正在移除 TrueCrypt 登錄檔項目。</string>
    <string lang="zh-tw" key="ADDING_REG">正在新增登錄檔項目</string>
    <string lang="zh-tw" key="REMOVING_APPDATA">正在刪除程式相關資料</string>
    <string lang="zh-tw" key="INSTALLING">正在安裝</string>
    <string lang="zh-tw" key="COPYING">正在複製</string>
    <string lang="zh-tw" key="STOPPING">正在停止</string>
    <string lang="zh-tw" key="REMOVING">正在刪除</string>
    <string lang="zh-tw" key="SERVICE">服務</string>
    <string lang="zh-tw" key="ADDING_ICON">新增圖示</string>
    <string lang="zh-tw" key="CREATING_SYS_RESTORE">建立系統還原點</string>
    <string lang="zh-tw" key="FAILED_SYS_RESTORE">建立系統還原點失敗！</string>
    <string lang="zh-tw" key="SYS_RESTORE_CREATED">系統還原點已建立</string>
    <string lang="zh-tw" key="INSTALL_OF_FAILED">'%hs' 的安裝已失敗。 %hs 您想要繼續安裝嗎？</string>
    <string lang="zh-tw" key="UNINSTALL_OF_FAILED">'%hs' 的移除已失敗。 %hs 您想要繼續移除嗎？</string>
    <string lang="zh-tw" key="INSTALL_COMPLETED">安裝完成。</string>
    <string lang="zh-tw" key="CANT_CREATE_FOLDER">資料夾 '%hs' 無法被建立</string>
    <string lang="zh-tw" key="CLOSE_TC_FIRST">無法移除 TrueCrypt 驅動程式。\n\n請首先關閉所有使用中的 TrueCrypt 視窗。如果這樣仍然沒有作用，請重啟電腦然後再試一次。</string>
    <string lang="en" key="DISMOUNT_ALL_FIRST">All TrueCrypt volumes must be dismounted before installing or uninstalling TrueCrypt.</string>
    <string lang="zh-tw" key="REG_INSTALL_FAILED">安裝註冊表項目失敗</string>
    <string lang="zh-tw" key="DRIVER_INSTALL_FAILED">安裝驅動程式失敗。請重啟電腦後再嘗試安裝 TrueCrypt。</string>
    <string lang="zh-tw" key="STARTING_DRIVER">正在啟動 TrueCrypt 驅動程式</string>
    <string lang="zh-tw" key="DRIVER_UINSTALL_FAILED">驅動程式的移除已失敗</string>
    <string lang="zh-tw" key="INSTALLING_DRIVER">正在安裝 TrueCrypt 驅動程式</string>
    <string lang="zh-tw" key="STOPPING_DRIVER">正在停止 TrueCrypt 驅動程式</string>
    <string lang="zh-tw" key="REMOVING_DRIVER">正在移除 TrueCrypt 驅動程式</string>
    <string lang="zh-tw" key="COM_REG_FAILED">註冊用戶帳戶控制支援類庫失敗。</string>
    <string lang="zh-tw" key="COM_DEREG_FAILED">取消用戶帳戶支援類庫失敗。</string>
    <string lang="zh-tw" key="OUTER_VOL_WRITE_PREVENTED">外層(!)</string>
    <string lang="zh-tw" key="DAYS">天</string>
    <string lang="zh-tw" key="HOURS">小時</string>
    <string lang="zh-tw" key="MINUTES">分鐘</string>
    <string lang="zh-tw" key="SECONDS">秒</string>
    <string lang="zh-tw" key="OPEN">打開</string>
    <string lang="zh-tw" key="DISMOUNT">卸載</string>
    <string lang="zh-tw" key="SHOW_TC">顯示 TrueCrypt</string>
    <string lang="zh-tw" key="HIDE_TC">隱藏 TrueCrypt</string>
    <string lang="zh-tw" key="TOTAL_DATA_READ">載入以來讀取的資料</string>
    <string lang="zh-tw" key="TOTAL_DATA_WRITTEN">載入以來寫入的資料</string>
    <string lang="zh-tw" key="FAVORITE_VOLUMES_SAVED">保存的喜愛加密區。</string>
    <string lang="zh-tw" key="ENTER_PASSWORD_FOR">為 %hs 輸入密碼</string>
    <string lang="zh-tw" key="KEYFILE_CREATED">金鑰檔已成功建立。</string>
    <string lang="zh-tw" key="VOL_HEADER_BACKED_UP">加密區頭資訊備份已經成功建立。\n\n重要：使用復原功能復原時也會復原目前加密區的密碼。另外，如果建立加密區的時候使用了金鑰檔，復原後也需要同樣的金鑰檔來打開加密區。\n\n警告：該加密區頭資訊備份只能用在這個提供備份的加密區上。如果你把該頭資訊備份復原到其它加密區，您可能能夠打開加密區，但是您將無法解密儲存於加密區的任何資料（這是因為您已經改變了加密區的主金鑰）。</string>
    <string lang="zh-tw" key="VOL_HEADER_RESTORED">加密區頭資訊備份已經成功復原。\n\n重要：請注意舊密碼也同樣被復原了。另外，備份時如果需要金鑰檔來載入加密區，復原後也需要同樣的金鑰檔。</string>
    <string lang="zh-tw" key="CONFIRM_VOL_HEADER_BAK">您確定要建立加密區 %hs 的頭資訊的備份嗎？\n\n在您選取“是”後，將會彈出備份的頭資訊檔的檔案名提示對話方塊。注意：標準加密區和隱藏加密區頭資訊均將備份(複製到備份檔案中)，儘管有時在加密區裡面並沒有隱藏加密區(為保留隱蔽性)。當復原一個加密區的頭資訊時，您可以選擇復原哪個頭資訊(例如，隱藏卷或是標準卷)。</string>
    <string lang="zh-tw" key="CONFIRM_VOL_HEADER_RESTORE">您確定要復原加密區 %hs 的頭資訊嗎？\n\n警告：復原加密區頭資訊也會復原在建立備份時有效的密碼。另外，如果在備份時需要使用金鑰檔載入加密區，那麼在頭資訊復原後，仍然需要同樣的金鑰檔。\n\n在您選取“是”後，您將選擇頭資訊備份檔案。</string>
    <string lang="zh-tw" key="HEADER_RESTORE_TYPE">請選擇您要復原頭資訊的 TrueCrypt 加密區類型：</string>
    <string lang="zh-tw" key="RESTORE_NORMAL_VOLUME_HEADER">復原標準加密區頭資訊</string>
    <string lang="zh-tw" key="RESTORE_HIDDEN_VOLUME_HEADER">復原隱藏加密區頭資訊</string>
    <string lang="zh-tw" key="CONFIRM_SAVE_FAVORITE_VOL">保存目前的載入的加密區和它們的磁碟機代號到喜愛的加密區列表中嗎？\n\n注意：如果未載入加密區，喜愛的加密區列表將被刪除。</string>
    <string lang="zh-tw" key="DISMOUNT_FIRST">在操作前請卸載加密區。</string>
    <string lang="zh-tw" key="IDPM_CHECK_FILESYS">檢查檔案系統</string>
    <string lang="zh-tw" key="IDPM_REPAIR_FILESYS">修正檔案系統</string>
    <string lang="zh-tw" key="IDPM_PROPERTIES">內容(&amp;R)</string>
    <string lang="zh-tw" key="HIDDEN_VOL_PROTECTION">隱藏加密區已被保護</string>
    <string lang="zh-tw" key="N_A_UISTR">無</string>
    <string lang="zh-tw" key="UISTR_YES">是</string>
    <string lang="zh-tw" key="UISTR_NO">否</string>
    <string lang="zh-tw" key="MODE_OF_OPERATION">操作模式</string>
    <string lang="zh-tw" key="UNSUPPORTED_CHARS_IN_PWD">錯誤：密碼必須僅包含 ASCII 字元。\n\n密碼中的非-ASCII 字元可能會導致在作業系統配置改變時加密區無法載入。\n\n允許使用以下字元：\n\n  ! " # $ % &amp; ' ( ) * + , - . / 0 1 2 3 4  5 6 7 8 9 : ; &lt; = &gt; ? @ A B C D E F  G H I J K L M N O P Q R S T U V W X  Y Z [ \\ ] ^ _ ` a b c d e f g h i j k l m  n o p q r s t u v w k y z { | } ~</string>
    <string lang="zh-tw" key="UNSUPPORTED_CHARS_IN_PWD_RECOM">警告：密碼中包含非-ASCII 字元。可能會導致在操作系統組態改變時加密區無法載入。\n\n您應當使用 ASCII 字元取代密碼中的非 ASCII 字元。 如要這樣做，選取“加密區” -&gt; “修改加密區密碼”\n\n以下字元為 ASCII 字元：\n\n  ! " # $ % &amp; ' ( ) * + , - . / 0 1 2 3 4  5 6 7 8 9 : ; &lt; = &gt; ? @ A B C D E F  G H I J K L M N O P Q R S T U V W X  Y Z [ \\ ] ^ _ ` a b c d e f g h i j k l m  n o p q r s t u v w k y z { | } ~</string>
    <string lang="zh-tw" key="EXE_FILE_EXTENSION_CONFIRM">警告：我們推薦您對加密區檔起名是不要使用可執行檔副檔名（例如 .exe，.sys，或 .dll）。使用這些副檔名通常會被 Windows 或反病毒軟件干預，這會嚴重影響加密區的性能，也可能會導致其它嚴重的系統問題。\n\n確定繼續嗎？</string>
    <string lang="zh-tw" key="EXE_FILE_EXTENSION_MOUNT_WARNING">警告：該加密區帶有可執行檔的副檔名（例如 .exe，.sys，或 .dll）。使用這些副檔名通常會被 Windows 或反病毒軟件干預，這會嚴重影響加密區的性能，也可能會導致其它嚴重的系統問題。\n\n我們推薦您在斷開加密區後更改加密區檔的副檔名 。</string>
    <string lang="zh-tw" key="HOMEPAGE">主頁(線上)</string>
    <string lang="zh-tw" key="LARGE_IDE_WARNING_XP">警告：看起來您還沒有安裝任何 Windows 作業系統的修正檔案。您不應當向未安裝 SP1 或以後修正檔案的 Windows XP 系統中的大於 128 GB 的 IDE 硬碟寫入資料！如果這樣做了，磁碟上的資料(不論是否為 TrueCrypt 加密區)可能會損壞。注意：這是 Windows 作業系統的限制，而不是 TrueCrypt 的錯誤。</string>
    <string lang="zh-tw" key="LARGE_IDE_WARNING_2K">警告：看起來您的 Windows 2000 系統還未安裝 SP3 或以後修正檔案。您不應當向這個系統中大於 128 GB 的 IDE 硬碟寫入資料！如果這樣 做了，磁碟上的資料(不論是否為 TrueCrypt 加密區)可能會損壞。注意：這是 Windows 作業系統的限制，而不是 TrueCrypt 的錯誤。\n\n注意：您也需在註冊表裡啟用 48-位 LBA 支援；更多資訊，請參考 http：//support.microsoft.com/kb/305098/EN-US</string>
    <string lang="en" key="LARGE_IDE_WARNING_2K_REGISTRY">WARNING: 48-bit LBA ATAPI support is disabled on your system. Therefore, you should not write to IDE disks larger than 128 GB! If you do, data on the disk (no matter if it is a TrueCrypt volume or not) may get corrupted. Note that this is a limitation of Windows, not a limitation of TrueCrypt.\n\nTo enable the 48-bit LBA support, add the 'EnableBigLba' registry value in the registry key HKEY_LOCAL_MACHINE\\SYSTEM\\CurrentControlSet\\Services\\atapi\\Parameters and set it to 1.\n\nFor more information, see http://support.microsoft.com/kb/305098</string>
    <string lang="zh-tw" key="VOLUME_TOO_LARGE_FOR_FAT32">錯誤：大於 4 GB 的檔無法儲存於 FAT32 檔案系統。因此，儲存於 FAT32 檔案系統上的檔案類型的加密區(容器)無法大於 4 GB。\n\n如果您需要大容量的加密區，請在 NTFS 檔案系統建立，除此之外，您也可以使用建立加密磁碟分割來代替。</string>
    <string lang="zh-tw" key="FREE_SPACE_FOR_WRITING_TO_OUTER_VOLUME">警告：如果您想以後向外層加密區中新增更多的資料或檔，您應當考慮為隱藏加密區選擇一個小一點的尺寸。\n\n您確定要以指定的尺寸繼續嗎？</string>
    <string lang="zh-tw" key="NO_VOLUME_SELECTED">未選擇加密區。\n\n選取“選擇裝置...”或“選擇檔...”來選擇 TrueCrypt 加密區。</string>
    <string lang="zh-tw" key="CONFIRM_SAVE_DEFAULT_KEYFILES">您確定保存選定的金鑰檔/路徑作為預設嗎？\n\n警告：如果預設的金鑰檔被設定和啟用後，則無法載入不使用該金鑰檔的加密區。載入此類加密區時，不要在輸入加密區密碼對話方塊裡選中“使用金鑰檔”核取方塊。</string>
    <string lang="zh-tw" key="HK_AUTOMOUNT_DEVICES">自動載入裝置</string>
    <string lang="zh-tw" key="HK_DISMOUNT_ALL">全部卸載</string>
    <string lang="zh-tw" key="HK_WIPE_CACHE">清除緩存</string>
    <string lang="zh-tw" key="HK_FORCE_DISMOUNT_ALL_AND_WIPE">強制全部卸載並清除緩存</string>
    <string lang="zh-tw" key="HK_FORCE_DISMOUNT_ALL_AND_WIPE_AND_EXIT">強制全部卸載清除緩存並結束程式</string>
    <string lang="zh-tw" key="HK_MOUNT_FAVORITE_VOLUMES">載入喜愛的加密區</string>
    <string lang="zh-tw" key="HK_SHOW_HIDE_MAIN_WINDOW">顯示/隱藏 TrueCrypt 主視窗</string>
    <string lang="zh-tw" key="PRESS_A_KEY_TO_ASSIGN">(按一下這裡並按下某個鍵盤按鍵)</string>
    <string lang="zh-tw" key="ACTION">操作</string>
    <string lang="zh-tw" key="SHORTCUT">熱鍵</string>
    <string lang="zh-tw" key="CANNOT_USE_RESERVED_KEY">錯誤：該熱鍵為系統保留熱鍵，請選擇一個其它的。</string>
    <string lang="zh-tw" key="SHORTCUT_ALREADY_IN_USE">錯誤：熱鍵已被使用。</string>
    <string lang="zh-tw" key="HOTKEY_REGISTRATION_ERROR">警告：一個或多個 TrueCrypt 作用於系統範圍的熱鍵無法使用！\n\n請確定 TrueCrypt 的這些熱鍵沒有被其它程式或作業系統使用。</string>
    <string lang="en" key="MOUNTED_VOLUMES_DISMOUNTED">All mounted TrueCrypt volumes have been dismounted.</string>
    <string lang="en" key="MOUNTED_VOLUMES_AUTO_DISMOUNTED">All mounted TrueCrypt volumes have been auto-dismounted.\n\nNote: You can disable or configure auto-dismount in the 'Auto-Dismount' section of the Preferences window (select Settings -&gt; Preferences).</string>
    <string lang="zh-tw" key="DISMOUNT_ALL_ATTEMPT_COMPLETED">卸載了所有載入的 TrueCrypt 加密區。</string>
    <string lang="zh-tw" key="VOLUMES_DISMOUNTED_CACHE_WIPED">所有載入的 TrueCrypt 已被卸載，密碼緩存已被清除。</string>
    <string lang="en" key="CONFIRM_TIMESTAMP_UPDATING">WARNING: If timestamps are not preserved, plausible deniability may be adversely affected!\n\nAre you sure you do not want container timestamps to be preserved?</string>
    <string lang="zh-tw" key="CONFIRM_BACKGROUND_TASK_DISABLED">警告：如果 TrueCrypt 背景工作被停用，以下的功能在您結束 TrueCrypt 後將會失效：\n\n1) 系統熱鍵\n2) 自動斷開加密區（例如登出時，意外的主裝置移除，超時，等等）\n3) 提示(例如：對隱藏加密區的損壞被阻止時)\n4) 通知區域圖示\n\n注意：您可以隨時在通過按右鍵 TrueCrypt 的通知區域圖示並選擇“結束”來停止背景工作。\n\n您確定要停止 TrueCrypt 的背景工作嗎？</string>
    <string lang="zh-tw" key="CONFIRM_NO_FORCED_AUTODISMOUNT">警告：如果此選項被停用，包含使用中的檔/目錄 的加密區將無法自動卸載。\n\n您確定要停用這個選項嗎？</string>
    <string lang="zh-tw" key="WARN_PREF_AUTO_DISMOUNT">警告：包含使用中的檔/目錄的加密區將無法自動卸載。\n\n要防止這種情況，在對話方塊視窗中啟用以下選項： “強行自動卸載，不論加密區是否包含使用中的檔或目錄”</string>
    <string lang="zh-tw" key="CONFIRM_EXIT">警告：如果 TrueCrypt 現在結束，下列功能將會被停用：\n\n1) 系統熱鍵\n2) 自動斷開加密區（例如登出時，意外的主裝置移除，超時，等等）\n3) 提示(例如，當阻止損害隱藏加密區時)\n\n注意：如果您不希望 TrueCrypt 在關閉程式視窗後以背景方式運行，請在程式參數選擇裡面停用背景工作選項。\n\n您確定要結束 TrueCrypt 嗎？</string>
    <string lang="zh-tw" key="HIDVOL_PROT_BKG_TASK_WARNING">警告： TrueCrypt 背景工作已停用。在您結束 TrueCrypt 後，如果對隱藏加密區的損壞企圖已被保護，您也將無法得到提示。\n\n注意：您可以隨時在通過按右鍵 TrueCrypt 的通知區域圖示並選擇“結束”來停止背景工作。\n\n\n您要啟用 TrueCrypt 背景工作嗎？</string>
    <string lang="zh-tw" key="LANG_PACK_VERSION">語言檔案版本： %s</string>
    <string lang="zh-tw" key="CHECKING_FS">正在檢測載入為 %hs 的 TrueCrypt 加密區的檔案系統...</string>
    <string lang="zh-tw" key="REPAIRING_FS">正在試圖修正載入為 %hs 的 TrueCrypt 加密區的檔案系統...</string>
    <string lang="en" key="WARN_64_BIT_BLOCK_CIPHER">Warning: This volume is encrypted with a legacy encryption algorithm.\n\nAll 64-bit-block encryption algorithms (e.g., Blowfish, CAST-128, or Triple DES) are deprecated. It will be possible to mount this volume using future versions of TrueCrypt. However, there will be no further enhancements to the implementations of these legacy encryption algorithms. We recommend that you create a new TrueCrypt volume encrypted with a 128-bit-block encryption algorithm (e.g., AES, Serpent, Twofish, etc.) and that you move all files from this volume to the new volume.</string>
    <string lang="zh-tw" key="SYS_AUTOMOUNT_DISABLED">您的系統未被配置為自動載入新加密區。 因此也不可能載入裝置類的加密區。自動卸載 可以在執行下列命令後從啟系統來啟用。\n\n\nmountvol.exe /E</string>
    <string lang="zh-tw" key="SYS_ASSIGN_DRIVE_LETTER">請在繼續前為該裝置/磁碟分割指定一個代號 ('控制台' &gt; '系統和維護' &gt; '管理工具' - '建立和格式化磁碟分割')。\n\n這些是作業系統來所需要的的。</string>
    <string lang="zh-tw" key="MOUNT_TC_VOLUME">載入 TrueCrypt 加密區</string>
    <string lang="zh-tw" key="DISMOUNT_ALL_TC_VOLUMES">斷開所有 TrueCrypt 加密區</string>
    <string lang="zh-tw" key="UAC_INIT_ERROR">TrueCrypt 獲取系統管理員權限失敗。</string>
    <string lang="zh-tw" key="ERR_ACCESS_DENIED">存取已被作業系統拒絕。\n\n可能原因：作業系統要求你對某些資料夾、檔、和裝置具有讀寫權限（或管理員權限），以便您能夠從其中讀寫資料。通常情況下，非系統管理員僅允許在他自己的說明文件資料夾中建立、讀取和修改檔。</string>
    <string lang="en" key="LARGE_SECTOR_UNSUPPORTED">Error: The selected device uses a sector size other than 512 bytes.\n\nIt is currently not possible to create device-hosted volumes on devices that use a sector size other than 512 bytes. However, note that you can create a file-hosted volume (container) on this device.</string>
    <string lang="zh-tw" key="KEYFILE">金鑰檔案</string>
    <string lang="zh-tw" key="VOLUME_LABEL">名稱</string>
    <string lang="zh-tw" key="VKEY_08">Backspace</string>
    <string lang="zh-tw" key="VKEY_09">Tab</string>
    <string lang="zh-tw" key="VKEY_0C">Clear</string>
    <string lang="zh-tw" key="VKEY_0D">Enter</string>
    <string lang="zh-tw" key="VKEY_13">Pause</string>
    <string lang="zh-tw" key="VKEY_14">Caps Lock</string>
    <string lang="zh-tw" key="VKEY_20">Spacebar</string>
    <string lang="zh-tw" key="VKEY_21">Page Up</string>
    <string lang="zh-tw" key="VKEY_22">Page Down</string>
    <string lang="zh-tw" key="VKEY_23">End</string>
    <string lang="zh-tw" key="VKEY_24">Home</string>
    <string lang="zh-tw" key="VKEY_25">左箭頭</string>
    <string lang="zh-tw" key="VKEY_26">上箭頭</string>
    <string lang="zh-tw" key="VKEY_27">右箭頭</string>
    <string lang="zh-tw" key="VKEY_28">下箭頭</string>
    <string lang="zh-tw" key="VKEY_29">Select Key</string>
    <string lang="zh-tw" key="VKEY_2A">Print Key</string>
    <string lang="zh-tw" key="VKEY_2B">Execute Key</string>
    <string lang="zh-tw" key="VKEY_2C">Print Screen</string>
    <string lang="zh-tw" key="VKEY_2D">Insert</string>
    <string lang="zh-tw" key="VKEY_2E">Delete</string>
    <string lang="zh-tw" key="VKEY_5D">Applications Key</string>
    <string lang="zh-tw" key="VKEY_5F">Sleep</string>
    <string lang="zh-tw" key="VKEY_90">Num Lock</string>
    <string lang="zh-tw" key="VKEY_91">Scroll Lock</string>
    <string lang="zh-tw" key="VKEY_A6">Browser Back</string>
    <string lang="zh-tw" key="VKEY_A7">Browser Forward</string>
    <string lang="zh-tw" key="VKEY_A8">Browser Refresh</string>
    <string lang="zh-tw" key="VKEY_A9">Browser Stop</string>
    <string lang="zh-tw" key="VKEY_AA">Browser Search</string>
    <string lang="zh-tw" key="VKEY_AB">Browser Favorites</string>
    <string lang="zh-tw" key="VKEY_AC">Browser Home</string>
    <string lang="zh-tw" key="VKEY_AD">Mute</string>
    <string lang="zh-tw" key="VKEY_AE">Volume Down</string>
    <string lang="zh-tw" key="VKEY_AF">Volume Up</string>
    <string lang="zh-tw" key="VKEY_B0">Next Track</string>
    <string lang="zh-tw" key="VKEY_B1">Previous Track</string>
    <string lang="zh-tw" key="VKEY_B2">Stop Media</string>
    <string lang="zh-tw" key="VKEY_B3">Play/Pause Media</string>
    <string lang="zh-tw" key="VKEY_B4">Start Mail Key</string>
    <string lang="zh-tw" key="VKEY_B5">Select Media Key</string>
    <string lang="zh-tw" key="VKEY_B6">Application 1</string>
    <string lang="zh-tw" key="VKEY_B7">Application 2</string>
    <string lang="zh-tw" key="VKEY_F6">Attn</string>
    <string lang="zh-tw" key="VKEY_F7">CrSel</string>
    <string lang="zh-tw" key="VKEY_F8">ExSel</string>
    <string lang="zh-tw" key="VKEY_FA">Play</string>
    <string lang="zh-tw" key="VKEY_FB">Zoom</string>
    <string lang="zh-tw" key="VK_NUMPAD">數位鍵盤</string>
    <string lang="zh-tw" key="VK_SHIFT">Shift</string>
    <string lang="zh-tw" key="VK_CONTROL">Control</string>
    <string lang="zh-tw" key="VK_ALT">Alt</string>
    <string lang="zh-tw" key="VK_WIN">Win</string>
    <string lang="zh-tw" key="BYTE">B</string>
    <string lang="zh-tw" key="KB">KB</string>
    <string lang="zh-tw" key="MB">MB</string>
    <string lang="zh-tw" key="GB">GB</string>
    <string lang="zh-tw" key="TB">TB</string>
    <string lang="zh-tw" key="PB">PB</string>
    <string lang="zh-tw" key="B_PER_SEC">B/s</string>
    <string lang="zh-tw" key="KB_PER_SEC">KB/s</string>
    <string lang="zh-tw" key="MB_PER_SEC">MB/s</string>
    <string lang="zh-tw" key="GB_PER_SEC">GB/s</string>
    <string lang="zh-tw" key="TB_PER_SEC">TB/s</string>
    <string lang="zh-tw" key="PB_PER_SEC">PB/s</string>
  </localization>
</TrueCrypt>
