﻿<?xml version="1.0" encoding="utf-8"?>
<TrueCrypt>
  <localization prog-version="4.3a">
    <!-- Languages -->
    <language langid="it" name="Italiano" en-name="Italian" version="0.1.0" translators="Luciano Zanin, Pasquale Fraccalvieri" />
    <!-- Fonts -->
    <font lang="it" class="normal" size="11" face="default" />
    <font lang="it" class="bold" size="13" face="Arial" />
    <font lang="it" class="fixed" size="12" face="Lucida Console" />
    <font lang="it" class="title" size="21" face="Times New Roman" />
    <!-- Controls -->
    <control lang="it" key="IDCANCEL">Annulla</control>
    <control lang="it" key="IDC_ALL_USERS">Installa per tutti gli utenti</control>
    <control lang="it" key="IDC_BROWSE">&amp;Sfoglia...</control>
    <control lang="it" key="IDC_DESKTOP_ICON">Aggiungi icona di TrueCrypt al &amp;desktop</control>
    <control lang="it" key="IDC_FILE_TYPE">Associa l'&amp;estensione '.tc' a TrueCrypt</control>
    <control lang="it" key="IDC_INSTALL">&amp;Installa</control>
    <control lang="it" key="IDC_PROG_GROUP">Aggiungi TrueCrypt al menu &amp;Start</control>
    <control lang="it" key="IDC_SYSTEM_RESTORE">Crea Punto di &amp;Ripristino di sistema</control>
    <control lang="it" key="IDC_UNINSTALL">&amp;Disinstalla</control>
    <control lang="it" key="IDD_INSTALL">Installazione di TrueCrypt</control>
    <control lang="it" key="IDD_UNINSTALL">Disinstalla TrueCrypt</control>
    <control lang="it" key="IDT_INSTALL_DIR">Installa &amp;in:</control>
    <control lang="it" key="IDT_INSTALL_OPTIONS">Opzioni di installazione</control>
    <control lang="it" key="IDT_UNINSTALL_DIR">Disinstalla TrueCrypt &amp;da:</control>
    <control lang="it" key="IDC_ABORT_BUTTON">Annulla</control>
    <control lang="it" key="IDC_CIPHER_TEST">&amp;Test</control>
    <control lang="it" key="IDC_HIDDEN_VOL">Crea un volume TrueCrypt nas&amp;costo </control>
    <control lang="it" key="IDC_HIDDEN_VOL_HELP">Cos'è un volume nascosto?</control>
    <control lang="it" key="IDC_HIDVOL_WIZ_MODE_DIRECT">Crea un volume nas&amp;costo dentro un volume TrueCrypt esistente</control>
    <control lang="it" key="IDC_HIDVOL_WIZ_MODE_FULL">Crea un volume TrueCrypt e quindi un volume nascosto interno</control>
    <control lang="it" key="IDC_KB">&amp;KB</control>
    <control lang="en" key="IDC_KEYFILES_ENABLE">U&amp;se keyfiles</control>
    <control lang="en" key="IDC_KEY_FILES">&amp;Keyfiles..</control>
    <control lang="en" key="IDC_LINK_HASH_INFO">Information on hash algorithms</control>
    <control lang="en" key="IDC_LINK_MORE_INFO_ABOUT_CIPHER">More information</control>
    <control lang="it" key="IDC_MB">&amp;MB</control>
    <control lang="it" key="IDC_NO_HISTORY">Non sa&amp;lvare la cronologia</control>
    <control lang="it" key="IDC_OPEN_OUTER_VOLUME">Apri Volume Esterno</control>
    <control lang="it" key="IDC_QUICKFORMAT">Formattazione veloce</control>
    <control lang="it" key="IDC_SELECT_DEVICE">Sel. D&amp;ispositivo...</control>
    <control lang="it" key="IDC_SELECT_FILE">Seleziona &amp;File...</control>
    <control lang="en" key="IDC_SHOW_PASSWORD">&amp;Display password</control>
    <control lang="en" key="IDC_SHOW_PASSWORD_HIDVOL_HOST">&amp;Display password</control>
    <control lang="it" key="IDC_STD_VOL">Crea un volume standard di TrueCrypt</control>
    <control lang="it" key="IDC_WIZ_BENCHMARK">&amp;Benchmark</control>
    <control lang="it" key="IDD_MKFS_DLG">Creazione guidata volume TrueCrypt</control>
    <control lang="it" key="IDHELP">&amp;Aiuto</control>
    <control lang="it" key="IDT_CLUSTER">Cluster </control>
    <control lang="it" key="IDT_CONFIRM">&amp;Conferma:</control>
    <control lang="it" key="IDT_DONE">Fatto </control>
    <control lang="it" key="IDT_ENCRYPTION_ALGO">Algoritmo di crittografia</control>
    <control lang="it" key="IDT_FILESYSTEM">Filesystem </control>
    <control lang="it" key="IDT_FORMAT_OPTIONS">Opzioni</control>
    <control lang="it" key="IDT_HASH_ALGO">Algoritmo di Hash</control>
    <control lang="it" key="IDT_HEADER_KEY">Chiave Header:</control>
    <control lang="it" key="IDT_LEFT">Ancora: </control>
    <control lang="it" key="IDT_MASTER_KEY">Chiave Master:</control>
    <control lang="it" key="IDT_PASSWORD">Password:</control>
    <control lang="it" key="IDT_RANDOM_POOL">Pool Casuale:</control>
    <control lang="it" key="IDT_SPEED">Velocità </control>
    <control lang="it" key="IDCLOSE">Chiudi</control>
    <control lang="it" key="IDC_AUTORUN_DISABLE">Non fare nulla</control>
    <control lang="it" key="IDC_AUTORUN_MOUNT">Monta &amp;automaticamente il volume TrueCrypt (qui di seguito specificato)</control>
    <control lang="it" key="IDC_AUTORUN_START">&amp;Avvia TrueCrypt</control>
    <control lang="it" key="IDC_BROWSE_DIRS">Sfoglia...</control>
    <control lang="it" key="IDC_BROWSE_FILES">Sfoglia...</control>
    <control lang="en" key="IDC_CACHE">Cache passwords and keyfil&amp;es in memory</control>
    <control lang="it" key="IDC_CLOSE_BKG_TASK_WHEN_NOVOL">Esci quando non ci sono volumi montati</control>
    <control lang="it" key="IDC_COPY_WIZARD">Includi Creazione Guidata Volume TrueCrypt</control>
    <control lang="it" key="IDC_CREATE">Crea</control>
    <control lang="it" key="IDC_CREATE_VOLUME">&amp;Crea Volume</control>
    <control lang="it" key="IDC_DISMOUNT_CONFIRM_MSG_BOX">Mostra messaggio di conferma dopo lo smontaggio</control>
    <control lang="it" key="IDC_DISMOUNT_CONFIRM_PLAY_SOUND">Esegui avviso sonoro di sistema dopo il montaggio/smontaggio</control>
    <control lang="it" key="IDC_ENABLE_KEYFILES">Utilizza keyfiles</control>
    <control lang="it" key="IDC_ENABLE_NEW_KEYFILES">Utilizza keyfiles</control>
    <control lang="it" key="IDC_EXIT">E&amp;sci</control>
    <control lang="it" key="IDC_HK_MOD_ALT">Alt</control>
    <control lang="it" key="IDC_HK_MOD_CTRL">Control</control>
    <control lang="it" key="IDC_HK_MOD_SHIFT">Maiusc</control>
    <control lang="it" key="IDC_HK_MOD_WIN">Win</control>
    <control lang="it" key="IDC_HOTKEY_ASSIGN">Assegna</control>
    <control lang="it" key="IDC_HOTKEY_REMOVE">Rimuovi</control>
    <control lang="it" key="IDC_KEYFILES">Keyfiles...</control>
    <control lang="it" key="IDC_MOUNTALL">Montaggio &amp;Autom. Disp.</control>
    <control lang="en" key="IDC_MOUNT_OPTIONS">Mount Opti&amp;ons...</control>
    <control lang="it" key="IDC_MOUNT_READONLY">Monta volume in sola &amp;lettura</control>
    <control lang="it" key="IDC_NEW_KEYFILES">Keyfiles...</control>
    <control lang="it" key="IDC_PREFS_HOTKEY_SETTINGS">Impost. Tasti Rapidi...</control>
    <control lang="it" key="IDC_PREFS_KEYFILE_SETTINGS">Default Keyfiles...</control>
    <control lang="it" key="IDC_PREF_BKG_TASK_ENABLE">Abilitato</control>
    <control lang="it" key="IDC_PREF_CACHE_PASSWORDS">Conserva passwords in memoria</control>
    <control lang="it" key="IDC_PREF_CLOSE_DISMOUNTED_WINDOWS">Chiudi tutte le finestre di Explorer per il volume che sta per essere smontato</control>
    <control lang="it" key="IDC_PREF_DISMOUNT_INACTIVE">Smontaggio Automatico del volume in mancanza di attività dopo </control>
    <control lang="it" key="IDC_PREF_DISMOUNT_LOGOFF">Disconnessione utente</control>
    <control lang="it" key="IDC_PREF_DISMOUNT_POWERSAVING">Attiv. modalità risparmio energia</control>
    <control lang="it" key="IDC_PREF_DISMOUNT_SCREENSAVER">Il salvaschermo è attivato</control>
    <control lang="it" key="IDC_PREF_FORCE_AUTO_DISMOUNT">Forza smontaggio automatico anche con file o cartelle aperti sul volume</control>
    <control lang="it" key="IDC_PREF_LOGON_MOUNT_DEVICES">Monta tutti i volumi residenti su dispositivi</control>
    <control lang="it" key="IDC_PREF_LOGON_MOUNT_FAVORITES">Monta volumi preferiti</control>
    <control lang="it" key="IDC_PREF_LOGON_START">Avvia TrueCrypt</control>
    <control lang="it" key="IDC_PREF_MOUNT_READONLY">Monta volumi in sola lettura</control>
    <control lang="it" key="IDC_PREF_MOUNT_REMOVABLE">Monta volumi come dispositivi rimovibili</control>
    <control lang="it" key="IDC_PREF_OPEN_EXPLORER">Apri finestra di Esplora Risorse per i volumi che vengono montati</control>
    <control lang="it" key="IDC_PREF_WIPE_CACHE_ON_AUTODISMOUNT">Azzera le passwords memorizzate nella cache quando esegui lo smontaggio automatico</control>
    <control lang="it" key="IDC_PREF_WIPE_CACHE_ON_EXIT">Azzera password nella cache quando esci</control>
    <control lang="en" key="IDC_PRESERVE_TIMESTAMPS">Preserve timestamps of file containers</control>
    <control lang="it" key="IDC_RESET_HOTKEYS">Resetta</control>
    <control lang="en" key="IDC_SHOW_PASSWORD_CHPWD_NEW">Display password</control>
    <control lang="en" key="IDC_SHOW_PASSWORD_CHPWD_ORI">Display password</control>
    <control lang="it" key="IDC_TRAVEL_OPEN_EXPLORER">Apri &amp;Esplora Risorse per i volumi montati</control>
    <control lang="it" key="IDC_TRAV_CACHE_PASSWORDS">&amp;Conserva password nella memoria del driver</control>
    <control lang="it" key="IDC_UNMOUNTALL">S&amp;monta Tutti</control>
    <control lang="it" key="IDC_VOLUME_PROPERTIES">&amp;Proprietà del Volume...</control>
    <control lang="it" key="IDC_VOLUME_TOOLS">&amp;Strumenti Volume...</control>
    <control lang="it" key="IDC_WIPE_CACHE">&amp;Azzera la Cache</control>
    <control lang="it" key="IDD_HOTKEYS_DLG">TrueCrypt - Tasti di scelta rapida</control>
    <control lang="it" key="IDD_MOUNT_DLG">TrueCrypt</control>
    <control lang="it" key="IDD_PASSWORDCHANGE_DLG">Modifica Password del Volume e dei Keyfiles</control>
    <control lang="it" key="IDD_PASSWORD_DLG">Inserisci password per il Volume di TrueCrypt</control>
    <control lang="it" key="IDD_PREFERENCES_DLG">TrueCrypt - Preferenze</control>
    <control lang="it" key="IDD_TRAVELLER_DLG">TrueCrypt Setup Disco Portatile</control>
    <control lang="it" key="IDD_VOLUME_PROPERTIES">Proprietà Volume di TrueCrypt</control>
    <control lang="it" key="IDM_ABOUT">About...</control>
    <control lang="it" key="IDM_ADD_REMOVE_VOL_KEYFILES">Aggiungi/Rimuovi Keyfiles a/da Volume...</control>
    <control lang="it" key="IDM_BACKUP_VOL_HEADER">Backup Intestazione Volume...</control>
    <control lang="it" key="IDM_BENCHMARK">Benchmark...</control>
    <control lang="it" key="IDM_BUGREPORT">Riporta un Bug...</control>
    <control lang="it" key="IDM_CHANGE_HEADER_KEY_DERIV_ALGO">Imposta algoritmo per la Chiave dell'Intestazione ...</control>
    <control lang="it" key="IDM_CHANGE_PASSWORD">Modifica Password del Volume...</control>
    <control lang="it" key="IDM_CLEAR_HISTORY">Pulisci Storico del volume</control>
    <control lang="it" key="IDM_CONTACT">Contatta...</control>
    <control lang="it" key="IDM_CREATE_VOLUME">Crea Nuovo Volume...</control>
    <control lang="it" key="IDM_DEFAULT_KEYFILES">Default Keyfiles...</control>
    <control lang="en" key="IDM_DONATIONS">Donations...</control>
    <control lang="it" key="IDM_EXIT">Esci</control>
    <control lang="it" key="IDM_FAQ">FAQ - Frequently Asked Questions</control>
    <control lang="it" key="IDM_FORUMS">Forums</control>
    <control lang="it" key="IDM_GENERATE_KEYFILE">Genera Keyfile casuali...</control>
    <control lang="it" key="IDM_HELP">Guida Utente</control>
    <control lang="it" key="IDM_HOMEPAGE">&amp;Homepage </control>
    <control lang="it" key="IDM_HOTKEY_SETTINGS">Tasti di Scelta Rapida...</control>
    <control lang="it" key="IDM_KEYFILE_GENERATOR">Generatore di Keyfile</control>
    <control lang="it" key="IDM_LANGUAGE">Lingua...</control>
    <control lang="it" key="IDM_LICENSE">Note Legali</control>
    <control lang="it" key="IDM_MOUNTALL">Monta automaticamente tutti i volumi residenti su dispositivi</control>
    <control lang="it" key="IDM_MOUNT_FAVORITE_VOLUMES">Monta Volumi Preferiti</control>
    <control lang="it" key="IDM_MOUNT_VOLUME">Monta Volume</control>
    <control lang="it" key="IDM_MOUNT_VOLUME_OPTIONS">Monta Volume con Opzioni</control>
    <control lang="it" key="IDM_NEWS">News</control>
    <control lang="en" key="IDM_ONLINE_HELP">Online Help</control>
    <control lang="en" key="IDM_ONLINE_TUTORIAL">Beginner's Tutorial</control>
    <control lang="it" key="IDM_PREFERENCES">Preferenze...</control>
    <control lang="it" key="IDM_REFRESH_DRIVE_LETTERS">Aggiorna Lettere di Unità</control>
    <control lang="it" key="IDM_REMOVE_ALL_KEYFILES_FROM_VOL">Rimuovi tutti i keyfiles dal volume...</control>
    <control lang="it" key="IDM_RESTORE_VOL_HEADER">Ripristina Intestazione Volume...</control>
    <control lang="it" key="IDM_SAVE_FAVORITE_VOLUMES">Salva volumi aperti come Preferiti</control>
    <control lang="it" key="IDM_SELECT_DEVICE">Seleziona Dispositivo...</control>
    <control lang="it" key="IDM_SELECT_FILE">Seleziona File...</control>
    <control lang="it" key="IDM_SET_DEFAULT_KEYFILES">Imposta percorsi di default dei Keyfiles...</control>
    <control lang="it" key="IDM_TC_DOWNLOADS">Downloads</control>
    <control lang="it" key="IDM_TEST_VECTORS">Vettori di test...</control>
    <control lang="it" key="IDM_TRAVELLER">Setup Disco Portatile...</control>
    <control lang="it" key="IDM_UNMOUNTALL">Smonta tutti i volumi montati</control>
    <control lang="it" key="IDM_UNMOUNT_VOLUME">Smonta Volume</control>
    <control lang="it" key="IDM_VERSION_HISTORY">Storia versioni</control>
    <control lang="it" key="IDM_VOLUME_PROPERTIES">Proprietà del volume</control>
    <control lang="it" key="IDM_VOLUME_WIZARD">Creazione Guidata Volume</control>
    <control lang="it" key="IDM_WEBSITE">Sito web di TrueCrypt</control>
    <control lang="it" key="IDM_WIPE_CACHE">Azzera le password conservate in memoria</control>
    <control lang="it" key="IDOK">OK</control>
    <control lang="it" key="IDT_ASSIGN_HOTKEY">Scorciatoia</control>
    <control lang="it" key="IDT_AUTORUN">Avvio automatico Configurazione (autorun.inf)</control>
    <control lang="it" key="IDT_AUTO_DISMOUNT">Smontaggio Automatico</control>
    <control lang="it" key="IDT_AUTO_DISMOUNT_ON">Smonta tutti quando:</control>
    <control lang="it" key="IDT_CONFIRM_PASSWORD">Conferma Password:</control>
    <control lang="it" key="IDT_CURRENT">Corrente</control>
    <control lang="it" key="IDT_DEFAULT_MOUNT_OPTIONS">Opzioni di default di Montaggio</control>
    <control lang="it" key="IDT_DISMOUNT_ACTION">Opzioni Tasti Rapidi</control>
    <control lang="it" key="IDT_FILE_SETTINGS">Impostazioni File</control>
    <control lang="it" key="IDT_HOTKEY_KEY">Tasto da assegnare:</control>
    <control lang="it" key="IDT_LOGON">Azioni da eseguire al log on di Windows</control>
    <control lang="it" key="IDT_MINUTES">minuti</control>
    <control lang="it" key="IDT_MOUNT_LETTER">Monta volume come lettera di volume:</control>
    <control lang="it" key="IDT_MOUNT_SETTINGS">Impostazioni di Montaggio</control>
    <control lang="it" key="IDT_NEW">Nuovo</control>
    <control lang="it" key="IDT_NEW_PASSWORD">Password:</control>
    <control lang="en" key="IDT_PKCS5_PRF">PKCS-5 PRF:</control>
    <control lang="it" key="IDT_PW_CACHE_OPTIONS">Password Cache</control>
    <control lang="it" key="IDT_TASKBAR_ICON">TrueCrypt Background Task</control>
    <control lang="it" key="IDT_TRAVELLER_MOUNT">Volume TrueCrypt da montare (relativo alla cartella radice del Disco Portatile):</control>
    <control lang="it" key="IDT_TRAVEL_INSERTION">Dopo aver collegato il Disco Portatile: </control>
    <control lang="it" key="IDT_TRAVEL_ROOT">Crea files del Disco Portatile su (cartella radice del disco portatile):</control>
    <control lang="it" key="IDT_VOLUME">Volume</control>
    <control lang="it" key="IDT_WINDOWS_RELATED_SETTING">Windows</control>
    <control lang="en" key="IDC_ADD_KEYFILE_PATH">Add &amp;Path...</control>
    <control lang="it" key="IDC_AUTO">&amp;Auto-Testa Tutti</control>
    <control lang="it" key="IDC_DECRYPT">&amp;Decifra</control>
    <control lang="it" key="IDC_DISPLAY_POOL_CONTENTS">Mostra il contenuto del pool</control>
    <control lang="en" key="IDC_DONATIONS">Donations...</control>
    <control lang="it" key="IDC_ENCRYPT">&amp;Cifra</control>
    <control lang="it" key="IDC_GENERATE_AND_SAVE_KEYFILE">Genera e Salva Keyfile...</control>
    <control lang="en" key="IDC_GENERATE_KEYFILE">&amp;Generate Random Keyfile...</control>
    <control lang="it" key="IDC_GET_LANG_PACKS">Scarica altri language pack</control>
    <control lang="en" key="IDC_KEYADD">Add &amp;File...</control>
    <control lang="en" key="IDC_KEYFILES_ENABLE_HIDVOL_PROT">U&amp;se keyfiles</control>
    <control lang="it" key="IDC_KEYFILES_HIDVOL_PROT">&amp;Keyfiles...</control>
    <control lang="en" key="IDC_KEYREMOVE">&amp;Remove</control>
    <control lang="en" key="IDC_KEYREMOVEALL">Remove &amp;All</control>
    <control lang="en" key="IDC_LINK_HIDVOL_PROTECTION_INFO">What is hidden volume protection?</control>
    <control lang="en" key="IDC_LINK_KEYFILES_INFO">What is a keyfile?</control>
    <control lang="en" key="IDC_LRW_INDEX_LSB">Least significant bit first</control>
    <control lang="it" key="IDC_LRW_MODE_ENABLED">Modalità LRW</control>
    <control lang="it" key="IDC_MOUNT_REMOVABLE">Monta volume come &amp;media rimovibile</control>
    <control lang="it" key="IDC_PERFORM_BENCHMARK">Benchmark</control>
    <control lang="it" key="IDC_PROTECT_HIDDEN_VOL">&amp;Proteggi volume nascosto contro danni da scrittura sul volume esterno</control>
    <control lang="it" key="IDC_RESET">&amp;Resetta</control>
    <control lang="en" key="IDC_SHOW_PASSWORD_MO">&amp;Display password</control>
    <control lang="it" key="IDD_ABOUT_DLG">About TrueCrypt</control>
    <control lang="it" key="IDD_BENCHMARK_DLG">TrueCrypt - Benchmark Algoritmo di Crittografia</control>
    <control lang="it" key="IDD_CIPHER_TEST_DLG">TrueCrypt - Vettori di Test</control>
    <control lang="it" key="IDD_COMMANDHELP_DLG">Guida per linea di comando</control>
    <control lang="it" key="IDD_KEYFILES">TrueCrypt - Keyfiles</control>
    <control lang="it" key="IDD_KEYFILE_GENERATOR">TrueCrypt - Generatore di Keyfile</control>
    <control lang="it" key="IDD_LANGUAGE">TrueCrypt - Lingua</control>
    <control lang="it" key="IDD_LEGAL_NOTICES_DLG">TrueCrypt - Note Legali</control>
    <control lang="it" key="IDD_MOUNT_OPTIONS">TrueCrypt - Opzioni di Montaggio</control>
    <control lang="it" key="IDD_RAWDEVICES_DLG">Seleziona Partizione o Dispositivo</control>
    <control lang="it" key="IDT_ACTIVE_LANG_PACK">Language pack attivo</control>
    <control lang="it" key="IDT_BOX_BENCHMARK_INFO">La velocità è influenzata dal carico della CPU e dalle caratteristiche del dispositivo di memorizzazione.\n\nQuesti test vengono effettuati nella memoria RAM.</control>
    <control lang="it" key="IDT_BUFFER_SIZE">Dimensione del Buffer:</control>
    <control lang="it" key="IDT_CIPHER">Metodo di cifratura:</control>
    <control lang="it" key="IDT_HIDDEN_PROT_PASSWD">P&amp;assword volume nascosto:\n(se vuota, uso la cache)</control>
    <control lang="it" key="IDT_HIDDEN_VOL_PROTECTION">Protezione Volume Nascosto</control>
    <control lang="it" key="IDT_KEY">Dimensioni della Chiave:</control>
    <control lang="it" key="IDT_KEYFILE_GENERATOR_NOTE">Muovi il mouse in maniera casuale all'interno di questa finestra. Più a lungo viene mosso il mouse migliore è il risultato.</control>
    <control lang="en" key="IDT_KEYFILE_WARNING">WARNING: If you lose a keyfile or if any bit of its first 1024 kilobytes changes, it will be impossible to mount volumes that use the keyfile!</control>
    <control lang="it" key="IDT_KEY_UNIT">bits</control>
    <control lang="it" key="IDT_LANGPACK_AUTHORS">Tradotto da:</control>
    <control lang="it" key="IDT_LRW_BLOCK_INDEX">Blocco indice (esadecimale)</control>
    <control lang="it" key="IDT_LRW_KEY">Chiave secondaria (esadecimale)</control>
    <control lang="it" key="IDT_LRW_MODE">Modalità LRW</control>
    <control lang="it" key="IDT_PLAINTEXT">Dimensione in fomato Testo Semplice:</control>
    <control lang="it" key="IDT_PLAINTEXT_SIZE_UNIT">bits</control>
    <control lang="it" key="IDT_POOL_CONTENTS">Contenuto del pool corrente</control>
    <control lang="it" key="IDT_PRF">Mescolamento PRF:</control>
    <control lang="it" key="IDT_SORT_METHOD">Metodo di Ordinamento:</control>
    <control lang="it" key="IDT_TEST_CIPHERTEXT">Testo cifrato (esadecimale)</control>
    <control lang="it" key="IDT_TEST_KEY">Chiave (esadecimale)</control>
    <control lang="it" key="IDT_TEST_PLAINTEXT">Testo semplice (esadecimale)</control>
    <control lang="it" key="IDT_KEYFILES_NOTE">Qualunque tipo di file (per esempio, .mp3, .jpg, .zip, .avi) può essere usato come keyfile. TrueCrypt non modifica mai il contenuto del keyfile. Puoi selezionare più di un keyfile (l'ordine non ha importanza). Se aggiungi una cartella, tutti i suoi file verranno utilizzati come keyfiles.</control>
    <control lang="it" key="IDT_TEST_CONFIG">Configurazione metodo di cifratura (tutte le dimensioni in bytes)</control>
    <control lang="it" key="IDD_PCDM_CHANGE_PKCS5_PRF">Imposta Algoritmo per la Chiave di Intestazione</control>
    <control lang="it" key="IDD_PCDM_ADD_REMOVE_VOL_KEYFILES">Aggiungi/Rimuovi Keyfiles al/dal Volume</control>
    <control lang="it" key="IDD_PCDM_REMOVE_ALL_KEYFILES_FROM_VOL">Rimuovi tutti i Keyfiles dal Volume</control>
    <control lang="it" key="IDT_EXPLORER_OPTIONS">Esplora Risorse</control>
    <control lang="it" key="IDC_BROWSE_KEYFILES">Sfoglia...</control>
    <control lang="it" key="IDD_KEYFILE_GENERATOR_DLG">TrueCrypt - Generatore di Keyfile</control>
    <control lang="it" key="IDT_LICENSE">Accordo di Licenza:</control>
    <control lang="en" key="IDT_UNINSTALL_INFO">No TrueCrypt volume will be deleted. The registry entries at HKLM\\SYSTEM\\ControlSet001\\Enum\\Root\\LEGACY_TRUECRYPT cannot be removed as Windows does not allow their deletion.</control>
    <control lang="it" key="MENU_FILE">File</control>
    <control lang="it" key="MENU_VOLUMES">&amp;Volumi</control>
    <control lang="it" key="MENU_KEYFILES">&amp;Keyfiles</control>
    <control lang="it" key="MENU_TOOLS">Str&amp;umenti</control>
    <control lang="it" key="MENU_SETTINGS">Impostazio&amp;ni</control>
    <control lang="it" key="MENU_HELP">Aiu&amp;to</control>
    <control lang="it" key="MENU_WEBSITE">   Home&amp;page   </control>
    <!-- Strings -->
    <string lang="it" key="ABOUTBOX">&amp;About...</string>
    <string lang="it" key="ACCESSMODEFAIL">L'attributo di Sola Lettura del tuo vecchio volume non può essere modificato. Verifica le opzioni di Protezione per il file nelle Proprietà.</string>
    <string lang="it" key="ACCESS_DENIED">Errore: Accesso negato.\n\nLa partizione a cui stai tentando di accedere ha lunghezza di 0 settori oppure è il dispositivo di boot del sistema.</string>
    <string lang="it" key="ADMIN_PRIVILEGES_DRIVER">Per consentire il caricamento del driver di TrueCrypt devi aver effettuato l' accesso come utente con privilegi di amministratore.</string>
    <string lang="it" key="ADMIN_PRIVILEGES_WARN_DEVICES">Tieni presente che per poter crittografare/formattare una partizione/dispositivo devi aver effettuato l'accesso come utente con privilegi di amministratore.\n\nQuesta restrizione non riguarda i volumi basati su file.</string>
    <string lang="it" key="ADMIN_PRIVILEGES_WARN_HIDVOL">Per poter creare un volume nascosto devi aver effettuato l'accesso come utente con privilegi di amministratore.\n\nContinuare?</string>
    <string lang="it" key="ADMIN_PRIVILEGES_WARN_NTFS">Tieni presente che per poter formattare il volume come NTFS devi essere un utente con privilegi di amministratore.\n\nSenza privilegi di amministratore puoi formattare il volume come FAT.</string>
    <string lang="en" key="AES_HELP">FIPS-approved cipher (Rijndael, published in 1998) that may be used by U.S. government departments and agencies to protect classified information up to the Top Secret level. 256-bit key, 128-bit block, 14 rounds (AES-256). Mode of operation is LRW.</string>
    <string lang="it" key="ALREADY_MOUNTED">Il Volume è già montato.</string>
    <string lang="it" key="ERR_SELF_TESTS_FAILED">ATTENZIONE: Almeno un algoritmo di codifica o di hash ha fallito la procedura automatica di auto-test!\n\nL'installazione di TrueCrypt potrebbe essere corrotta.</string>
    <string lang="it" key="ERR_NOT_ENOUGH_RANDOM_DATA">ATTENZIONE: Non ci sono sufficienti dati nel pool di Generazione Causale di Numeri per garantire la quantità sufficiente di dati richiesti.\n\nE' sconsigliato proseguire oltre. Seleziona 'Riporta un Bug' dal menu Aiuto e riporta questo errore.</string>
    <string lang="it" key="BAD_DRIVE_LETTER">Lettera di Unità non valida.</string>
    <string lang="it" key="CANCEL">Annulla</string>
    <string lang="it" key="CANNOT_CALC_SPACE">Impossibile accedere al dispositivo. Assicurati che il dispositivo esista e non sia utilizzato dal sistema.</string>
    <string lang="it" key="CAPSLOCK_ON">Attenzione: il blocco maiuscole è attivato. Questo può portare a un inserimento errato della password.</string>
    <string lang="it" key="CIPHER_HIDVOL_HOST_TITLE">Opzioni di Crittografia del Volume Esterno</string>
    <string lang="it" key="CIPHER_HIDVOL_TITLE">Opzioni di Critt. del Volume Nascosto</string>
    <string lang="it" key="CIPHER_TITLE">Opzioni di Crittografia</string>
    <string lang="it" key="CLEAN_WINMRU_FAILED">ATTENZIONE: la pulizia del percorso dell'ultimo volume/keyfile selezionato (memorizzata dal selettore di file) è fallita!</string>
    <string lang="en" key="COMPRESSION_NOT_SUPPORTED">Error: The container has been compressed at the filesystem level. TrueCrypt does not support compressed containers (note that compression of encrypted data is ineffective and redundant).\n\nPlease disable compression for the container by following these steps:\n1) Right-click the container in Windows Explorer (not in TrueCrypt).\n2) Select 'Properties'.\n3) In the 'Properties' dialog box, click 'Advanced'.\n4) In the 'Advanced Attributes' dialog box, disable the option 'Compress contents to save disk space' and click 'OK'.\n5) In the 'Properties' dialog box, click 'OK'.</string>
    <string lang="it" key="CREATE_FAILED">Creazione del volume %hs fallita</string>
    <string lang="it" key="DEVICE_FREE_BYTES">La dimensione di %hs è %.2f bytes</string>
    <string lang="it" key="DEVICE_FREE_GB">La dimensione di %hs è %d GB</string>
    <string lang="it" key="DEVICE_FREE_KB">La dimensione di %hs è %.2f KB</string>
    <string lang="it" key="DEVICE_FREE_MB">La dimensione di %hs è %.2f MB</string>
    <string lang="it" key="DEVICE_FREE_PB">La dimensione di %hs è %d PB</string>
    <string lang="it" key="DEVICE_FREE_TB">La dimensione di %hs è %d TB</string>
    <string lang="it" key="DEVICE_IN_USE">ATTENZIONE: Il dispositivo o la partizione è già in uso!\n\nSe si ignora questa situazione possono verificarsi risultati inaspettati compresa l'instabilità del sistema. Tutti i programmi che stanno utilizzando il dispositivo o la partizione dovrebbero essere chiusi prima di montare il volume.\n\nContinare con il Montaggio?</string>
    <string lang="en" key="DEVICE_IN_USE_FORMAT">WARNING: The device/partition is in use by the operating system or applications. Formatting the device/partition might cause data corruption and system instability.\n\nContinue?</string>
    <string lang="en" key="FORMAT_CANT_DISMOUNT_FILESYS">Error: The device/partition contains a file system that could not be dismounted. The file system may be in use by the operating system. Formatting the device/partition would very likely cause data corruption and system instability.\n\nTo solve this issue, we recommend that you first delete the partition and then recreate it without formatting. To do so, follow these steps:\n1) Right-click the 'Computer' (or 'My Computer') icon in the 'Start Menu' and select 'Manage'. The 'Computer Management' window should appear.\n2) In the 'Computer Management' window, select 'Storage' &gt; 'Disk Management'.\n3) Right-click the partition you want to encrypt and select either 'Delete Partition', or 'Delete Volume', or 'Delete Logical Drive'.\n4) Click 'Yes'. If Windows asks you to restart the computer, do so. Then repeat the steps 1 and 2 and continue from the step 5.\n5) Right-click the unallocated/free space area and select either 'New Partition', or 'New Simple Volume', or 'New Logical Drive'.\n6) The 'New Partition Wizard' or 'New Simple Volume Wizard' window should appear now; follow its instructions. On the wizard page entitled 'Format Partition', select either 'Do not format this partition' or 'Do not format this volume'. In the same wizard, click 'Next' and then 'Finish'.\n7) Note that the device path you have selected in TrueCrypt may be wrong now. Therefore, exit the TrueCrypt Volume Creation Wizard (if it is still running) and then start it again.\n8) Try encrypting the device/partition again.\n\nIf TrueCrypt repeatedly fails to encrypt the device/partition, you may want to consider creating a file container instead.</string>
    <string lang="it" key="DEVICE_IN_USE_INFO">ATTENZIONE: Alcuni dei dispositivi o partizioni montati sono già in uso!\n\nContinuando si potrebbero ottenere risultati indesiderati inclusa l'instabilità del sistema.\n\nRaccomandiamo caldamente di chiudere qualsiasi applicazione che potrebbe far uso di dispositivi o partizioni.</string>
    <string lang="en" key="DEVICE_PARTITIONS_ERR">The selected device contains partitions.\n\nFormatting the device might cause system instability and/or data corruption. Please either select a partition on the device, or remove all partitions on the device to enable TrueCrypt to format it safely.</string>
    <string lang="en" key="WHOLE_DEVICE_WARNING">IMPORTANT: If you encrypt the entire device, the operating system will consider the device as new and unformatted (as it will contain no partition table). This will make the volume susceptible to accidental initialization, which may cause it to be impossible to mount.\n\nIt is preferable to create a partition on the device and encrypt the partition instead.\n\nAre you sure want to encrypt the entire device?</string>
    <string lang="en" key="WHOLE_DEVICE_NOTE">IMPORTANT: Keep in mind to answer 'No', whenever Windows asks you whether you want to initialize this device (even if Windows tells you that you must do so). Otherwise, you may damage the volume and make it impossible to mount.\n\nWe also recommend that you backup the volume header after the volume is created (Tools -&gt; Backup Volume Header).</string>
    <string lang="en" key="AFTER_FORMAT_DRIVE_LETTER_WARN">IMPORTANT: Please keep in mind that this partition/device can NOT be mounted using the drive letter %c:, which is currently assigned to it!\n\nTo mount this partition/device, click 'Auto-Mount Devices' in the main TrueCrypt window. Alternatively, in the main TrueCrypt window, click 'Select Device', then select this partition/device, and click 'Mount'. The partition/device will be mounted to a different drive letter, which you will select from the list in the main TrueCrypt window.\n\nThe original drive letter %c: should be used only in case you need to remove encryption from the partition/device (e.g., if you no longer need encryption). In such a case, right-click the drive letter %c: in the 'Computer' (or 'My Computer') list and select 'Format'. Otherwise, the drive letter %c: should never be used (unless you remove it and assign it to another partition/device).</string>
    <string lang="it" key="DISK_FREE_BYTES">Lo spazio libero sul drive %hs is %.2f bytes.</string>
    <string lang="it" key="DISK_FREE_GB">Lo spazio libero sul drive %hs è %d GB.</string>
    <string lang="it" key="DISK_FREE_KB">Lo spazio libero sul drive %hs è %.2f KB.</string>
    <string lang="it" key="DISK_FREE_MB">Lo spazio libero sul drive %hs è %.2f MB.</string>
    <string lang="it" key="DISK_FREE_PB">Lo spazio libero sul drive %hs è %d PB.</string>
    <string lang="it" key="DISK_FREE_TB">Lo spazio libero sul drive %hs è %d TB.</string>
    <string lang="it" key="DRIVELETTERS">Impossibile ottenere lettere di unità libere.</string>
    <string lang="it" key="DRIVER_NOT_FOUND">Driver di TrueCrypt non trovato!\n\nPer favore copia i files 'truecrypt.sys' e 'truecrypt-x64.sys' nella stessa cartella in cui si trova l'applicazione.</string>
    <string lang="it" key="DRIVER_VERSION">Una versione incompatibile del driver di periferica di TrueCrypt è attualmente in uso.\n\nVersione richiesta: TrueCrypt %hs</string>
    <string lang="it" key="ERR_CIPHER_INIT_FAILURE">Errore: Inizializzazione del metodo di codifica fallita.</string>
    <string lang="en" key="ERR_CIPHER_INIT_WEAK_KEY">Error: A weak or a potentially weak key has been detected. The key will be discarded. Please try again.</string>
    <string lang="en" key="EXCEPTION_REPORT">A critical error has occured and TrueCrypt must be terminated. If this is caused by a bug in TrueCrypt, we would like to fix it. To help us, you can send us an automatically generated error report containing the following items:\n\n- Program version\n- Operating system version\n- TrueCrypt component name\n- Checksum of TrueCrypt executable\n- TrueCrypt dialog identifier\n- Error category\n- Error address\n- TrueCrypt call stack\n\nIf you select 'Yes', the following URL (which contains the entire error report) will be opened in your default Internet browser (note that in some cases this may take up to 30 seconds).\n\n%hs\n\nDo you want to send us the above error report?</string>
    <string lang="en" key="EXCEPTION_REPORT_EXT">A critical error has occured in your system which caused that TrueCrypt must be terminated.\n\nNote that this error has not been caused by TrueCrypt (so the TrueCrypt developers cannot fix it). Please, check your system for possible problems (e.g., system configuration, network connection, failing hardware components).</string>
    <string lang="en" key="EXCEPTION_REPORT_TITLE">TrueCrypt Critical Error</string>
    <string lang="it" key="EXIT">Esci</string>
    <string lang="it" key="EXT_PARTITION">Per favore crea una unità logica per questa partizione estesa, quindi riprova di nuovo.</string>
    <string lang="it" key="FILE_HELP">Puoi creare volumi basati su file oppure crittografare intere partizioni del disco fisso, di floppy disks, di 'chiavi' USB e altri dispositivi di storage. Clicca su 'Seleziona File...' per specificare nome e percorso del file da creare per ospitare il nuovo volume, oppure clicca su 'Seleziona Dispositivo...' per selezionare una partizione o un dispositivo da crittografare.\n\nAttenzione: se codifichi un dispositivo o una partizione, tutti i dati attualmente contenuti nella partizione o nel dispositivo verranno cancellati.</string>
    <string lang="it" key="FILE_HELP_HIDDEN_HOST_VOL">Seleziona il volume esterno da creare (dentro questo volume verrà creato successivamente il volume nascosto).\n\nPuoi creare volumi basati su file oppure crittografare intere partizioni del disco fisso, di floppy disks, di 'chiavi' USB e altri dispositivi di storage. Clicca su Seleziona File per specificare nome e percorso del file da creare per contenere il nuovo volume, oppure clicca su Seleziona Dispositivo per selezionare una partizione o un dispositivo da crittografare.\n\nSe codifichi un dispositivo o una partizione, tutti i dati attualmente contenuti nella partizione o nel dispositivo verranno cancellati.</string>
    <string lang="it" key="FILE_HELP_HIDDEN_HOST_VOL_DIRECT">Seleziona il volume di TrueCrypt dentro al quale vuoi creare un volume nascosto.</string>
    <string lang="it" key="FILE_IN_USE">ATTENZIONE: Il file/dispositivo host è già utilizzato!\n\nIgnorare questa situazione può portare a risultati indesiderati inclusa l'instabilità del sistema. Tutte le applicazioni che utilizzano attualmente il file/dispositivo dovrebbero essere chiuse prima di montare il volume.\n\nContinare con il montaggio?</string>
    <string lang="it" key="FILE_IN_USE_FAILED">Errore: Impossibile montare il volume. Il file/dispositivo host è già utilizzato. Anche il tentativo di montaggio senza i diritti di accesso esclusivo è fallito.</string>
    <string lang="it" key="FILE_OPEN_FAILED">Impossibile aprire il file.</string>
    <string lang="it" key="FILE_TITLE">Ubicazione del Volume</string>
    <string lang="en" key="FORMAT">&amp;Format</string>
    <string lang="it" key="FORMAT_ABORT">Interrompi formattazione?</string>
    <string lang="en" key="FORMAT_FINISHED_HELP">\n\nThe TrueCrypt volume has been created and is ready for use. If you wish to create another TrueCrypt volume, click Next. Otherwise, click Exit.</string>
    <string lang="en" key="FORMAT_FINISHED_INFO">The TrueCrypt volume has been successfully created.</string>
    <string lang="it" key="FORMAT_FINISHED_TITLE">Volume Creato</string>
    <string lang="en" key="FORMAT_HELP">Here you can set additional options that will affect the format of the new volume. Please refer to the documentation for more information. When done, click 'Format' to create your new volume.</string>
    <string lang="en" key="FORMAT_HIDVOL_HOST_HELP">Note that a hidden volume can only be created within a FAT volume. For more information, please refer to the documentation. When ready, click 'Format' to create the outer volume.</string>
    <string lang="it" key="FORMAT_HIDVOL_HOST_TITLE">Formato del Volume Esterno</string>
    <string lang="it" key="FORMAT_HIDVOL_TITLE">Formato del Volume Nascosto</string>
    <string lang="it" key="FORMAT_TITLE">Formato del Volume</string>
    <string lang="it" key="GETFILETIME_FAILED">ATTENZIONE: Impossibile ottenere il timestamp del contenitore!</string>
    <string lang="it" key="GETFILETIME_FAILED_GENERIC">ATTENZIONE: Impossibile ottenere il timestamp del contenitore!\n\nSe esiste un volume nascosto all'interno di questo contenitore, il mascheramento dell'esistenza del volume nascosto potrebbe essere compromessa.</string>
    <string lang="it" key="GETFILETIME_FAILED_IMPLANT">ATTENZIONE: Impossibile ottenere il timestamp del contenitore!\n\nSe non resetti il timestamp utilizzando uno strumento esterno è raccomandato non creare volumi nascosti all'interno di questo volume.</string>
    <string lang="it" key="GETFILETIME_FAILED_PW">ATTENZIONE: Impossibile ottenere il timestamp del contenitore!\n\nSe esiste un volume nascosto all'interno di questo contenitore, il mascheramento dell'esistenza del volume nascosto potrebbe essere compromessa dopo la modifica o il tentativo di modifica della password.</string>
    <string lang="it" key="GETFILETIME_FAILED_KEYFILE">ATTENZIONE: Impossibile ottenere il timestamp del contenitore! Impossibile preservare data e ora dell'ultimo accesso.\n\nSarà possibile dimostrare che è stato effettuato l'accesso a questo file.</string>
    <string lang="en" key="HELP_READER_ERROR">Adobe Reader (or a compatible tool) is necessary to view or print the TrueCrypt User's Guide. Adobe Reader (freeware) can be downloaded at: www.adobe.com\n\nDo you want to view the online documentation instead?</string>
    <string lang="it" key="HIDDEN_VOL_WIZARD_MODE_HELP">Se non sei un utente esperto dovresti scegliere la prima opzione. Se scegli la seconda opzione, sarà dato per scontato che tu abbia già creato un volume di TrueCrypt utilizzabile per crearvi un volume nascosto.</string>
    <string lang="it" key="HIDDEN_VOL_WIZARD_MODE_TITLE">Modalità guidata</string>
    <string lang="en" key="HIDVOL_FORMAT_FINISHED_HELP">The hidden TrueCrypt volume has been successfully created and is ready for use. If all the instructions have been followed and if precautions mentioned in the section "Security Precautions Pertaining to Hidden Volumes" in the TrueCrypt User's Guide are followed, it will be impossible to prove that the hidden volume exists, even when the outer volume is mounted.\n\nWARNING: IF YOU DO NOT PROTECT THE HIDDEN VOLUME (FOR INFORMATION ON HOW TO DO SO, REFER TO THE SECTION "PROTECTION OF HIDDEN VOLUMES AGAINST DAMAGE" IN THE TRUECRYPT USER'S GUIDE), DO NOT WRITE TO THE OUTER VOLUME. OTHERWISE, YOU MAY OVERWRITE AND DAMAGE THE HIDDEN VOLUME!</string>
    <string lang="it" key="HIDVOL_FORMAT_FINISHED_TITLE">Volume Nascosto Creato</string>
    <string lang="en" key="HIDVOL_HOST_FILLING_HELP">Outer volume has been successfully created and mounted as drive %hc:. To this volume you should now copy some sensitive-looking files that you actually do NOT want to hide. The files will be there for anyone forcing you to disclose your password. You will reveal only the password for this outer volume, not for the hidden one. The files that you really care about will be stored in the hidden volume, which will be created later on. When you finish copying, click Next. Do not dismount the volume.\n\nNote: After you click Next, cluster bitmap of the outer volume will be scanned to determine the size of uninterrupted area of free space whose end is aligned with the end of the volume. This area will accommodate the hidden volume, so it will limit its maximum possible size. Cluster bitmap scanning ensures that no data on the outer volume are overwritten by the hidden volume.</string>
    <string lang="it" key="HIDVOL_HOST_FILLING_TITLE">Contenuto del Volume Esterno</string>
    <string lang="it" key="HIDVOL_HOST_PRE_CIPHER_HELP">\n\nNei prossimi passaggi imposterai le opzioni per il volume esterno (dentro al quale verrà creato successivamente il volume nascosto). </string>
    <string lang="it" key="HIDVOL_HOST_PRE_CIPHER_TITLE">Volume Esterno</string>
    <string lang="it" key="HIDVOL_PRE_CIPHER_HELP">\n\nLa mappa dei cluster è stata analizzata e la dimensione massima possibile del volume nascosto è stata determinata. Nei prossimi passaggi potrai impostare le opzioni, la dimensione e la password per il volume nascosto.</string>
    <string lang="it" key="HIDVOL_PRE_CIPHER_TITLE">Volume Nascosto</string>
    <string lang="en" key="HIDVOL_PROT_WARN_AFTER_MOUNT">The hidden volume is now protected against damage until the outer volume is dismounted.\n\nWARNING: If any data is attempted to be saved to the hidden volume area, TrueCrypt will start write-protecting the entire volume (both the outer and the hidden part) until it is dismounted. This may cause filesystem corruption on the outer volume. Any data being saved to the hidden volume area will NOT be saved and will be lost! Windows may report this as a write error ("Delayed Write Failed" or "The parameter is incorrect").</string>
    <string lang="en" key="HIDVOL_PROT_WARN_AFTER_MOUNT_PLURAL">Each of the hidden volumes within the newly mounted volumes is now protected against damage until dismounted.\n\nWARNING: If any data is attempted to be saved to protected hidden volume area of any of these volumes, TrueCrypt will start write-protecting the entire volume (both the outer and the hidden part) until it is dismounted. This may cause filesystem corruption on the outer volume. Any data being saved to protected hidden volume areas will NOT be saved and will be lost! Windows may report this as a write error ("Delayed Write Failed" or "The parameter is incorrect").</string>
    <string lang="en" key="DAMAGE_TO_HIDDEN_VOLUME_PREVENTED">WARNING: Data were attempted to be saved to the hidden volume area of the volume mounted as %c:!\n\nTrueCrypt prevented these data from being saved in order to protect the hidden volume. This may have caused filesystem corruption on the outer volume and Windows may have reported a write error ("Delayed Write Failed" or "The parameter is incorrect"). The entire volume (both the outer and the hidden part) will be write-protected until it is dismounted.\n\nWe strongly recommend that you restart the operating system now.</string>
    <string lang="it" key="INIT_MUTEX">Impossibile inizializzare l'applicazione. Impossibile creare un oggetto mutex richiesto.</string>
    <string lang="it" key="INIT_RAND">Inizializzazione del generatore di numeri casuali fallita!</string>
    <string lang="it" key="INIT_REGISTER">Impossibile inizializzare l'applicazione. Registrazione della classe di dialogo fallita.</string>
    <string lang="it" key="INTRO_HELP">\nQuesta guida ti aiuterà nella creazione di un nuovo volume TrueCrypt.\n\nImportante: La raccolta di dati casuali è iniziata. I dati saranno usati per la creazione della chiave master, della chiave secondaria (modalità LRW), e altro, per il nuovo volume. I dati raccolti includono il movimento del mouse all'interno di questa finestra, battiture, e altri dati ottenuti dal sistema. Questi dati dovrebbero essere più casuali possibili, quindi è meglio se muovi il mouse in modo casuale e a lungo.</string>
    <string lang="it" key="INTRO_TITLE">Creazione guidata Volume di TrueCrypt</string>
    <string lang="it" key="INVALID_DEVICE">Unità o partizione specificata non valida. Usa la sintassi seguente per montare le partizioni: \\Dispositivo\\Harddisk0\\Partition4</string>
    <string lang="it" key="MAX_HIDVOL_SIZE_BYTES">La dimensione massima per il volume nascosto per questo volume è di %.2f bytes.</string>
    <string lang="it" key="MAX_HIDVOL_SIZE_KB">La dimensione massima per il volume nascosto per questo volume è di %.2f KB.</string>
    <string lang="it" key="MAX_HIDVOL_SIZE_MB">La dimensione massima per il volume nascosto per questo volume è di %.2f MB.</string>
    <string lang="it" key="MOUNTED_NOPWCHANGE">La password o i keyfiles per il volume non possono essere modificati mentre il volume è montato. E' necessario prima smontare il volume.</string>
    <string lang="it" key="MOUNTED_NO_PKCS5_PRF_CHANGE">L'algoritmo di derivazione per la chiave di intestazione non può essere cambiato mentre il volume è montato. E' necessario prima smontare il volume.</string>
    <string lang="it" key="MOUNT_BUTTON">&amp;Monta</string>
    <string lang="it" key="NEW_VERSION_REQUIRED">Una nuova versione di TrueCrypt è richiesta per montare questo volume.</string>
    <string lang="it" key="VOL_CREATION_WIZARD_NOT_FOUND">Errore: Procedura guidata per la creazione del Volume non trovata.\n\nAssicurati che il file 'TrueCrypt Format.exe' sia nella cartella dalla quale 'TrueCrypt.exe' è stato eseguito. In caso negativo reinstalla TrueCrypt, o individua 'TrueCrypt Format.exe' sul disco fisso ed eseguilo.</string>
    <string lang="it" key="NEXT">&amp;Avanti &gt;</string>
    <string lang="en" key="FINALIZE">&amp;Finish</string>
    <string lang="en" key="NODRIVER">Unable to connect to the TrueCrypt device driver. TrueCrypt cannot work if the device driver is not running.\n\nPlease note that, due to a Windows issue, it may be required to log off or restart the system before the device driver can be loaded.</string>
    <string lang="it" key="NOFONT">Si è verificato un errore nel caricamento/preparazione dei fonts.</string>
    <string lang="it" key="NOT_FOUND">La lettera di unità DOS che hai specificato non è stata trovata.</string>
    <string lang="en" key="DRIVE_LETTER_UNAVAILABLE">Drive letter not available.</string>
    <string lang="it" key="NO_FILE_SELECTED">Nessun file selezionato!</string>
    <string lang="it" key="NO_FREE_DRIVES">Nessuna lettera di unità disponibile.</string>
    <string lang="it" key="NO_FREE_DRIVE_FOR_OUTER_VOL">Nessuna lettera di unità libera per il volume esterno! La creazione del volume non può proseguire.</string>
    <string lang="it" key="NO_OS_VER">Impossibile determinare la versione del sistema operativo oppure si sta utilizzando un sistema operativo non supportato.</string>
    <string lang="it" key="NO_PATH_SELECTED">Nessun percorso selezionato!</string>
    <string lang="it" key="NO_SPACE_FOR_HIDDEN_VOL">Spazio libero insufficiente per il volume nascosto! La creazione del volume non può proseguire.</string>
    <string lang="it" key="OPENFILES_DRIVER">Il driver non riesce a smontare il volume. Alcuni files che si trovano sul volume sono ancora probabilmente aperti.</string>
    <string lang="it" key="OPENFILES_LOCK">Impossibile bloccare il volume. Ci sono ancora file aperti sul volume, pertanto questo non può essere smontato.</string>
    <string lang="it" key="OPEN_VOL_TITLE">Seleziona un volume di TrueCrypt</string>
    <string lang="it" key="OPEN_TITLE">Specifica percorso e nome del file</string>
    <string lang="it" key="OUTOFMEMORY">Memoria esaurita</string>
    <string lang="en" key="FORMAT_DEVICE_FOR_ADVANCED_ONLY">IMPORTANT: We strongly recommend that inexperienced users create a TrueCrypt file container on the selected device/partition, instead of attempting to encrypt the entire device/partition.\n\nWhen you create a TrueCrypt file container (as opposed to encrypting a device or partition) there is, for example, no risk of destroying a large number of files. Note that a TrueCrypt file container (even though it contains a virtual encrypted disk) is actually just like any normal file. Therefore, it can be, for example, easily renamed, moved, or copied as any normal file. To create a TrueCrypt file container, click 'No' and then click 'Select File' in the wizard window. For more information, see the chapter Beginner's Tutorial in the TrueCrypt User Guide.\n\nAre you sure you want to encrypt the entire device/partition?</string>
    <string lang="en" key="OVERWRITEPROMPT">WARNING: The file '%hs' already exists!\n\nNote that TrueCrypt will NOT encrypt the file, but it will delete it. Are you sure you want to delete the file and replace it with a new TrueCrypt container?</string>
    <string lang="en" key="OVERWRITEPROMPT_DEVICE">CAUTION: ALL FILES CURRENTLY STORED ON THE SELECTED %s '%hs'%s WILL BE ERASED AND LOST!\n\nAre you sure you want to proceed with format?</string>
    <string lang="it" key="PASSWORD">Password</string>
    <string lang="en" key="PASSWORD_CHANGED">Password and/or keyfile(s) successfully changed.\n\nIMPORTANT: Please make sure you have read the section 'Changing Passwords and Keyfiles' in the chapter 'Security Precautions' in the TrueCrypt User Guide.</string>
    <string lang="it" key="KEYFILE_CHANGED">Keyfile(s) aggiunti/rimossi con successo.</string>
    <string lang="it" key="PKCS5_PRF_CHANGED">Algoritmo di derivazione della chiave di intestazione impostato con successo.</string>
    <string lang="it" key="PASSWORD_HELP">E' molto importante che tu scelta una buona password. Dovresti evitare di sceglierne una che contenga solo una parola che possa venire trovata in un dizionario (o una combinazione di 2, 3, o 4 parole di questo tipo). Non dovrebbe contenere nessun nome o data di nascita. Non dovrebbe essere facile da immaginare. Una buona password è una combinazione casuale di lettere maiuscole e minuscole, numeri e caratteri speciali, come @ ^ = $ * + etc.\n\nTi raccomandiamo di scegliere una password composta da più di 20 caratteri (più è lunga meglio è). La lunghezza massima è di 64 caratteri.</string>
    <string lang="it" key="PASSWORD_HIDDENVOL_HELP">Scegli una password per il volume nascosto. </string>
    <string lang="it" key="PASSWORD_HIDDENVOL_HOST_DIRECT_HELP">Per favore, scegli una password per il volume dentro il quale vorresti creare il volume nascosto.\n\nDopo clicca su Avanti, TrueCrypt tenterà di montare il volume. Appena il volume sarà montato, verrà scansionata la relativa mappa dei cluster per determinare la dimensione dello spazio libero ininterrotto (se c'è) la cui fine sia allineata con la fine del volume. Questo spazio ospiterà il volume nascosto e quindi ne limiterà la dimensione massima. Questa scansione è necessaria per assicurare che nessun dato del volume esterno sia sovrascritto dal volume nascosto.</string>
    <string lang="it" key="PASSWORD_HIDDENVOL_HOST_HELP">\nPer favore, scegli una password per il volume esterno. Questa sarà la password che dovrai rivelare in caso di necessità a colui che ti dovesse costringere a farlo.\n\nLa password deve essere diversa da quella che sceglierai per il volume nascosto.\n\n\nNota: La lunghezza massima della password è di 64 caratteri.</string>
    <string lang="it" key="PASSWORD_HIDVOL_HOST_TITLE">Password del Volume Esterno</string>
    <string lang="it" key="PASSWORD_HIDVOL_TITLE">Password del Volume Nascosto</string>
    <string lang="it" key="PASSWORD_LENGTH_WARNING">ATTENZIONE: Una passwords corta è facile da individuare utilizzando tecniche di attacco a forza bruta!\n\nTi raccomandiamo di scegliere una password composta da più di 20 caratteri.\n\nSei sicuro di voler usare una password corta?</string>
    <string lang="it" key="PASSWORD_TITLE">Password del Volume</string>
    <string lang="it" key="PASSWORD_WRONG">Password non corretta oppure l'oggetto non è un volume di TrueCrypt.</string>
    <string lang="it" key="PASSWORD_OR_KEYFILE_WRONG">Keyfile(s) o password non corretto/i oppure l'oggetto non è un volume di TrueCrypt.</string>
    <string lang="it" key="PASSWORD_WRONG_CAPSLOCK_ON">\n\nAttenzione: Il blocco delle maiuscole è attivato. Questo può comportare un inserimento non corretto della tua password.</string>
    <string lang="it" key="PASSWORD_WRONG_AUTOMOUNT">Password non corretta o nessun volume di TrueCrypt trovato.</string>
    <string lang="it" key="PASSWORD_OR_KEYFILE_WRONG_AUTOMOUNT">Keyfile(s)/password non corretti o nessun volume di TrueCrypt trovato.</string>
    <string lang="it" key="PREV">&lt; &amp;Indietro</string>
    <string lang="it" key="RAWDEVICES">Impossibile elencare i dispositivi installati sul tuo sistema!</string>
    <string lang="it" key="READONLYPROMPT">Il volume '%hs' esiste, ed è a sola lettura. Sei sicuro di volerlo sostituire?</string>
    <string lang="it" key="SELECT_DEST_DIR">Seleziona cartella di destinazione</string>
    <string lang="it" key="SELECT_KEYFILE">Seleziona Keyfile</string>
    <string lang="it" key="SELECT_KEYFILE_PATH">Seleziona un percorso di ricerca del keyfile. ATTENZIONE: Nota che solo il percorso verrà memorizzato, non i nomi dei file!</string>
    <string lang="it" key="SERPENT_HELP">Progettato da Ross Anderson, Eli Biham, e Lars Knudsen. Pubblicato nel 1998. Chiave a 256-bit, blocchi da 128-bit. La modalità operativa è LRW. Serpent era uno dei finalisti AES.</string>
    <string lang="it" key="SETFILETIME_FAILED_IMPLANT">ATTENZIONE: Ripristino del timestamp del contenitore fallito (data/ora di modifica/accesso del file)!\n\nSe esiste un volume nascosto all'interno di questo contenitore, il mascheramento dell'esistenza di questo volume potrebbe essere compromessa.</string>
    <string lang="it" key="SETFILETIME_FAILED_PREP_IMPLANT">ATTENZIONE: Ripristino del timestamp del contenitore fallito (data/ora di modifica/accesso del file)!\n\nSe non resetti il timestamp utilizzando uno strumento esterno è raccomandato non creare volumi nascosti all'interno di questo volume.</string>
    <string lang="it" key="SETFILETIME_FAILED_PW">ATTENZIONE: Ripristino del timestamp del contenitore fallito (data/ora di modifica/accesso del file)!\n\nSe esiste un volume nascosto all'interno di questo contenitore, il mascheramento dell'esistenza di questo volume potrebbe essere compromessa.</string>
    <string lang="it" key="SETFILETIME_FAILED_KEYFILE">ATTENZIONE: Ripristino del timestamp del keyfile fallito! Impossibile preservare data/ora dell'ultimo accesso.\n\nSarà possibile dimostrare che è stato effettuato l'accesso a questo file.</string>
    <string lang="en" key="SETUP_INCOMPLETE">Error: 'Setup Files' folder not found.\n\nNote that before you can install TrueCrypt, you must extract all files from the distribution package.</string>
    <string lang="en" key="SIZE_HELP">Please specify the size of the container to create.\n\nIf you create a dynamic (sparse-file) container, this parameter will specify its maximum size.\n\nNote that the minimum possible size of a FAT volume is 19 KB. The minimum possible size of an NTFS volume is 2526 KB.</string>
    <string lang="en" key="SIZE_HELP_HIDDEN_HOST_VOL">Please specify the size of the new outer volume (within which the hidden volume will be created later on). The minimum possible size of a volume within which a hidden volume is intended to be created is 40 KB.</string>
    <string lang="it" key="SIZE_HELP_HIDDEN_VOL">Per favore specifica la dimensione del volume nascosto da creare. La dimensione minima di un volume FAT è di 19 KB. La dimensione minima di un volume NTFS è di 2526 KB. La dimensione massima che puoi specificare per il volume nascosto è mostrata sopra.</string>
    <string lang="it" key="SIZE_HIDVOL_HOST_TITLE">Dimensione del Volume Esterno</string>
    <string lang="it" key="SIZE_HIDVOL_TITLE">Dimensione del Volume Nascosto</string>
    <string lang="en" key="SIZE_PARTITION_HELP">Size of a device or partition cannot be modified. Please verify that the size of the selected device or partition shown above is correct and click Next.</string>
    <string lang="en" key="SIZE_PARTITION_HIDDEN_VOL_HELP">\n\nNote that the minimum possible size of a volume within which a hidden volume is intended to be created is 40 KB.</string>
    <string lang="it" key="SIZE_TITLE">Dimensione del Volume</string>
    <string lang="en" key="SPARSE_FILE">Dynamic</string>
    <string lang="it" key="TESTS_FAILED">ATTENZIONE: AUTO-TEST FALLITO!</string>
    <string lang="it" key="TESTS_PASSED">Auto-Test di tutti gli algoritmi superato</string>
    <string lang="it" key="TEST_INCORRECT_LRW_INDEX_SIZE">Il blocco indice LRW che hai fornito è troppo lungo o troppo corto.</string>
    <string lang="it" key="TEST_INCORRECT_LRW_KEY_SIZE">La chiave secondaria che hai fornito è troppo lunga o troppo corta.</string>
    <string lang="it" key="TEST_CIPHERTEXT_SIZE">La stringa di codifica di test che hai fornito è troppo lunga o troppo corta.</string>
    <string lang="it" key="TEST_KEY_SIZE">La chiave di test che hai fornito è troppo lunga o troppo corta.</string>
    <string lang="it" key="TEST_PLAINTEXT_SIZE">Il testo che hai fornito è troppo lungo o troppo corto.</string>
    <string lang="en" key="TEST_LRW_INDEX_OVERRUN">Error: TrueCrypt does not support LRW block index values greater or equal to 2^64.\n\nAlso note that the maximum supported volume size is 2^63 bytes (8589934592 GB).</string>
    <string lang="it" key="TWO_LAYER_CASCADE_HELP">Due algoritmi a cascata operanti nella modalità LRW. Ogni blocco è prima cifrato con %hs (chiave a %d-bit) e poi con %hs (chiave a %d-bit). Ogni algoritmo utilizza una sua chiave. Tutte le chiavi sono reciprocamente indipendenti.</string>
    <string lang="it" key="THREE_LAYER_CASCADE_HELP">Tre algoritmi a cascata operanti nella modalità LRW. Ogni blocco è prima cifrato con %hs (chiave a %d-bit), poi con %hs (chiave a %d-bit), ed infine con %hs (chiave a %d-bit). Ogni algoritmo utilizza una sua chiave. Tutte le chiavi sono reciprocamente indipendenti.</string>
    <string lang="it" key="TRAVELLER_DISK_CREATED">Il Disco Portatile di TrueCrypt è stato creato correttamente.\n\nTieni presente che hai bisogno dei privilegi di amministratore per avviare TrueCrypt in modalità Portatile. Inoltre considera che in seguito ad una analisi del registro di sistema, è possibile capire che TrueCrypt è stato eseguito in un sistema Windows anche se lo si è utilizzato in modalità Portatile.</string>
    <string lang="en" key="TC_TRAVELLER_DISK">TrueCrypt Traveller Disk</string>
    <string lang="it" key="TWOFISH_HELP">Progettato da Bruce Schneier, John Kelsey, Doug Whiting, David Wagner, Chris Hall, e Niels Ferguson. Pubblicato nel 1998. Chiave a 256-bit, blocchi da 128-bit. La modalità operativa è LRW. Twofish era uno dei finalisti AES.</string>
    <string lang="en" key="MORE_INFO_ABOUT">More information on %hs</string>
    <string lang="it" key="UNKNOWN">Sconosciuto</string>
    <string lang="it" key="ERR_UNKNOWN">Si è verificato un errore non specificato o sconosciuto.</string>
    <string lang="it" key="UNKNOWN_DRIVER_CODE">Il driver di periferica ha restituito un errore sconosciuto, con codice = %d</string>
    <string lang="it" key="UNMOUNTALL_LOCK_FAILED">Alcuni volumi contengono files o cartelle che sono utilizzati da qualche applicazione o dal sistema.\n\nForzo lo smontaggio?</string>
    <string lang="it" key="UNMOUNT_BUTTON">&amp;Smontaggio</string>
    <string lang="it" key="UNMOUNT_FAILED">Smontaggio fallito!</string>
    <string lang="it" key="UNMOUNT_LOCK_FAILED">Il volume contiene files o cartelle utilizzate da qualche applicazione o dal sistema.\n\nForzo lo smontaggio?</string>
    <string lang="it" key="VOL_ALREADY_MOUNTED">Il volume che stai tentando di montare è già montato.</string>
    <string lang="it" key="VOL_FORMAT_BAD">Il formato di questo volume non è riconosciuto. Il volume potrebbe essere corrotto.</string>
    <string lang="it" key="VOL_MOUNT_FAILED">Si è verificato un errore nel tentativo di montare il volume.</string>
    <string lang="it" key="VOL_READING">Errore durante la lettura dei dati dal volume.</string>
    <string lang="it" key="VOL_SEEKING">Errore durante la ricerca della posizione all'interno del volume.</string>
    <string lang="it" key="VOL_SIZE_WRONG">Errore: Dimensione del volume non corretta.</string>
    <string lang="it" key="VOL_TOO_SMALL">Il volume è troppo piccolo - il volume non è valido.</string>
    <string lang="it" key="VOL_WRITING">Errore durante la scrittura dei dati sul volume.</string>
    <string lang="it" key="WARN_QUICK_FORMAT">ATTENZIONE: Ti consigliamo di utilizzare la Formattazione Veloce solo nei seguenti casi:\n\n1) Il dispositivo contiene dati casuali (per esempio è stato stato interamente crittografato)\n2) Stai per usare subito tutto lo spazio disponibile\n3) Non ti interessa garantire la sicurezza (testing)</string>
    <string lang="en" key="CONFIRM_SPARSE_FILE">Dynamic container is a pre-allocated NTFS sparse file whose physical size (actual disk space used) grows as new data is added to it.\n\nWARNING: Performance of sparse-file-hosted volumes is significantly worse than performance of regular volumes. Sparse-file-hosted volumes are also less secure, because it is possible to tell which volume sectors are unused. Furthermore, if data is written to a sparse file container when there is not enough free space in the host file system, the encrypted file system may get corrupted.\n\nAre you sure you want to create a sparse-file-hosted volume?</string>
    <string lang="en" key="SPARSE_FILE_SIZE_NOTE">Note that the size of the dynamic container reported by Windows and by TrueCrypt will always be equal to its maximum size. To find out current physical size of the container (actual disk space it uses), right-click the container file (in a Windows Explorer window, not in TrueCrypt), then select 'Properties' and see the 'Size on disk' value.</string>
    <string lang="it" key="WIPE_CACHE">Le password memorizzate nella cache del driver di periferica sono state azzerate.</string>
    <string lang="it" key="WRONG_VOL_TYPE">TrueCrypt non può modificare la password per un volume estraneo.</string>
    <string lang="it" key="SELECT_FREE_DRIVE">Per favore, seleziona una lettera di unità libera dalla lista.</string>
    <string lang="it" key="SELECT_A_MOUNTED_VOLUME">Per favore, seleziona un volume montato nella lista delle lettere di unità.</string>
    <string lang="it" key="CANT_CREATE_AUTORUN">Errore: Impossibile creare autorun.inf</string>
    <string lang="it" key="ERR_PROCESS_KEYFILE">Errore durante l'elaborazione del keyfile!</string>
    <string lang="it" key="ERR_PROCESS_KEYFILE_PATH">Errore durante l'elaborazione del percorso del keyfile!</string>
    <string lang="it" key="UNSUPPORTED_OS">TrueCrypt non supporta questo sistema operativo.</string>
    <string lang="en" key="UNSUPPORTED_BETA_OS">Error: TrueCrypt supports only stable (non-beta) versions of this operating system.</string>
    <string lang="it" key="ERR_MEM_ALLOC">Errore: Impossibile allocare la memoria.</string>
    <string lang="it" key="ERR_PERF_COUNTER">Errore: Impossibile reperire valori per il misuratore di prestazioni.</string>
    <string lang="it" key="ALL_FILES">Tutti i files</string>
    <string lang="it" key="TC_VOLUMES">Volumi di TrueCrypt</string>
    <string lang="it" key="FORMAT_NTFS_STOP">La formattazione NTFS non può continuare.</string>
    <string lang="it" key="CANT_MOUNT_VOLUME">Impossibile montare il volume.</string>
    <string lang="it" key="CANT_DISMOUNT_VOLUME">Impossibile smontare il volume.</string>
    <string lang="en" key="FORMAT_NTFS_FAILED">Windows failed to format the volume as NTFS.\n\nPlease select a different type of file system (if possible) and try again. Alternatively, you could leave the volume unformatted (select 'None' as the filesystem), exit this wizard, mount the volume, and then use either a system or a third-party tool to format the mounted volume (the volume will remain encrypted).</string>
    <string lang="it" key="DEFAULT">Default</string>
    <string lang="it" key="SECTOR">settore</string>
    <string lang="it" key="BLOCK">blocco</string>
    <string lang="it" key="PARTITION">Partizione</string>
    <string lang="it" key="PARTITION_LC">partizione</string>
    <string lang="en" key="PARTITION_UPPER_CASE">PARTITION</string>
    <string lang="it" key="DEVICE">Dispositivo</string>
    <string lang="it" key="DEVICE_LC">dispositivo</string>
    <string lang="en" key="DEVICE_UPPER_CASE">DEVICE</string>
    <string lang="it" key="CLUSTER_TOO_SMALL">La dimensione del cluste selezionata è troppo piccla per la dimensione di questo volume. Verrà utilizzata una dimensione di cluster maggiore.</string>
    <string lang="it" key="CANT_GET_VOLSIZE">Errore: Impossibile leggere la dimensione del volume!\n\nAssicurati che il volume selezionato non sia usato dal sistema o da un'altra applicazione.</string>
    <string lang="it" key="HIDDEN_HOST_FAT_ONLY">Un volume nascosto può essere creato solamente all'interno di un volume FAT.\n\nPer maggiori informazioni fai riferimento alla documentazione.</string>
    <string lang="en" key="HIDDEN_VOL_HOST_SPARSE">Hidden volumes shall not be created within dynamic (sparse file) containers. To achieve plausible deniability, the hidden volume shall be created within a regular volume.</string>
    <string lang="en" key="CANT_ACCESS_VOL">Error: Cannot access the volume!\n\nMake sure that the selected volume exists, that it is not mounted or being used by the system or an application, that you have read/write permission for the volume, and that it is not write-protected.</string>
    <string lang="it" key="CANT_DISMOUNT_OUTER_VOL">Errore: Impossibile smontare il volume esterno!\n\nIl volume non può essere smontato se contiene files o cartelle che sono utilizzati da un programma o dal sistema.\n\nPer favore chiudi tutti i programmi che potrebbero utilizzare attualmente i files o le cartelle sul volume e clicca su 'Riprova'.</string>
    <string lang="it" key="CANT_LOCK_OUTER_VOL">Errore: Impossibile bloccare il volume esterno!\n\nIl volume non può essere bloccato se contiene files o cartelle che sono utilizzati da un programma o dal sistema.\n\nPer favore chiudi tutti i programmi che potrebbero utilizzare attualmente i files o le cartelle sul volume e clicca su 'Riprova'.\n\nATTENZIONE: Se decidi di ignorare questo accorgimento devi assicurarti che dopo aver cliccato su 'Ignora' nessun altro dato venga scritto sul volume fino a quando questo non venga smontato. Contrariamente potrebbe essere compomesso il mascheramento dell'esistenza del volume nascosto!</string>
    <string lang="it" key="CANT_ACCESS_OUTER_VOL">Errore: Impossibile accedere al volume esterno! La creazione del volume non può proseguire.</string>
    <string lang="it" key="CANT_MOUNT_OUTER_VOL">Errore: Impossibile montare il volume esterno! La creazione del volume non può proseguire.</string>
    <string lang="it" key="CANT_GET_CLUSTER_BITMAP">Errore: Impossibile ottenere la mappa dei cluster del volume! La creazione del volume non può proseguire.</string>
    <string lang="it" key="ALPHABETICAL_CATEGORIZED">Alfabetico/Categoria</string>
    <string lang="it" key="MEAN_SPEED">Velocità (Decrescente)</string>
    <string lang="it" key="ALGORITHM">Algoritmo</string>
    <string lang="it" key="ENCRYPTION">Codifica</string>
    <string lang="it" key="DECRYPTION">Decodifica</string>
    <string lang="it" key="MEAN">Mean</string>
    <string lang="it" key="DRIVE">Unità</string>
    <string lang="it" key="VOLUME">Volume</string>
    <string lang="it" key="SIZE">Dimensione</string>
    <string lang="it" key="ENCRYPTION_ALGORITHM">Algoritmo di codifica</string>
    <string lang="en" key="ENCRYPTION_ALGORITHM_LV">Encryption algorithm</string>
    <string lang="it" key="TYPE">Tipo</string>
    <string lang="it" key="VALUE">Valore</string>
    <string lang="it" key="PROPERTY">Proprietà</string>
    <string lang="it" key="LOCATION">Posizione</string>
    <string lang="it" key="BYTES">bytes</string>
    <string lang="it" key="HIDDEN">Nascosto</string>
    <string lang="it" key="OUTER">Esterno</string>
    <string lang="it" key="NORMAL">Normale</string>
    <string lang="it" key="READ_ONLY">Sola lettura</string>
    <string lang="it" key="HIDDEN_VOLUME">Volume Nascosto</string>
    <string lang="it" key="HID_VOL_DAMAGE_PREVENTED">Sì (previeni danneggiamento!)</string>
    <string lang="it" key="NONE">Nessuno</string>
    <string lang="it" key="ACTIVE">Attivo</string>
    <string lang="it" key="KEY_SIZE">Dimensione chiave</string>
    <string lang="it" key="BITS">bits</string>
    <string lang="it" key="BLOCK_SIZE">Dimensione blocco</string>
    <string lang="it" key="MODE">Modalità</string>
    <string lang="it" key="PKCS5_PRF">PKCS-5 PRF</string>
    <string lang="it" key="PKCS5_ITERATIONS">Numero Iterazioni PKCS-5</string>
    <string lang="it" key="VOLUME_CREATE_DATE">Volume Creato</string>
    <string lang="it" key="VOLUME_HEADER_DATE">Ultima modifica intestazione</string>
    <string lang="it" key="VOLUME_HEADER_DAYS"> (%I64d giorni fa)</string>
    <string lang="it" key="FIRST_AVAILABLE">Primo disponibile</string>
    <string lang="it" key="REMOVABLE">Rimovibile</string>
    <string lang="it" key="HARDDISK">Disco fisso</string>
    <string lang="it" key="UNCHANGED">Non cambiato</string>
    <string lang="en" key="AFTER_UPGRADE_RELEASE_NOTES">Do you want to view release notes for the current (latest stable) version of TrueCrypt?</string>
    <string lang="en" key="AFTER_INSTALL_TUTORIAL">If you have never used TrueCrypt before, we recommend that you read the chapter Beginner's Tutorial in the TrueCrypt User Guide. Do you want to view the tutorial?</string>
    <string lang="it" key="SELECT_INSTALL_DIR">Seleziona la cartella di installazione</string>
    <string lang="it" key="SETUP_ADMIN">Per installare/disinstallare correttamente TrueCrypt devi avere i diritti di amministratore. Vuoi continuare?</string>
    <string lang="it" key="INSTALL_FAILED">L'installazione è fallita!</string>
    <string lang="it" key="UNINSTALL_FAILED">La disinstallazione è fallita!</string>
    <string lang="en" key="ROLLBACK">The installation has been rolled back.</string>
    <string lang="en" key="INSTALL_OK">TrueCrypt has been successfully installed.</string>
    <string lang="en" key="UNINSTALL_OK">TrueCrypt has been successfully uninstalled.\n\nClick 'Finish' to remove the TrueCrypt installer and the folder %hs. Note that the folder will not be removed if it contains any files that were not installed by the TrueCrypt installer or created by TrueCrypt.</string>
    <string lang="en" key="REMOVING_REG">Removing TrueCrypt registry entries</string>
    <string lang="it" key="ADDING_REG">Aggiunta chiavi di registro</string>
    <string lang="it" key="REMOVING_APPDATA">Rimozione dati specifici dell'applicazione</string>
    <string lang="en" key="INSTALLING">Installing</string>
    <string lang="it" key="COPYING">Copia</string>
    <string lang="it" key="STOPPING">Arresto</string>
    <string lang="it" key="REMOVING">Rimozione</string>
    <string lang="it" key="SERVICE">Servizio</string>
    <string lang="it" key="ADDING_ICON">Aggiunta icona</string>
    <string lang="it" key="CREATING_SYS_RESTORE">Creazione punto di ripristino di sistema</string>
    <string lang="it" key="FAILED_SYS_RESTORE">Creazione punto di ripristino di sistema fallito!</string>
    <string lang="it" key="SYS_RESTORE_CREATED">Punto di ripristino di sistema creato</string>
    <string lang="it" key="INSTALL_OF_FAILED">L'installazione di '%hs' è fallita. %hs Vuoi continuare con l'installazione?</string>
    <string lang="it" key="UNINSTALL_OF_FAILED">La disinstallazione di '%hs' è fallita. %hs Vuoi continuare con l'installazione?</string>
    <string lang="it" key="INSTALL_COMPLETED">Installazione completata.</string>
    <string lang="it" key="CANT_CREATE_FOLDER">La cartella '%hs' non può essere creata</string>
    <string lang="en" key="CLOSE_TC_FIRST">The TrueCrypt device driver cannot be unloaded.\n\nPlease close all open TrueCrypt windows first. If it does not help, please restart Windows and then try again.</string>
    <string lang="en" key="DISMOUNT_ALL_FIRST">All TrueCrypt volumes must be dismounted before installing or uninstalling TrueCrypt.</string>
    <string lang="it" key="REG_INSTALL_FAILED">La scrittura delle chiavi di registro è fallita</string>
    <string lang="en" key="DRIVER_INSTALL_FAILED">The installation of the device driver has failed. Please restart Windows and then try installing TrueCrypt again.</string>
    <string lang="it" key="STARTING_DRIVER">Caricamento del driver di periferica di TrueCrypt</string>
    <string lang="it" key="DRIVER_UINSTALL_FAILED">La disinstallazione del driver di periferica è fallita</string>
    <string lang="it" key="INSTALLING_DRIVER">Installazione del driver di periferica di TrueCrypt</string>
    <string lang="it" key="STOPPING_DRIVER">Arresto del driver di periferica di TrueCrypt</string>
    <string lang="it" key="REMOVING_DRIVER">Disinstallazione del driver di periferica di TrueCrypt</string>
    <string lang="en" key="COM_REG_FAILED">Registration of the User Account Control support library failed.</string>
    <string lang="en" key="COM_DEREG_FAILED">Unregistration of the User Account Control support library failed.</string>
    <string lang="it" key="OUTER_VOL_WRITE_PREVENTED">Outer(!)</string>
    <string lang="it" key="DAYS">giorni</string>
    <string lang="it" key="HOURS">ore</string>
    <string lang="it" key="MINUTES">minuti</string>
    <string lang="it" key="SECONDS">secondi</string>
    <string lang="it" key="OPEN">Apri</string>
    <string lang="it" key="DISMOUNT">Smonta</string>
    <string lang="it" key="SHOW_TC">Mostra TrueCrypt</string>
    <string lang="it" key="HIDE_TC">Nascondi TrueCrypt</string>
    <string lang="it" key="TOTAL_DATA_READ">Dati letti dal momento del montaggio</string>
    <string lang="it" key="TOTAL_DATA_WRITTEN">Dati scritti dal momento del montaggio</string>
    <string lang="it" key="FAVORITE_VOLUMES_SAVED">Volumi preferiti salvati.</string>
    <string lang="it" key="ENTER_PASSWORD_FOR">Inserisci la password per %hs</string>
    <string lang="it" key="KEYFILE_CREATED">Il keyfile è stato creato correttamente.</string>
    <string lang="en" key="VOL_HEADER_BACKED_UP">Volume header backup has been successfully created.\n\nIMPORTANT: Restoring the volume header using this backup will also restore the current volume password. Moreover, if keyfile(s) are/is necessary to mount the volume, the same keyfile(s) will be necessary to mount the volume again when the volume header is restored.\n\nWARNING: This volume header backup may be used to restore the header ONLY of this particular volume. If you use this header backup to restore a header of a different volume, you will be able to mount the volume, but you will NOT be able to decrypt any data stored in the volume (because you will change its master key).</string>
    <string lang="en" key="VOL_HEADER_RESTORED">The volume header has been successfully restored.\n\nIMPORTANT: Please note that an old password may have been restored as well. Moreover, if keyfile(s) were/was necessary to mount the volume when the backup was created, the same keyfile(s) are now necessary to mount the volume again.</string>
    <string lang="en" key="CONFIRM_VOL_HEADER_BAK">Are you sure you want to create volume header backup for %hs?\n\nAfter you click Yes, you will prompted for a filename for the header backup.\n\nNote: Both the standard volume header and the area where hidden volume headers are stored will be backed up (copied to the backup file), even if there is no hidden volume within this volume (to preserve plausible deniability). When restoring a volume header, you will be able to select which header is to be restored (i.e. standard or hidden).</string>
    <string lang="en" key="CONFIRM_VOL_HEADER_RESTORE">Are you sure you want to restore volume header of %hs?\n\nWARNING: Restoring a volume header also restores the volume password that was valid when the backup was created. Moreover, if keyfile(s) were/was necessary to mount the volume when the backup was created, the same keyfile(s) will be necessary to mount the volume again after the volume header is restored.\n\nAfter you click Yes, you will select the header backup file.</string>
    <string lang="en" key="HEADER_RESTORE_TYPE">Please select the type of TrueCrypt volume whose header you want to restore:</string>
    <string lang="en" key="RESTORE_NORMAL_VOLUME_HEADER">Restore header of standard volume</string>
    <string lang="en" key="RESTORE_HIDDEN_VOLUME_HEADER">Restore header of hidden volume</string>
    <string lang="it" key="CONFIRM_SAVE_FAVORITE_VOL">Effettuare il salvataggio di tutti i volumi attualmente montati e delle lettere di unità associate nella lista dei Volumi Preferiti ?\n\nNota: Se non vi è nessun volume montato, la lista dei Volumi Preferiti sarà cancellata.</string>
    <string lang="it" key="DISMOUNT_FIRST">Per favore smonta il volume prima di procedere.</string>
    <string lang="it" key="IDPM_CHECK_FILESYS">Controlla il Filesystem</string>
    <string lang="it" key="IDPM_REPAIR_FILESYS">Repara il Filesystem</string>
    <string lang="it" key="IDPM_PROPERTIES">P&amp;roprietà</string>
    <string lang="it" key="HIDDEN_VOL_PROTECTION">Volume Nascosto Protetto</string>
    <string lang="it" key="N_A_UISTR">N/D</string>
    <string lang="it" key="UISTR_YES">Sì</string>
    <string lang="it" key="UISTR_NO">No</string>
    <string lang="it" key="MODE_OF_OPERATION">Modalità operativa</string>
    <string lang="it" key="UNSUPPORTED_CHARS_IN_PWD">Errore: La password deve contenere solo caratteri ASCII.\n\nCaratteri non-ASCII nella password possono causare l'impossibilità di montare il volume qualora la configurazione del tuo sistema dovesse cambiare.\n\nSono consentiti i seguenti caratteri:\n\n  ! " # $ % &amp; ' ( ) * + , - . / 0 1 2 3 4  5 6 7 8 9 : ; &lt; = &gt; ? @ A B C D E F  G H I J K L M N O P Q R S T U V W X  Y Z [ \\ ] ^ _ ` a b c d e f g h i j k l m  n o p q r s t u v w k y z { | } ~</string>
    <string lang="it" key="UNSUPPORTED_CHARS_IN_PWD_RECOM">Attenzione: La password contiene caratteri non-ASCII. Questo può portare all'impossibilità di montare il volume qualora la configurazione del tuo sistema dovesse cambiare.\n\nE' opportuno che tu sostituisca tutti i caratteri non-ASCII nella password con caratteri ASCII. Per fare ciò, clicca su 'Volumi' -&gt; 'Modifica Password del Volume'.\n\nI seguenti sono caratteri ASCII:\n\n  ! " # $ % &amp; ' ( ) * + , - . / 0 1 2 3 4  5 6 7 8 9 : ; &lt; = &gt; ? @ A B C D E F  G H I J K L M N O P Q R S T U V W X  Y Z [ \\ ] ^ _ ` a b c d e f g h i j k l m  n o p q r s t u v w k y z { | } ~</string>
    <string lang="en" key="EXE_FILE_EXTENSION_CONFIRM">WARNING: We recommend that you avoid file extensions that are used for executable files (such as .exe, .sys, or .dll). Using such file extensions often causes Windows and antivirus software to interfere with the container, which adversely affects the performance of the volume and may also cause other serious problems.\n\nContinue?</string>
    <string lang="en" key="EXE_FILE_EXTENSION_MOUNT_WARNING">WARNING: This container has a file extension that is used for executable files (such as .exe, .sys, or .dll). It will very likely cause Windows and antivirus software to interfere with the container, which will adversely affect the performance of the volume and may also cause other serious problems.\n\nWe recommend that you change or remove the file extension of the container (after you dismount the volume).</string>
    <string lang="it" key="HOMEPAGE">Homepage</string>
    <string lang="it" key="LARGE_IDE_WARNING_XP">ATTENZIONE: Sembra che la tua versione di Windows XP sia priva di Service Pack. E' sconsigliato scrivere su dischi IDE più grandi di 128 GB in Windows XP se non è stato installato il Service Pack 1 o superiore! Se lo fai, i dati sul disco (non importa se si tratta di un volume TrueCrypt oppure no) possono essere corrotti/rovinati. Nota che questa è una limitazione di Windows, non un bug di TrueCrypt.</string>
    <string lang="it" key="LARGE_IDE_WARNING_2K">ATTENZIONE: Sembra che la tua versione di Windows 2000 sia Service Pack 3 o superiore. E' sconsigliato scrivere su dischi IDE più grandi di 128 GB in Windows 2000 se non è stato installato il Service Pack 3 o superiore! Se lo fai, i dati sul disco (non importa se si tratta di un volume TrueCrypt oppure no) possono essere corrotti/rovinati. Nota che questa è una limitazione di Windows, non un bug di di TrueCrypt.\n\nNota: Può essere necessario attivare anche il supporto LBA a 48-bit nel registro; per maggiori informazioni, vedi http://support.microsoft.com/kb/305098/EN-US</string>
    <string lang="en" key="LARGE_IDE_WARNING_2K_REGISTRY">WARNING: 48-bit LBA ATAPI support is disabled on your system. Therefore, you should not write to IDE disks larger than 128 GB! If you do, data on the disk (no matter if it is a TrueCrypt volume or not) may get corrupted. Note that this is a limitation of Windows, not a limitation of TrueCrypt.\n\nTo enable the 48-bit LBA support, add the 'EnableBigLba' registry value in the registry key HKEY_LOCAL_MACHINE\\SYSTEM\\CurrentControlSet\\Services\\atapi\\Parameters and set it to 1.\n\nFor more information, see http://support.microsoft.com/kb/305098</string>
    <string lang="en" key="VOLUME_TOO_LARGE_FOR_FAT32">Error: Files larger than 4 GB cannot be stored on a FAT32 file system. Therefore, file-hosted TrueCrypt volumes (containers) stored on a FAT32 file system cannot be larger than 4 GB.\n\nIf you need a larger volume, create it on an NTFS file system or, instead of creating a file-hosted volume, encrypt a partition.</string>
    <string lang="en" key="FREE_SPACE_FOR_WRITING_TO_OUTER_VOLUME">WARNING: If you want to be able to add more data/files to the outer volume in future, you should consider choosing a smaller size for the hidden volume.\n\nAre you sure you want to continue with the size you specified?</string>
    <string lang="it" key="NO_VOLUME_SELECTED">Nessun volume selezionato.\n\nClicca su 'Seleziona Dispositivo' oppure su 'Seleziona File' per selezionare un volume di TrueCrypt.</string>
    <string lang="it" key="CONFIRM_SAVE_DEFAULT_KEYFILES">Sei sicuro di voler salvare i keyfiles/percorsi selezionati come default?\n\nATTENZIONE: Se sono impostati e attivati keyfiles di default, i volumi che non usano questi keyfiles non potranno essere montati. Ricorda di deselezionare la voce 'Usa keyfiles' quando effettui il montaggio di questi volumi.</string>
    <string lang="it" key="HK_AUTOMOUNT_DEVICES">Dispositivi in Auto-Montaggio</string>
    <string lang="it" key="HK_DISMOUNT_ALL">Smonta Tutti</string>
    <string lang="en" key="HK_WIPE_CACHE">Wipe Cache</string>
    <string lang="it" key="HK_FORCE_DISMOUNT_ALL_AND_WIPE">Forza Smontaggio di Tutti  &amp;  Azzera la Cache</string>
    <string lang="it" key="HK_FORCE_DISMOUNT_ALL_AND_WIPE_AND_EXIT">Forza Smontaggio di Tutti,  Azzera la Cache  &amp;  Esci</string>
    <string lang="it" key="HK_MOUNT_FAVORITE_VOLUMES">Monta Volumi Preferiti</string>
    <string lang="it" key="HK_SHOW_HIDE_MAIN_WINDOW">Mostra/Nascondi finestra principale di TrueCrypt</string>
    <string lang="it" key="PRESS_A_KEY_TO_ASSIGN">(Clicca qui e premi un tasto)</string>
    <string lang="it" key="ACTION">Azione</string>
    <string lang="it" key="SHORTCUT">Collegamento</string>
    <string lang="it" key="CANNOT_USE_RESERVED_KEY">Errore: Questo collegamento è riservato. Scegli un collegamento differente.</string>
    <string lang="it" key="SHORTCUT_ALREADY_IN_USE">Errore: Collegamento già in uso.</string>
    <string lang="en" key="HOTKEY_REGISTRATION_ERROR">WARNING: One or more TrueCrypt system-wide hot keys will not work!\n\nPlease make sure that other applications and the operating system do not use the same shortcut(s) as TrueCrypt.</string>
    <string lang="en" key="MOUNTED_VOLUMES_DISMOUNTED">All mounted TrueCrypt volumes have been dismounted.</string>
    <string lang="en" key="MOUNTED_VOLUMES_AUTO_DISMOUNTED">All mounted TrueCrypt volumes have been auto-dismounted.\n\nNote: You can disable or configure auto-dismount in the 'Auto-Dismount' section of the Preferences window (select Settings -&gt; Preferences).</string>
    <string lang="it" key="DISMOUNT_ALL_ATTEMPT_COMPLETED">Tentativo di smontaggio di tutti i volumi di TrueCrypt montati completato.</string>
    <string lang="it" key="VOLUMES_DISMOUNTED_CACHE_WIPED">Tutti i volumi di TrueCrypt montati sono stati smontati e la cache della password è stata azzerata.</string>
    <string lang="en" key="CONFIRM_TIMESTAMP_UPDATING">WARNING: If timestamps are not preserved, plausible deniability may be adversely affected!\n\nAre you sure you do not want container timestamps to be preserved?</string>
    <string lang="en" key="CONFIRM_BACKGROUND_TASK_DISABLED">WARNING: If the TrueCrypt Background Task is disabled, the following functions will be disabled whenever you exit TrueCrypt:\n\n1) Hot keys\n2) Auto-dismount (e.g., upon log off, inadvertent host device removal, time-out, etc.)\n3) Notifications (e.g., when damage to hidden volume is prevented)\n4) Tray icon\n\nNote: You may shut down the Background Task anytime by right-clicking the TrueCrypt tray icon and selecting 'Exit'.\n\nAre you sure you want to disable the TrueCrypt Background Task?</string>
    <string lang="it" key="CONFIRM_NO_FORCED_AUTODISMOUNT">ATTENZIONE: Se questa opzione viene disabilitata i volumi contenenti file o cartelle aperti non potranno utilizzare lo smontaggio automatico.\n\nSei sicuro di voler disabilitare questa opzione?</string>
    <string lang="it" key="WARN_PREF_AUTO_DISMOUNT">ATTENZIONE: I volumi contenenti files o cartelle aperti NON potranno utilizzare lo smontaggio automatico.\n\nPer impedire ciò, abilita l'opzione seguente nella finestra che segue: 'Forza auto smontaggio anche se il volume contiene file o cartelle aperte'</string>
    <string lang="en" key="CONFIRM_EXIT">WARNING: If TrueCrypt exits now, the following functions will be disabled:\n\n1) Hot keys\n2) Auto-dismount (e.g., upon log off, inadvertent host device removal, time-out, etc.)\n3) Notifications (e.g., when damage to hidden volume is prevented)\n\nNote: If you do not wish TrueCrypt to continue running in background after you close its window, disable the Background Task in the Preferences.\n\nAre you sure you want TrueCrypt to exit?</string>
    <string lang="it" key="HIDVOL_PROT_BKG_TASK_WARNING">ATTENZIONE: Il servizio in Background di TrueCrypt è disabilitato. Dopo l'uscita da TrueCrypt, non verrai avvisato nel caso venga evitato il danneggiamento del volume nascosto.\n\nNota: Puoi chiudere il servizio in background in qualunque momento facendo clic destro sull'icona di TrueCrypt nella barra di sistema e selezionando 'Esci'.\n\nAbilitare il servizio in background di TrueCrypt?</string>
    <string lang="it" key="LANG_PACK_VERSION">Versione del language pack:  %s</string>
    <string lang="it" key="CHECKING_FS">Controllo del file system sul volume di TrueCrypt montato come %hs...</string>
    <string lang="it" key="REPAIRING_FS">Tentativo di riparazione del file system sul volume di TrueCrypt montato come %hs...</string>
    <string lang="en" key="WARN_64_BIT_BLOCK_CIPHER">Warning: This volume is encrypted with a legacy encryption algorithm.\n\nAll 64-bit-block encryption algorithms (e.g., Blowfish, CAST-128, or Triple DES) are deprecated. It will be possible to mount this volume using future versions of TrueCrypt. However, there will be no further enhancements to the implementations of these legacy encryption algorithms. We recommend that you create a new TrueCrypt volume encrypted with a 128-bit-block encryption algorithm (e.g., AES, Serpent, Twofish, etc.) and that you move all files from this volume to the new volume.</string>
    <string lang="it" key="SYS_AUTOMOUNT_DISABLED">Il sistema non è configurato per montare automaticamente i nuovi volumi. Può risultare impossibile effettuare il montaggi di volumi di TrueCrypt basati su dispositivo. Il montaggio automatico può essere abilitato eseguendo il seguente comando e riavviando il sistema.\n\nmountvol.exe /E</string>
    <string lang="en" key="SYS_ASSIGN_DRIVE_LETTER">Please assign a drive letter to the partition/device before proceeding ('Control Panel' &gt; 'System and Maintenance' &gt; 'Administrative Tools' - 'Create and format hard disk partitions').\n\nNote that this is a requirement of the operating system.</string>
    <string lang="en" key="MOUNT_TC_VOLUME">Mount TrueCrypt volume</string>
    <string lang="en" key="DISMOUNT_ALL_TC_VOLUMES">Dismount all TrueCrypt volumes</string>
    <string lang="en" key="UAC_INIT_ERROR">TrueCrypt failed to obtain Administrator privileges.</string>
    <string lang="en" key="ERR_ACCESS_DENIED">Access was denied by the operating system.\n\nPossible cause: The operating system requires that you have read/write permission (or administrator privileges) for certain folders, files, and devices, in order for you to be allowed to read and write data to/from them. Normally, a user without administrator privileges is allowed to create, read and modify files in his or her Documents folder.</string>
    <string lang="en" key="LARGE_SECTOR_UNSUPPORTED">Error: The selected device uses a sector size other than 512 bytes.\n\nIt is currently not possible to create device-hosted volumes on devices that use a sector size other than 512 bytes. However, note that you can create a file-hosted volume (container) on this device.</string>
    <string lang="it" key="KEYFILE">Keyfile</string>
    <string lang="en" key="VOLUME_LABEL">Name</string>
    <string lang="it" key="VKEY_08">Backspace</string>
    <string lang="it" key="VKEY_09">Tab</string>
    <string lang="it" key="VKEY_0C">Clear</string>
    <string lang="it" key="VKEY_0D">Invio</string>
    <string lang="it" key="VKEY_13">Pausa</string>
    <string lang="it" key="VKEY_14">Blocca Maiuscole</string>
    <string lang="it" key="VKEY_20">Barra Spaziatrice</string>
    <string lang="it" key="VKEY_21">Pagina Su</string>
    <string lang="it" key="VKEY_22">Pagina Giù</string>
    <string lang="it" key="VKEY_23">Fine</string>
    <string lang="it" key="VKEY_24">Home</string>
    <string lang="it" key="VKEY_25">Freccia a Sinistra</string>
    <string lang="it" key="VKEY_26">Freccia in Su</string>
    <string lang="it" key="VKEY_27">Freccia a Destra</string>
    <string lang="it" key="VKEY_28">Freccia in Giù</string>
    <string lang="it" key="VKEY_29">Seleziona Chiave</string>
    <string lang="it" key="VKEY_2A">Stampa Chiave</string>
    <string lang="it" key="VKEY_2B">Esegui Chiave</string>
    <string lang="it" key="VKEY_2C">Stampa Schermo</string>
    <string lang="it" key="VKEY_2D">Ins</string>
    <string lang="it" key="VKEY_2E">Canc</string>
    <string lang="it" key="VKEY_5D">Tasti Applicazione</string>
    <string lang="it" key="VKEY_5F">Sleep</string>
    <string lang="it" key="VKEY_90">Num Lock</string>
    <string lang="it" key="VKEY_91">Scroll Lock</string>
    <string lang="it" key="VKEY_A6">Browser - Indietro</string>
    <string lang="it" key="VKEY_A7">Browser - Avanti</string>
    <string lang="it" key="VKEY_A8">Browser Aggiorna</string>
    <string lang="it" key="VKEY_A9">Browser Stop</string>
    <string lang="it" key="VKEY_AA">Browser Ricerca</string>
    <string lang="it" key="VKEY_AB">Browser Preferiti</string>
    <string lang="it" key="VKEY_AC">Browser Home</string>
    <string lang="it" key="VKEY_AD">Silenzio</string>
    <string lang="it" key="VKEY_AE">Abbassa Volume</string>
    <string lang="it" key="VKEY_AF">Alza Volume</string>
    <string lang="it" key="VKEY_B0">Traccia Seguente</string>
    <string lang="it" key="VKEY_B1">Traccia Precedente</string>
    <string lang="it" key="VKEY_B2">Stop Riproduzione</string>
    <string lang="it" key="VKEY_B3">Play/Pausa</string>
    <string lang="it" key="VKEY_B4">Tasto Avvia Posta</string>
    <string lang="it" key="VKEY_B5">Tasto Seleziona Media</string>
    <string lang="it" key="VKEY_B6">Applicazione 1</string>
    <string lang="it" key="VKEY_B7">Applicazione 2</string>
    <string lang="it" key="VKEY_F6">Attn</string>
    <string lang="it" key="VKEY_F7">CrSel</string>
    <string lang="it" key="VKEY_F8">ExSel</string>
    <string lang="it" key="VKEY_FA">Play</string>
    <string lang="it" key="VKEY_FB">Zoom</string>
    <string lang="it" key="VK_NUMPAD">NumPad</string>
    <string lang="it" key="VK_SHIFT">Maiusc</string>
    <string lang="it" key="VK_CONTROL">Control</string>
    <string lang="it" key="VK_ALT">Alt</string>
    <string lang="it" key="VK_WIN">Win</string>
    <string lang="it" key="BYTE">B</string>
    <string lang="it" key="KB">KB</string>
    <string lang="it" key="MB">MB</string>
    <string lang="it" key="GB">GB</string>
    <string lang="it" key="TB">TB</string>
    <string lang="it" key="PB">PB</string>
    <string lang="it" key="B_PER_SEC">B/s</string>
    <string lang="it" key="KB_PER_SEC">KB/s</string>
    <string lang="it" key="MB_PER_SEC">MB/s</string>
    <string lang="it" key="GB_PER_SEC">GB/s</string>
    <string lang="it" key="TB_PER_SEC">TB/s</string>
    <string lang="it" key="PB_PER_SEC">PB/s</string>
  </localization>
</TrueCrypt>
