﻿<?xml version="1.0" encoding="utf-8"?>
<TrueCrypt>
  <localization prog-version="4.3a">
    <!-- Languages -->
    <language langid="ko" name="한국어" en-name="Korean" version="1.0.0" translators="Kim Young" />
    <!-- Fonts -->
    <font lang="ko" class="normal" size="11" face="Arial" />
    <font lang="ko" class="bold" size="13" face="Arial" />
    <font lang="ko" class="fixed" size="12" face="Arial" />
    <font lang="ko" class="title" size="21" face="Arial" />
    <!-- Controls -->
    <control lang="ko" key="IDCANCEL">취소</control>
    <control lang="ko" key="IDC_ALL_USERS">모든 사용자를 위해 설치</control>
    <control lang="ko" key="IDC_BROWSE">탐색...</control>
    <control lang="ko" key="IDC_DESKTOP_ICON">바탕화면에 TrueCrypt 아이콘 추가</control>
    <control lang="ko" key="IDC_FILE_TYPE">TrueCrypt와 “.tc” 파일 확장자를 연결</control>
    <control lang="ko" key="IDC_INSTALL">설치</control>
    <control lang="ko" key="IDC_PROG_GROUP">시작 메뉴에 TrueCrypt 추가</control>
    <control lang="ko" key="IDC_SYSTEM_RESTORE">시스템 복구 시점 만들기</control>
    <control lang="ko" key="IDC_UNINSTALL">제거</control>
    <control lang="ko" key="IDD_INSTALL">TrueCrypt 설치</control>
    <control lang="ko" key="IDD_UNINSTALL">TrueCrypt 제거</control>
    <control lang="ko" key="IDT_INSTALL_DIR">설치 위치:</control>
    <control lang="ko" key="IDT_INSTALL_OPTIONS">설치 옵션</control>
    <control lang="ko" key="IDT_UNINSTALL_DIR">TrueCrypt 제거:</control>
    <control lang="ko" key="IDC_ABORT_BUTTON">중지</control>
    <control lang="ko" key="IDC_CIPHER_TEST">테스트</control>
    <control lang="ko" key="IDC_HIDDEN_VOL">숨긴 TrueCrypt 볼륨 만들기 </control>
    <control lang="ko" key="IDC_HIDDEN_VOL_HELP">숨긴 볼륨이란?</control>
    <control lang="ko" key="IDC_HIDVOL_WIZ_MODE_DIRECT">기존의 TrueCrypt 볼륨 안에 숨긴 볼륨 만들기</control>
    <control lang="ko" key="IDC_HIDVOL_WIZ_MODE_FULL">TrueCrypt 볼륨을 만들고 그 안에 숨긴 볼륨 만들기</control>
    <control lang="ko" key="IDC_KB">KB</control>
    <control lang="ko" key="IDC_KEYFILES_ENABLE">키파일 사용</control>
    <control lang="ko" key="IDC_KEY_FILES">키파일...</control>
    <control lang="ko" key="IDC_LINK_HASH_INFO">해시 알고리듬에 대한 정보</control>
    <control lang="ko" key="IDC_LINK_MORE_INFO_ABOUT_CIPHER">추가 정보</control>
    <control lang="ko" key="IDC_MB">MB</control>
    <control lang="ko" key="IDC_NO_HISTORY">히스토리 저장 안함</control>
    <control lang="ko" key="IDC_OPEN_OUTER_VOLUME">외부 볼륨 열기</control>
    <control lang="ko" key="IDC_QUICKFORMAT">빠른 포맷</control>
    <control lang="ko" key="IDC_SELECT_DEVICE">장치 선택...</control>
    <control lang="ko" key="IDC_SELECT_FILE">파일 선택...</control>
    <control lang="ko" key="IDC_SHOW_PASSWORD">비밀번호 표시</control>
    <control lang="ko" key="IDC_SHOW_PASSWORD_HIDVOL_HOST">비밀번호 표시</control>
    <control lang="ko" key="IDC_STD_VOL">표준 TrueCrypt 볼륨 만들기</control>
    <control lang="ko" key="IDC_WIZ_BENCHMARK">벤치마크</control>
    <control lang="ko" key="IDD_MKFS_DLG">TrueCrypt 볼륨 만들기 마법사</control>
    <control lang="ko" key="IDHELP">도움말(&amp;H)</control>
    <control lang="ko" key="IDT_CLUSTER">클러스터 </control>
    <control lang="ko" key="IDT_CONFIRM">확인:</control>
    <control lang="ko" key="IDT_DONE">완료 </control>
    <control lang="ko" key="IDT_ENCRYPTION_ALGO">암호 알고리듬</control>
    <control lang="ko" key="IDT_FILESYSTEM">파일시스템 </control>
    <control lang="ko" key="IDT_FORMAT_OPTIONS">옵션</control>
    <control lang="ko" key="IDT_HASH_ALGO">해시 알고리듬</control>
    <control lang="ko" key="IDT_HEADER_KEY">헤더 키: </control>
    <control lang="ko" key="IDT_LEFT">남음 </control>
    <control lang="ko" key="IDT_MASTER_KEY">마스터 키: </control>
    <control lang="ko" key="IDT_PASSWORD">비밀번호:</control>
    <control lang="ko" key="IDT_RANDOM_POOL">무작위 풀: </control>
    <control lang="ko" key="IDT_SPEED">속도 </control>
    <control lang="ko" key="IDCLOSE">닫기</control>
    <control lang="ko" key="IDC_AUTORUN_DISABLE">아무 것도 안함</control>
    <control lang="ko" key="IDC_AUTORUN_MOUNT">TrueCrypt 볼륨 자동삽입 (아래에서 지정)</control>
    <control lang="ko" key="IDC_AUTORUN_START">TrueCrypt 시작</control>
    <control lang="ko" key="IDC_BROWSE_DIRS">탐색...</control>
    <control lang="ko" key="IDC_BROWSE_FILES">탐색...</control>
    <control lang="ko" key="IDC_CACHE">메모리에 비밀번호 및 키파일 보관</control>
    <control lang="ko" key="IDC_CLOSE_BKG_TASK_WHEN_NOVOL">삽입된 볼륨이 없을 때 종료</control>
    <control lang="ko" key="IDC_COPY_WIZARD">TrueCrypt 볼륨 만들기 마법사 포함</control>
    <control lang="ko" key="IDC_CREATE">만들기</control>
    <control lang="ko" key="IDC_CREATE_VOLUME">볼륨 만들기</control>
    <control lang="ko" key="IDC_DISMOUNT_CONFIRM_MSG_BOX">꺼낸 후 “확인” 메시지 상자 표시</control>
    <control lang="ko" key="IDC_DISMOUNT_CONFIRM_PLAY_SOUND">삽입/꺼냄 후 시스템 알림 사운드 재생</control>
    <control lang="ko" key="IDC_ENABLE_KEYFILES">키파일 사용</control>
    <control lang="ko" key="IDC_ENABLE_NEW_KEYFILES">키파일 사용</control>
    <control lang="ko" key="IDC_EXIT">종료</control>
    <control lang="ko" key="IDC_HK_MOD_ALT">ALT</control>
    <control lang="ko" key="IDC_HK_MOD_CTRL">Control</control>
    <control lang="ko" key="IDC_HK_MOD_SHIFT">SHIFT</control>
    <control lang="ko" key="IDC_HK_MOD_WIN">Win</control>
    <control lang="ko" key="IDC_HOTKEY_ASSIGN">할당</control>
    <control lang="ko" key="IDC_HOTKEY_REMOVE">제거</control>
    <control lang="ko" key="IDC_KEYFILES">키파일...</control>
    <control lang="ko" key="IDC_MOUNTALL">장치 자동삽입</control>
    <control lang="ko" key="IDC_MOUNT_OPTIONS">삽입 옵션...</control>
    <control lang="ko" key="IDC_MOUNT_READONLY">볼륨을 읽기전용으로 삽입</control>
    <control lang="ko" key="IDC_NEW_KEYFILES">키파일...</control>
    <control lang="ko" key="IDC_PREFS_HOTKEY_SETTINGS">핫키 설정...</control>
    <control lang="ko" key="IDC_PREFS_KEYFILE_SETTINGS">기본 키파일...</control>
    <control lang="ko" key="IDC_PREF_BKG_TASK_ENABLE">사용</control>
    <control lang="ko" key="IDC_PREF_CACHE_PASSWORDS">드라이버 메모리에 비밀번호 보관</control>
    <control lang="ko" key="IDC_PREF_CLOSE_DISMOUNTED_WINDOWS">볼륨이 꺼내지는 동안 모든 탐색기 창 닫기</control>
    <control lang="ko" key="IDC_PREF_DISMOUNT_INACTIVE">어떤 데이터가 읽기/쓰기된 후 볼륨 자동 꺼내기</control>
    <control lang="ko" key="IDC_PREF_DISMOUNT_LOGOFF">사용자 로그오프할 때</control>
    <control lang="ko" key="IDC_PREF_DISMOUNT_POWERSAVING">절전 모드로 들어갈 때</control>
    <control lang="ko" key="IDC_PREF_DISMOUNT_SCREENSAVER">화면보호기가 실행될 때</control>
    <control lang="ko" key="IDC_PREF_FORCE_AUTO_DISMOUNT">볼륨에 열린 파일 또는 디렉토리가 있어도 강제로 꺼내기</control>
    <control lang="ko" key="IDC_PREF_LOGON_MOUNT_DEVICES">장치에 의한 모든 볼륨 삽입</control>
    <control lang="ko" key="IDC_PREF_LOGON_MOUNT_FAVORITES">즐겨찾는 볼륨 삽입</control>
    <control lang="ko" key="IDC_PREF_LOGON_START">TrueCrypt 시작</control>
    <control lang="ko" key="IDC_PREF_MOUNT_READONLY">볼륨을 읽기전용으로 삽입</control>
    <control lang="ko" key="IDC_PREF_MOUNT_REMOVABLE">볼륨을 이동식 디스크로 삽입</control>
    <control lang="ko" key="IDC_PREF_OPEN_EXPLORER">성공적으로 삽입된 볼륨을 위한 탐색기 창 열기</control>
    <control lang="ko" key="IDC_PREF_WIPE_CACHE_ON_AUTODISMOUNT">“자동 꺼냄”시 보관된 비밀번호 삭제</control>
    <control lang="ko" key="IDC_PREF_WIPE_CACHE_ON_EXIT">“종료”시 보관된 비밀번호 삭제</control>
    <control lang="ko" key="IDC_PRESERVE_TIMESTAMPS">파일 보관소의 타임스탬프 보존</control>
    <control lang="ko" key="IDC_RESET_HOTKEYS">초기화</control>
    <control lang="ko" key="IDC_SHOW_PASSWORD_CHPWD_NEW">비밀번호 표시</control>
    <control lang="ko" key="IDC_SHOW_PASSWORD_CHPWD_ORI">비밀번호 표시</control>
    <control lang="ko" key="IDC_TRAVEL_OPEN_EXPLORER">삽입된 볼륨을 위한 탐색기 창 열기</control>
    <control lang="ko" key="IDC_TRAV_CACHE_PASSWORDS">드라이버 메모리에 비밀번호 보관</control>
    <control lang="ko" key="IDC_UNMOUNTALL">모두 꺼내기</control>
    <control lang="ko" key="IDC_VOLUME_PROPERTIES">볼륨 속성...</control>
    <control lang="ko" key="IDC_VOLUME_TOOLS">볼륨 도구...</control>
    <control lang="ko" key="IDC_WIPE_CACHE">보관 지우기</control>
    <control lang="ko" key="IDD_HOTKEYS_DLG">TrueCrypt - 시스템 일반 핫키</control>
    <control lang="ko" key="IDD_MOUNT_DLG">TrueCrypt</control>
    <control lang="ko" key="IDD_PASSWORDCHANGE_DLG">볼륨 비밀번호 및 키파일 변경</control>
    <control lang="ko" key="IDD_PASSWORD_DLG">TrueCrypt 볼륨 비밀번호 입력</control>
    <control lang="ko" key="IDD_PREFERENCES_DLG">TrueCrypt - 옵션</control>
    <control lang="ko" key="IDD_TRAVELLER_DLG">TrueCrypt 휴대용 디스크 설치</control>
    <control lang="ko" key="IDD_VOLUME_PROPERTIES">TrueCrypt 볼륨 속성</control>
    <control lang="ko" key="IDM_ABOUT">정보...</control>
    <control lang="ko" key="IDM_ADD_REMOVE_VOL_KEYFILES">볼륨에 키파일 추가/삭제...</control>
    <control lang="ko" key="IDM_BACKUP_VOL_HEADER">볼륨 헤더 백업...</control>
    <control lang="ko" key="IDM_BENCHMARK">벤치마크...</control>
    <control lang="ko" key="IDM_BUGREPORT">버그 알림...</control>
    <control lang="ko" key="IDM_CHANGE_HEADER_KEY_DERIV_ALGO">헤더 키 도출 알고리듬 설정...</control>
    <control lang="ko" key="IDM_CHANGE_PASSWORD">볼륨 비밀번호 변경...</control>
    <control lang="ko" key="IDM_CLEAR_HISTORY">볼륨 히스토리 지우기</control>
    <control lang="ko" key="IDM_CONTACT">연락처...</control>
    <control lang="ko" key="IDM_CREATE_VOLUME">새 볼륨 만들기...</control>
    <control lang="ko" key="IDM_DEFAULT_KEYFILES">기본 키파일...</control>
    <control lang="ko" key="IDM_DONATIONS">기부...</control>
    <control lang="ko" key="IDM_EXIT">종료</control>
    <control lang="ko" key="IDM_FAQ">자주 묻는 질문</control>
    <control lang="ko" key="IDM_FORUMS">포럼</control>
    <control lang="ko" key="IDM_GENERATE_KEYFILE">무작위 키파일 생성...</control>
    <control lang="ko" key="IDM_HELP">사용 안내서</control>
    <control lang="ko" key="IDM_HOMEPAGE">홈페이지 </control>
    <control lang="ko" key="IDM_HOTKEY_SETTINGS">핫키...</control>
    <control lang="ko" key="IDM_KEYFILE_GENERATOR">키파일 생성기...</control>
    <control lang="ko" key="IDM_LANGUAGE">언어...</control>
    <control lang="ko" key="IDM_LICENSE">법적 공지</control>
    <control lang="ko" key="IDM_MOUNTALL">장치에 의한 모든 볼륨 자동삽입</control>
    <control lang="ko" key="IDM_MOUNT_FAVORITE_VOLUMES">즐겨찾는 볼륨 삽입</control>
    <control lang="ko" key="IDM_MOUNT_VOLUME">볼륨 삽입</control>
    <control lang="ko" key="IDM_MOUNT_VOLUME_OPTIONS">볼륨 삽입 (옵션 부가)</control>
    <control lang="ko" key="IDM_NEWS">뉴스</control>
    <control lang="ko" key="IDM_ONLINE_HELP">온라인 도움말</control>
    <control lang="ko" key="IDM_ONLINE_TUTORIAL">초보자 안내서</control>
    <control lang="ko" key="IDM_PREFERENCES">설정...</control>
    <control lang="ko" key="IDM_REFRESH_DRIVE_LETTERS">드라이브 문자 새로 고침</control>
    <control lang="ko" key="IDM_REMOVE_ALL_KEYFILES_FROM_VOL">볼륨에서 모든 키파일 제거...</control>
    <control lang="ko" key="IDM_RESTORE_VOL_HEADER">볼륨 헤더 복구...</control>
    <control lang="ko" key="IDM_SAVE_FAVORITE_VOLUMES">현재 삽입된 볼륨을 “즐겨찾기”로 저장</control>
    <control lang="ko" key="IDM_SELECT_DEVICE">장치 선택...</control>
    <control lang="ko" key="IDM_SELECT_FILE">파일 선택...</control>
    <control lang="ko" key="IDM_SET_DEFAULT_KEYFILES">기본 키파일/경로 설정...</control>
    <control lang="ko" key="IDM_TC_DOWNLOADS">다운로드</control>
    <control lang="ko" key="IDM_TEST_VECTORS">벡터 테스트...</control>
    <control lang="ko" key="IDM_TRAVELLER">휴대용 디스크 설치...</control>
    <control lang="ko" key="IDM_UNMOUNTALL">삽입된 모든 볼륨 꺼내기</control>
    <control lang="ko" key="IDM_UNMOUNT_VOLUME">볼륨 꺼내기</control>
    <control lang="ko" key="IDM_VERSION_HISTORY">버전 히스토리</control>
    <control lang="ko" key="IDM_VOLUME_PROPERTIES">볼륨 속성</control>
    <control lang="ko" key="IDM_VOLUME_WIZARD">볼륨 만들기 마법사</control>
    <control lang="ko" key="IDM_WEBSITE">TrueCrypt 웹사이트</control>
    <control lang="ko" key="IDM_WIPE_CACHE">보관된 비밀번호 지우기</control>
    <control lang="ko" key="IDOK">확인</control>
    <control lang="ko" key="IDT_ASSIGN_HOTKEY">바로가기</control>
    <control lang="ko" key="IDT_AUTORUN">자동실행 설정 (autorun.inf)</control>
    <control lang="ko" key="IDT_AUTO_DISMOUNT">자동 꺼냄</control>
    <control lang="ko" key="IDT_AUTO_DISMOUNT_ON">모두 꺼낼 시기:</control>
    <control lang="ko" key="IDT_CONFIRM_PASSWORD">비밀번호 확인:</control>
    <control lang="ko" key="IDT_CURRENT">현재 비밀번호</control>
    <control lang="ko" key="IDT_DEFAULT_MOUNT_OPTIONS">기본 삽입 옵션</control>
    <control lang="ko" key="IDT_DISMOUNT_ACTION">핫키 옵션</control>
    <control lang="ko" key="IDT_FILE_SETTINGS">파일 설정</control>
    <control lang="ko" key="IDT_HOTKEY_KEY">할당할 키:</control>
    <control lang="ko" key="IDT_LOGON">윈도우에 로그온할 때 수행할 작업</control>
    <control lang="ko" key="IDT_MINUTES">분</control>
    <control lang="ko" key="IDT_MOUNT_LETTER">특정 드라이브 문자로 삽입:</control>
    <control lang="ko" key="IDT_MOUNT_SETTINGS">삽입 설정</control>
    <control lang="ko" key="IDT_NEW">새 비밀번호</control>
    <control lang="ko" key="IDT_NEW_PASSWORD">비밀번호:</control>
    <control lang="ko" key="IDT_PKCS5_PRF">PKCS-5 PRF</control>
    <control lang="ko" key="IDT_PW_CACHE_OPTIONS">비밀번호 보관(→ 캐쉬)</control>
    <control lang="ko" key="IDT_TASKBAR_ICON">TrueCrypt 백그라운드 작업</control>
    <control lang="ko" key="IDT_TRAVELLER_MOUNT">삽입할 TrueCrypt 볼륨 (휴대용 디스크 루트에 상대적임):</control>
    <control lang="ko" key="IDT_TRAVEL_INSERTION">휴대용 디스크 삽입시: </control>
    <control lang="ko" key="IDT_TRAVEL_ROOT">휴대용 디스크 파일을 만들 위치 (휴대용 디스크 루트 디렉토리):</control>
    <control lang="ko" key="IDT_VOLUME">볼륨</control>
    <control lang="ko" key="IDT_WINDOWS_RELATED_SETTING">창</control>
    <control lang="ko" key="IDC_ADD_KEYFILE_PATH">경로 추가...</control>
    <control lang="ko" key="IDC_AUTO">모두 자동-테스트</control>
    <control lang="ko" key="IDC_DECRYPT">암호해제</control>
    <control lang="ko" key="IDC_DISPLAY_POOL_CONTENTS">풀(Pool) 내용 표시</control>
    <control lang="ko" key="IDC_DONATIONS">기부...</control>
    <control lang="ko" key="IDC_ENCRYPT">암호화</control>
    <control lang="ko" key="IDC_GENERATE_AND_SAVE_KEYFILE">키파일 생성 및 저장…</control>
    <control lang="ko" key="IDC_GENERATE_KEYFILE">무작위 키파일 생성...</control>
    <control lang="ko" key="IDC_GET_LANG_PACKS">언어팩 다운로드</control>
    <control lang="ko" key="IDC_KEYADD">파일 추가...</control>
    <control lang="ko" key="IDC_KEYFILES_ENABLE_HIDVOL_PROT">키파일 사용</control>
    <control lang="ko" key="IDC_KEYFILES_HIDVOL_PROT">키파일...</control>
    <control lang="ko" key="IDC_KEYREMOVE">제거</control>
    <control lang="ko" key="IDC_KEYREMOVEALL">모두 제거</control>
    <control lang="ko" key="IDC_LINK_HIDVOL_PROTECTION_INFO">숨긴 볼륨 보호란 무엇인가?</control>
    <control lang="ko" key="IDC_LINK_KEYFILES_INFO">키파일은 무엇인가?</control>
    <control lang="ko" key="IDC_LRW_INDEX_LSB">덜 중요한 비트 먼저</control>
    <control lang="ko" key="IDC_LRW_MODE_ENABLED">LRW 모드</control>
    <control lang="ko" key="IDC_MOUNT_REMOVABLE">볼륨을 이동식 미디어로 삽입</control>
    <control lang="ko" key="IDC_PERFORM_BENCHMARK">벤치마크</control>
    <control lang="ko" key="IDC_PROTECT_HIDDEN_VOL">숨긴 볼륨 보호 (외부 볼륨에 쓰는 것에 의해 손상되는 것을 방지)</control>
    <control lang="ko" key="IDC_RESET">초기화</control>
    <control lang="ko" key="IDC_SHOW_PASSWORD_MO">비밀번호 표시</control>
    <control lang="ko" key="IDD_ABOUT_DLG">TrueCrypt 정보</control>
    <control lang="ko" key="IDD_BENCHMARK_DLG">TrueCrypt - 암호 알고리듬 벤치마크</control>
    <control lang="ko" key="IDD_CIPHER_TEST_DLG">TrueCrypt - 벡터 테스트</control>
    <control lang="ko" key="IDD_COMMANDHELP_DLG">명령줄 도움말</control>
    <control lang="ko" key="IDD_KEYFILES">TrueCrypt - 키파일</control>
    <control lang="ko" key="IDD_KEYFILE_GENERATOR">TrueCrypt - 키파일 생성기</control>
    <control lang="ko" key="IDD_LANGUAGE">TrueCrypt - 언어</control>
    <control lang="ko" key="IDD_LEGAL_NOTICES_DLG">TrueCrypt - 법적 공지</control>
    <control lang="ko" key="IDD_MOUNT_OPTIONS">TrueCrypt - 삽입 옵션</control>
    <control lang="ko" key="IDD_RAWDEVICES_DLG">파티션 또는 장치 선택</control>
    <control lang="ko" key="IDT_ACTIVE_LANG_PACK">현재의 언어팩</control>
    <control lang="ko" key="IDT_BOX_BENCHMARK_INFO">CPU 및 저장장치 특성에 따라 속도가 달라집니다.\n\n이 테스트는 RAM에서 실행됩니다.</control>
    <control lang="ko" key="IDT_BUFFER_SIZE">버퍼 크기:</control>
    <control lang="ko" key="IDT_CIPHER">암호:</control>
    <control lang="ko" key="IDT_HIDDEN_PROT_PASSWD">숨긴 볼륨에 대한 비밀번호:\n(비어 있는 경우, 캐쉬 사용)</control>
    <control lang="ko" key="IDT_HIDDEN_VOL_PROTECTION">숨긴 볼륨 보호</control>
    <control lang="ko" key="IDT_KEY">키 크기:</control>
    <control lang="ko" key="IDT_KEYFILE_GENERATOR_NOTE">이 창 안에서 마우스를 무작위로 움직이세요. 마우스를 더 오래 움직일수록 더욱 좋습니다.</control>
    <control lang="ko" key="IDT_KEYFILE_WARNING">주의: 키파일을 분실하거나 키파일의 첫번째 1024KB가 변경되면, 키파일을 이용해서 볼륨을 삽입할 수 없습니다!</control>
    <control lang="ko" key="IDT_KEY_UNIT">비트</control>
    <control lang="ko" key="IDT_LANGPACK_AUTHORS">번역자:</control>
    <control lang="ko" key="IDT_LRW_BLOCK_INDEX">블록 색인(16진법)</control>
    <control lang="ko" key="IDT_LRW_KEY">보조 키(16진법)</control>
    <control lang="ko" key="IDT_LRW_MODE">LRW 모드</control>
    <control lang="ko" key="IDT_PLAINTEXT">순수텍스트 크기:</control>
    <control lang="ko" key="IDT_PLAINTEXT_SIZE_UNIT">비트</control>
    <control lang="ko" key="IDT_POOL_CONTENTS">현재의 풀(Pool) 내용</control>
    <control lang="ko" key="IDT_PRF">PRF 혼합:</control>
    <control lang="ko" key="IDT_SORT_METHOD">정렬 방법:</control>
    <control lang="ko" key="IDT_TEST_CIPHERTEXT">암호문(16진법)</control>
    <control lang="ko" key="IDT_TEST_KEY">키(16진법)</control>
    <control lang="ko" key="IDT_TEST_PLAINTEXT">순수텍스트(16진법)</control>
    <control lang="ko" key="IDT_KEYFILES_NOTE">어떤 종류라도, 예컨대 .mp3, .jpg, .zip, .avi 파일도 TrueCrypt 키파일로 사용될 수 있습니다. TrueCrypt는 키파일의 내용을 절대로 수정하지 않습니다. 한 개 이상의 키파일을 선택할 수 있습니다(순서는 무관). 폴더를 추가하면, 폴더 안의 모든 파일들이 키파일로 사용됩니다.</control>
    <control lang="ko" key="IDT_TEST_CONFIG">암호 설정(크기는 바이트)</control>
    <control lang="ko" key="IDD_PCDM_CHANGE_PKCS5_PRF">헤더 키 도출 알고리듬 설정</control>
    <control lang="ko" key="IDD_PCDM_ADD_REMOVE_VOL_KEYFILES">볼륨에 키파일 추가/삭제</control>
    <control lang="ko" key="IDD_PCDM_REMOVE_ALL_KEYFILES_FROM_VOL">볼륨에서 모든 키파일 제거</control>
    <control lang="ko" key="IDT_EXPLORER_OPTIONS">윈도우 탐색기</control>
    <control lang="ko" key="IDC_BROWSE_KEYFILES">탐색...</control>
    <control lang="ko" key="IDD_KEYFILE_GENERATOR_DLG">TrueCrypt - 키파일 생성기</control>
    <control lang="ko" key="IDT_LICENSE">라이선스 계약:</control>
    <control lang="ko" key="IDT_UNINSTALL_INFO">TrueCrypt 볼륨을 삭제할 수 없습니다. HKLM\\SYSTEM\\ControlSet001\\Enum\\Root\\LEGACY_TRUECRYPT 부분의 레지스트리 항목을 제거할 수 없습니다. 윈도우가 삭제를 허용하지 않습니다.</control>
    <control lang="ko" key="MENU_FILE">파일(&amp;F)</control>
    <control lang="ko" key="MENU_VOLUMES">볼륨(&amp;V)</control>
    <control lang="ko" key="MENU_KEYFILES">키파일(&amp;K)</control>
    <control lang="ko" key="MENU_TOOLS">도구(&amp;O)</control>
    <control lang="ko" key="MENU_SETTINGS">설정(&amp;N)</control>
    <control lang="ko" key="MENU_HELP">도움말(&amp;H)</control>
    <control lang="ko" key="MENU_WEBSITE">   홈페이지   </control>
    <!-- Strings -->
    <string lang="ko" key="ABOUTBOX">정보...</string>
    <string lang="ko" key="ACCESSMODEFAIL">이전 볼륨의 읽기전용 속성을 변경할 수 없습니다. 파일 접근 권한을 확인해 주세요.</string>
    <string lang="ko" key="ACCESS_DENIED">오류: 접근이 허용되지 않습니다.\n\n접근하려고 하는 파티션의 0 섹터이거나 부팅 장치입니다.</string>
    <string lang="ko" key="ADMIN_PRIVILEGES_DRIVER">TrueCrypt 드라이버를 로드하려면, 관리자 권한의 계정으로 로그온해야 합니다.</string>
    <string lang="ko" key="ADMIN_PRIVILEGES_WARN_DEVICES">파티션/장치를 암호화/포맷하려면 관리자 권한의 계정으로 로그온해야 합니다.\n\n이는 파일에 의한 볼륨에는 해당되지 않습니다.</string>
    <string lang="ko" key="ADMIN_PRIVILEGES_WARN_HIDVOL">숨긴 볼륨을 만들려면 관리자 권한의 계정으로 로그온해야 합니다.\n\n계속하시겠습니까?</string>
    <string lang="ko" key="ADMIN_PRIVILEGES_WARN_NTFS">NTFS로 볼륨을 포맷하려면 관리자 권한의 계정으로 로그온해야 합니다.\n\n관리자 권한이 없는 경우에는 볼륨을 FAT으로 포맷할 수 있습니다.</string>
    <string lang="ko" key="AES_HELP">FIPS에 의해 승인된 암호(Rijndael, 1998년 발표)는 미국부무 및 각 부서에서 1급 기밀로 분류된 정보를 보호하는데 이용되고 있습니다. 256-비트 키, 128-비트 블록, 14 라운드 (AES-256). 작업 모드는 LRW입니다.</string>
    <string lang="ko" key="ALREADY_MOUNTED">볼륨이 이미 삽입되어 있습니다.</string>
    <string lang="ko" key="ERR_SELF_TESTS_FAILED">주의: 적어도 한 개의 암호 또는 해시 알고리듬이 내장된 자동 셀프-테스트를 하는데 실패했습니다!\n\nTrueCrypt 설치가 손상되었습니다.</string>
    <string lang="ko" key="ERR_NOT_ENOUGH_RANDOM_DATA">주의: 요청된 양의 무작위 데이터를 제공하는 “무작위 숫자 생성기” 풀에서의 데이터가 불충분합니다.\n\n더 이상 진행할 수 없습니다. 도움말 메뉴에서 “버그 보고”를 선택해서 이 오류를 보고해 주세요.</string>
    <string lang="ko" key="BAD_DRIVE_LETTER">올바르지 못한 드라이브 문자.</string>
    <string lang="ko" key="CANCEL">취소</string>
    <string lang="ko" key="CANNOT_CALC_SPACE">장치에 접근할 수 없습니다. 선택한 장치가 존재하는지 여부 및 시스템에 의해 사용 중인가를 확인하세요.</string>
    <string lang="ko" key="CAPSLOCK_ON">주의: Caps Lock이 켜져 있습니다. 이 경우 비밀번호를 올바르게 입력할 수 없을지도 모릅니다.</string>
    <string lang="ko" key="CIPHER_HIDVOL_HOST_TITLE">외부 볼륨 암호 옵션</string>
    <string lang="ko" key="CIPHER_HIDVOL_TITLE">숨긴 볼륨 암호 옵션</string>
    <string lang="ko" key="CIPHER_TITLE">암호 옵션</string>
    <string lang="ko" key="CLEAN_WINMRU_FAILED">주의: (파일 선택기에 의해 기억된) 선택한 볼륨/키파일의 최근 경로를 삭제하는 데 실패했습니다!</string>
    <string lang="ko" key="COMPRESSION_NOT_SUPPORTED">오류: 보관소가 파일 시스템 레벨로 압축되어 있습니다. TrueCrypt는 압축된 보관소를 지원하지 않습니다(→ 암호화된 데이터 압축은 비효율적이고 중복되기만 합니다).\n\n다음 단계에 따라 보관소의 압축을 해제합니다: 1) (TrueCrypt가 아닌) 윈도우 탐색기에서 보관소를 오른쪽 클릭합니다. 2) “속성”을 선택합니다. 3) “속성” 대화창에서 “고급”을 클릭합니다. 4) “고급 속성” 대화창에서, “드라이브를 압축하여 디스크 공간 절약” 옵션을 체크해제하고 “확인”을 클릭합니다. 5) “속성” 대화창에서 “확인”을 클릭합니다.</string>
    <string lang="ko" key="CREATE_FAILED">%hs 볼륨을 만드는데 실패했습니다.</string>
    <string lang="ko" key="DEVICE_FREE_BYTES">드라이브 %hs의 크기 ▷ %.2f 바이트</string>
    <string lang="ko" key="DEVICE_FREE_GB">드라이브 %hs의 크기 ▷ %d GB</string>
    <string lang="ko" key="DEVICE_FREE_KB">드라이브 %hs의 크기 ▷ %.2f KB</string>
    <string lang="ko" key="DEVICE_FREE_MB">드라이브 %hs의 크기 ▷ %.2f MB</string>
    <string lang="ko" key="DEVICE_FREE_PB">드라이브 %hs의 크기 ▷ %d PB</string>
    <string lang="ko" key="DEVICE_FREE_TB">드라이브 %hs의 크기 ▷ %d TB</string>
    <string lang="ko" key="DEVICE_IN_USE">주의: 장치/파티션이 이미 사용 중입니다!\n\n이것을 무시하면 시스템 불안정 등의 원하지 않는 결과를 초래할 수 있습니다. 장치/파티션을 사용하는 모든 프로그램들을 “볼륨을 삽입하기 전”에 닫아야 합니다.\n\n그래도 계속 하시겠습니까?</string>
    <string lang="ko" key="DEVICE_IN_USE_FORMAT">주의: 장치/파티션이 운영체제나 프로그램에 의해 사용 중입니다. 장치/파티션을 포맷하면 데이터 손실 또는 시스템 불안정 등을 초래할 수 있습니다.\n\n계속하시겠습니까?</string>
    <string lang="ko" key="FORMAT_CANT_DISMOUNT_FILESYS">오류: 장치/파티션에 꺼낼 수 없는 파일 시스템이 있습니다. 파일 시스템이 운영체제에 의해 사용 중일 수도 있습니다. 장치/파티션을 포맷하면 데이터 손실 또는 시스템 불안정의 결과를 초래할 수도 있습니다.\n\n이 문제점의 해결책으로 먼저 파티션을 삭제하고, 포맷하지 않은 상태에서 파티션을 다시 만들 것을 권장합니다. 다음 단계를 따라야 합니다. 1) “시작 메뉴”에서 “내 컴퓨터”를 오른쪽 클릭한 다음 “관리”를 선택합니다. “컴퓨터 관리”창이 뜰 것입니다. 2) “컴퓨터 관리” 창에서 “저장소” &gt; “디스크 관리”를 선택합니다. 3) 암호화할 파티션을 오른쪽 클릭한 다음 “파티션 삭제”, “볼륨 삭제” 또는 “논리 드라이브 삭제” 중 하나를 선택합니다. 4) “예”를 클릭합니다. 윈도우가 컴퓨터를 재시작할 것인지 물으면 그렇게 해야 합니다. 그런 다음 1단계와 2단계를 반복한 후 5단계부터 계속합니다. 5) 빈 공간 영역(“할당 안됨”으로 표시됨)을 오른쪽 클릭한 다음 “새 파티션”, “새 단순 볼륨” 또는 “새 논리 드라이브”를 선택합니다. 6) “새 파티션 마법사” 또는 “새 단순 볼륨 마법사” 창이 뜨면 거기의 지침을 따릅니다. “파티션 포맷”이란 제목이 붙은 마법사에서, “현재 파티션 포맷 안함” 또는 “현재 볼륨 포맷 안함” 중 하나를 선택합니다. 동일한 마법사에서 “다음”을 클릭하고 “마침”을 클릭합니다. 7) TrueCrypt에서 선택했던 장치 경로가 지금은 틀릴 수도 있습니다. 이제 TrueCrypt 볼륨 만들기 마법사가 실행 중이라면 종료하고 다시 시작합니다. 8) TrueCrypt에서 장치/파티션 암호화를 다시 시도합니다.\n\n장치/파티션 암호화에 계속 실패할 경우, 암호화 대신에 “파일 보관소”를 만들 것을 고려해 봐야 합니다.</string>
    <string lang="ko" key="DEVICE_IN_USE_INFO">주의: 삽입된 일부 장치/파티션이 현재 사용 중입니다!\n\n이를 무시하면 시스템 불안정을 포함한 바람직하지 않은 결과를 초래할 수 있습니다.\n\n장치/파티션을 사용 중인 프로그램을 닫을 것을 권장합니다.</string>
    <string lang="ko" key="DEVICE_PARTITIONS_ERR">선택한 장치에 파티션이 포함되어 있습니다.\n\n장치를 포맷하면 시스템 불안정 또는 데이터 손상을 초래할 수 있습니다. TrueCrypt로 안전하게 포맷하려면 장치에서 파티션을 선택하거나 장치의 모든 파티션을 제거해야 합니다.</string>
    <string lang="ko" key="WHOLE_DEVICE_WARNING">중요: 모든 장치를 암호화한 경우, 운영체제가 장치를 (파티션 테이블이 없는 경우처럼) 새 장치 또는 포맷되지 않은 것으로 판단합니다. 이렇게 되면 볼륨이 초기화될 수 있고, 이로 인해 볼륨을 삽입할 수 없을지도 모릅니다.\n\n그래서 장치에 파티션을 만들고 이를 암호화하는 것이 좋습니다.\n\n모든 장치를 암호화하시겠습니까?</string>
    <string lang="ko" key="WHOLE_DEVICE_NOTE">중요: 이 장치를 초기화할 것인지 윈도우로부터 질문을 받게 되면 “아니오”를 선택해야 합니다. 윈도우가 초기화해야 한다고 알리더라도 마찬가지입니다. 이렇게 하지 않으면 볼륨이 손상되거나 삽입할 수 없을지도 모릅니다.\n\n볼륨이 만들어진 후에 “볼륨 헤더”를 백업할 것을 권장합니다(도구 -&gt; 볼륨 헤더 백업).</string>
    <string lang="ko" key="AFTER_FORMAT_DRIVE_LETTER_WARN">중요: 드라이브 문자 %c: 을(를) 이용해서 현재의 파티션/장치가 삽입될 수 없습니다. 이 문자가 현재 할당되어 있기 때문입니다.\n\n이 파티션/장치를 삽입하려면, TrueCrypt 메인 창에서 “장치 자동삽입”을 클릭하세요. 아니면 “장치 선택”을 클릭하고 파티션/장치를 선택한 후 “삽입”을 클릭해도 됩니다. 파티션/장치는 다른 드라이브 문자에 삽입되고, 드라이브 문자는 TrueCrypt 창의 목록에서 선택가능합니다.\n\n원래의 드라이브 문자 %c: 은(는) 파티션/장치에서 암호를 제거할 경우에만 사용되어야 합니다(예: 암호화가 더 이상 필요하지 않은 경우). 이런 경우에 “내 컴퓨터” 목록에서 드라이브 문자 %c:를 오른쪽 클릭한 다음 “포맷”을 선택하세요. 이런 경우를 제외하고는  드라이브 문자 %c:를 사용해서는 안됩니다.</string>
    <string lang="ko" key="DISK_FREE_BYTES">드라이브 %hs의 여유 공간 ▷ %.2f 바이트</string>
    <string lang="ko" key="DISK_FREE_GB">드라이브 %hs의 여유 공간 ▷ %d GB</string>
    <string lang="ko" key="DISK_FREE_KB">드라이브 %hs의 여유 공간 ▷ %.2f KB</string>
    <string lang="ko" key="DISK_FREE_MB">드라이브 %hs의 여유 공간 ▷ %.2f MB</string>
    <string lang="ko" key="DISK_FREE_PB">드라이브 %hs의 여유 공간 ▷ %d PB</string>
    <string lang="ko" key="DISK_FREE_TB">드라이브 %hs의 여유 공간 ▷ %d TB</string>
    <string lang="ko" key="DRIVELETTERS">이용가능한 드라이브 문자가 없습니다.</string>
    <string lang="ko" key="DRIVER_NOT_FOUND">TrueCrypt 드라이버를 찾을 수 없습니다!\n\n프로그램이 위치한 동일 디렉토리에 “truecrypt.sys” 및 “turecrypt-x64.sys” 파일을 복사해 주세요.</string>
    <string lang="ko" key="DRIVER_VERSION">호환되지 않는 TrueCrypt 장치 드라이버가 현재 실행 중입니다.\n\n요구되는 버전: TrueCrypt %hs</string>
    <string lang="ko" key="ERR_CIPHER_INIT_FAILURE">오류: 암호를 초기화하는데 실패했습니다.</string>
    <string lang="ko" key="ERR_CIPHER_INIT_WEAK_KEY">오류: 강력하지 않은 키가 탐지되었습니다. 이 키는 무시되었습니다. 다시 시도하세요.</string>
    <string lang="ko" key="EXCEPTION_REPORT">치명적인 오류가 발생해서 TrueCrypt를 종료해야 합니다. 만약 원인이 TrueCrypt의 버그라면, 이것을 고치고자 합니다. 우리를 돕고자 한다면, 여러분은 다음 항목들을 포함해서 자동으로 생성된 오류 보고서를 보내주시면 고맙겠습니다:\n\n- 프로그램 버전\n- 운영체제 버전\n- TrueCrypt 콤포넌트 이름\n- TrueCrypt 대화창 식별기\n- 오류 카테고리\n- 오류 주소\n- TrueCrypt 콜 스택(call stack)\n\n“예”를 선택하면, (전체 오류 보고서를 포함한) 다음 URL이 기본 인터넷 브라우저에서 열립니다(약 30초 정도의 시간일 걸릴 수 있습니다).\n\n%hs\n\n오류 보고서를 우리에게 보내시겠습니까?</string>
    <string lang="ko" key="EXCEPTION_REPORT_EXT">TrueCrypt를 종료해야만 하는 치명적인 오류가 시스템에 발생했습니다.\n\n이 오류는 TrueCrypt에 의해 발생된 것이 아닙니다(그래서 TrueCrypt의 개발자가 고칠 수는 없습니다). 여러분의 시스템을 체크해 주세요(예: 시스템 설정, 네트워크 연결, 하드웨어 콤포넌트 실패 등).</string>
    <string lang="ko" key="EXCEPTION_REPORT_TITLE">TrueCrypt 치명적 오류</string>
    <string lang="ko" key="EXIT">종료</string>
    <string lang="ko" key="EXT_PARTITION">이 확장 파티션에 대한 논리 드라이브를 만든 후 다시 시도하세요.</string>
    <string lang="ko" key="FILE_HELP">파일에 의한 볼륨을 만들 수 있고, 전체 하드 디스크 파티션, 플로피 디스크, USB 메모리 스틱 및 기타 저장 장치에 암호를 걸 수 있습니다. 새 볼륨을 관리하도록 만들어질 파일의 이름 및 경로를 지정하려면 “파일 선택…”을 클릭하고, 암호화할 파티션 또는 장치를 선택하려면 “장치 선택…”을 클릭하세요.\n\n주의: 만약 파티션 또는 장치를 암호화하면 그곳에 현재 저장된 모든 데이터가 삭제됩니다!!</string>
    <string lang="ko" key="FILE_HELP_HIDDEN_HOST_VOL">외부 볼륨을 만들고자 하는 위치를 선택하세요(“외부 볼륨 → 숨긴 볼륨” 순서로 만들어집니다).\n\n파일에 의한 볼륨을 만들거나, 전체 하드 디스크 파티션, 플로피 디스크 및 기타 미디어에 암호를 걸 수 있습니다. 새 볼륨을 관리하도록 만들어질 파일의 이름 및 경로를 지정하려면 “파일 선택…”을 클릭하고, 암호화할 파티션 또는 장치를 선택하려면 “장치 선택…”을 클릭하세요.\n\n만약 파티션 또는 장치를 암호화하면 그곳에 현재 저장된 모든 데이터가 삭제됩니다!!</string>
    <string lang="ko" key="FILE_HELP_HIDDEN_HOST_VOL_DIRECT">숨긴 볼륨을 포함할 TrueCrypt 외부 볼륨의 위치를 선택해 주세요.</string>
    <string lang="ko" key="FILE_IN_USE">주의: 호스트 파일/장치가 이미 사용 중입니다!\n\n이것을 무시하면 시스템 불안정 등의 원하지 않는 결과를 초래할 수 있습니다. 호스트 파일/장치를 사용하는 모든 프로그램들을 “볼륨을 삽입하기 전”에 닫아야 합니다.\n\n그래도 계속 하시겠습니까?</string>
    <string lang="ko" key="FILE_IN_USE_FAILED">오류: 볼륨을 삽입할 수 없습니다. 호스트 파일/장치가 이미 사용 중입니다. 접근권한 없는 삽입의 시도는 실패했습니다.</string>
    <string lang="ko" key="FILE_OPEN_FAILED">파일을 열 수 없습니다.</string>
    <string lang="ko" key="FILE_TITLE">볼륨 위치</string>
    <string lang="ko" key="FORMAT">포맷</string>
    <string lang="ko" key="FORMAT_ABORT">포맷 중단?</string>
    <string lang="ko" key="FORMAT_FINISHED_HELP">\n\n볼륨이 성공적으로 만들어졌고, 사용할 준비가 되었습니다. 또 다른 TrueCrypt 볼륨을 만들려면 “다음”을 클릭하세요. 마법사를 끝내려면 “종료”를 클릭하세요.</string>
    <string lang="ko" key="FORMAT_FINISHED_INFO">볼륨이 성공적으로 만들어졌고, 사용할 준비가 되었습니다.</string>
    <string lang="ko" key="FORMAT_FINISHED_TITLE">볼륨 생성</string>
    <string lang="ko" key="FORMAT_HELP">여기서 새로운 볼륨의 포맷에 영향을 주는 추가적인 옵션을 설정할 수 있습니다. 더 자세한 정보를 보려면 문서를 참고하세요. 새 볼륨을 만들 준비가 되면 “포맷”을 클릭하세요.</string>
    <string lang="ko" key="FORMAT_HIDVOL_HOST_HELP">숨긴 볼륨은 FAT 볼륨 내에만 만들어질 수 있습니다. 더 자세한 정보를 보려면 문서를 참고하세요. 외부 볼륨을 만들 준비가 되면 “포맷”을 클릭하세요.</string>
    <string lang="ko" key="FORMAT_HIDVOL_HOST_TITLE">외부 볼륨 포맷</string>
    <string lang="ko" key="FORMAT_HIDVOL_TITLE">숨긴 볼륨 포맷</string>
    <string lang="ko" key="FORMAT_TITLE">볼륨 포맷</string>
    <string lang="ko" key="GETFILETIME_FAILED">주의: 보관소의 타임스탬프를 확인할 수 없습니다!</string>
    <string lang="ko" key="GETFILETIME_FAILED_GENERIC">주의: 보관소의 타임스탬프를 확인할 수 없습니다!\n\n만약 이 보관소에 숨긴 볼륨이 있다면, 숨긴 볼륨의 효과적인 방어방법에 영향을 미칠 수 있습니다.</string>
    <string lang="ko" key="GETFILETIME_FAILED_IMPLANT">주의: 보관소의 타임스탬프를 확인할 수 없습니다!\n\n외부 도구를 이용해서 타임스탬프를 초기화하지 않을 경우, 이 보관소에 숨긴 볼륨을 만들지 않기를 권장합니다.</string>
    <string lang="ko" key="GETFILETIME_FAILED_PW">주의: 보관소의 타임스탬프를 확인할 수 없습니다!\n\n만약 이 보관소에 숨긴 볼륨이 있다면, 비밀번호를 변경하려고 시도하는 등의 행위가 있은 후에 “숨긴 볼륨의 효과적인 방어방법”에 영향을 미칠 수도 있습니다.</string>
    <string lang="ko" key="GETFILETIME_FAILED_KEYFILE">주의: 키파일의 타임스탬프를 확인할 수 없습니다! 최근 접근 날짜/시간을 보존할 수 없습니다.\n\n이 파일에의 과거 접근 날짜/시간은 알 수 있습니다.</string>
    <string lang="ko" key="HELP_READER_ERROR">TrueCrypt 사용자 안내서를 보거나 인쇄하려면 Adobe Reader(또는 호환가능한 도구)가 필요합니다. Adobe Reader (프리웨어) 다운로드 주소: www.adobe.com\n\n대신 온라인 문서를 보시겠습니까?</string>
    <string lang="ko" key="HIDDEN_VOL_WIZARD_MODE_HELP">경험이 없는 사용자는 첫번째 옵션을 선택할 것을 권장합니다. 만약 두번째 옵션을 선택했다면, “숨긴 볼륨”을 관리할 TrueCrypt “외부 볼륨”을 이미 만들었다고 간주합니다.</string>
    <string lang="ko" key="HIDDEN_VOL_WIZARD_MODE_TITLE">마법사 모드</string>
    <string lang="ko" key="HIDVOL_FORMAT_FINISHED_HELP">\n\n볼륨이 성공적으로 만들어졌고, 사용할 준비가 되었습니다. 주어진 지침 및 TrueCrypt 사용자 안내서의 “Security Precautions Pertaning to Hidden Volumes” 장의 사전 지침을 잘 따랐다면, 외부 볼륨이 삽입되었을 때조차도 숨긴 볼륨이 존재하는지 여부를 알 수 없습니다.\n\n주의: 만약 숨긴 볼륨을 보호하지 않았다면, 절대로 외부 볼륨에 데이터를 작성하면 안됩니다(TrueCrypt 사용자 안내서의 “Security Precautions Pertaning to Hidden Volumes” 참고). 만약 외부 볼륨에 데이터를 작성해 버리면 숨긴 볼륨을 덮어쓰고 손상하게 됩니다.</string>
    <string lang="ko" key="HIDVOL_FORMAT_FINISHED_TITLE">숨긴 볼륨을 생성했습니다.</string>
    <string lang="ko" key="HIDVOL_HOST_FILLING_HELP">외부 볼륨이 성공적으로 만들어졌고, 드라이브 %hc:에 삽입되었습니다. 실제로는 숨기고 싶지 않지만 겉으로 보기에 상당히 민감한 파일을 이 볼륨에 지금 복사해야 합니다. 강요에 의해 비밀번호를 노출해야만 하는 경우에 거기에 있는 파일들이 표시됩니다. 외부 볼륨에 대한 비밀번호만 노출될 뿐, 숨긴 볼륨은 안전합니다. 나중에 만들어질 “숨긴 볼륨”에 진짜 소중한 파일을 저장하면 됩니다. 복사 작업이 끝나면 “다음”을 클릭하세요. 볼륨을 꺼내지 마세요.\n\n참고: “다음”을 클릭하면, 여유 공간(이 공간의 끝이 볼륨의 끝과 정렬됨)의 간섭받지 않는 영역의 크기를 결정하기 위해, 외부 볼륨의 클러스터 비트맵을 스캔하게 됩니다. 이 영역은 숨긴 볼륨을 위한 것이기 때문에, 숨긴 볼륨의 가능한 최대 크기를 제한하게 됩니다. 클러스터 비트맵 스캔은 “숨긴 볼륨”이 외부 볼륨을 데이터로 덮어쓰지 못하도록 하는 것입니다.</string>
    <string lang="ko" key="HIDVOL_HOST_FILLING_TITLE">외부 볼륨 내용</string>
    <string lang="ko" key="HIDVOL_HOST_PRE_CIPHER_HELP">\n\n다음 단계에서 외부 볼륨에 대한 옵션을 설정하게 됩니다(외부 볼륨 안에 숨긴 볼륨이 나중에 만들어집니다). </string>
    <string lang="ko" key="HIDVOL_HOST_PRE_CIPHER_TITLE">외부 볼륨</string>
    <string lang="ko" key="HIDVOL_PRE_CIPHER_HELP">\n\n볼륨 클러스트 비트맵이 스캔되었고, 숨긴 볼륨의 가능한 최대 크기가 결정되었습니다. 다음 단계에서 숨긴 볼륨에 대한 옵션, 크기 및 비밀번호를 설정하게 됩니다.</string>
    <string lang="ko" key="HIDVOL_PRE_CIPHER_TITLE">숨긴 볼륨</string>
    <string lang="ko" key="HIDVOL_PROT_WARN_AFTER_MOUNT">이제 외부 볼륨을 꺼내기 전에는 숨긴 볼륨이 손상으로부터 보호됩니다.\n\n주의: 만약 어떤 데이터를 숨긴 볼륨 영역에 쓰고자 시도한다면, 볼륨이 꺼내지기 전까지 TrueCrypt는 전체 볼륨(외부/숨긴 볼륨)을 쓰기금지로 보호합니다. 이는 외부 볼륨에 대한 파일 시스템 손상을 초래할 수 있습니다. 숨긴 볼륨 영역에 저장되어 있는 데이터는 저장되지도 않고 손실되지도 않습니다! 윈도우는 이를 “쓰기 오류”로 보고하게 됩니다(“지연된 쓰기 실패” 또는 “변수가 올바르지 않습니다”).</string>
    <string lang="ko" key="HIDVOL_PROT_WARN_AFTER_MOUNT_PLURAL">이제 새로 삽입된 볼륨의 내부에 위치한 각 숨긴 볼륨은 꺼내지기 전까지는 손상으로부터 보호됩니다.\n\n주의: 만약 어떤 데이터를 보호된 숨긴 볼륨 영역에 쓰고자 시도한다면, 볼륨이 꺼내지기 전까지 TrueCrypt는 전체 볼륨(외부/숨긴 볼륨)을 쓰기금지로 보호합니다. 이는 외부 볼륨에 대한 파일 시스템 손상을 초래할 수 있습니다. 보호된 숨긴 볼륨 영역에 저장되어 있는 데이터는 저장되지도 않고 손실되지도 않습니다! 윈도우는 이를 “쓰기 오류”로 보고하게 됩니다(“지연된 쓰기 실패” 또는 “변수가 올바르지 않습니다”).</string>
    <string lang="ko" key="DAMAGE_TO_HIDDEN_VOLUME_PREVENTED">주의: %c:로 삽입된 볼륨의 숨긴 볼륨 영역에 데이터를 저장하려는 시도가 있었습니다!\n\nTrueCrypt가 숨긴 볼륨을 보호하기 위해 데이터가 저장되는 것을 막았습니다. 이는 외부 볼륨에 대한 파일 시스템 손상을 초래할 수 있고, 윈도우는 이를 “쓰기 오류”로 보고하게 됩니다(“지연된 쓰기 실패” 또는 “변수가 올바르지 않습니다”). 볼륨이 꺼내지기 전까지 전체 볼륨(외부/숨긴 볼륨)은 쓰기금지로 보호됩니다.\n\n지금 운영체제를 다시 시작할 것을 강력하게 권장합니다.</string>
    <string lang="ko" key="INIT_MUTEX">프로그램을 초기화할 수 없습니다. 요구된 뮤텍스 객체를 만드는 데 실패했습니다.</string>
    <string lang="ko" key="INIT_RAND">무작위 숫자 생성기를 초기화하는데 실패했습니다!</string>
    <string lang="ko" key="INIT_REGISTER">프로그램을 초기화할 수 없습니다. 다이얼로그 클래스 등록에 실패했습니다.</string>
    <string lang="ko" key="INTRO_HELP">\n이 마법사는 여러분이 새로운 TrueCrypt 볼륨을 만드는 것을 도와줍니다.\n\n중요: 무작위 데이터 수집이 시작되었습니다. 이 데이터는 새로운 볼륨에 대한 마스터 키, 보조 키(LRW 모드) 등을 만드는데 사용됩니다. 수집된 데이터는 창에서의 마우스 움직임, 키입력 및 기타 시스템에서 얻은 데이터를 포함합니다. 데이터는 가능한 한 무작위로 수집되며, 무작위일수록 마우스를 더 길게 움직일수록 더욱 좋습니다.</string>
    <string lang="ko" key="INTRO_TITLE">TrueCrypt 볼륨 만들기 마법사</string>
    <string lang="ko" key="INVALID_DEVICE">올바르지 못한 드라이브 또는 파티션이 지정되었습니다. 파티션을 삽입하려면 다음 구문을 사용하세요: \\Device\\Harddisk0\\Partition4</string>
    <string lang="ko" key="MAX_HIDVOL_SIZE_BYTES">이 볼륨에 대한 숨긴 볼륨의 가능한 최대 크기 ▷ %.2f bytes</string>
    <string lang="ko" key="MAX_HIDVOL_SIZE_KB">이 볼륨에 대한 숨긴 볼륨의 가능한 최대 크기 ▷ %.2f KB</string>
    <string lang="ko" key="MAX_HIDVOL_SIZE_MB">이 볼륨에 대한 숨긴 볼륨의 가능한 최대 크기 ▷ %.2f MB</string>
    <string lang="ko" key="MOUNTED_NOPWCHANGE">볼륨이 삽입된 상태에서 “비밀번호/키파일”을 변경할 수 없습니다. 먼저 볼륨을 꺼내야 합니다.</string>
    <string lang="ko" key="MOUNTED_NO_PKCS5_PRF_CHANGE">볼륨이 삽입된 상태에서 “헤더 키 도출 알고리듬”을 변경할 수 없습니다. 먼저 볼륨을 꺼내야 합니다.</string>
    <string lang="ko" key="MOUNT_BUTTON">삽입</string>
    <string lang="ko" key="NEW_VERSION_REQUIRED">이 볼륨을 삽입하려면 최신 버전의 TrueCrypt가 필요합니다.</string>
    <string lang="ko" key="VOL_CREATION_WIZARD_NOT_FOUND">오류: 볼륨 만들기 마법사를 찾을 수 없습니다.\n\n“TrueCrypt.exe”가 실행된 폴더에서 “TrueCrypt Format.exe” 파일을 찾아보시기 바랍니다. 만약 없으면 TrueCrypt를 다시 설치하거나, 디스크에서 “TrueCrypt Format.exe” 파일의 위치를 지정한 실행하세요.</string>
    <string lang="ko" key="NEXT">다음 &gt;</string>
    <string lang="ko" key="FINALIZE">마침</string>
    <string lang="ko" key="NODRIVER">TrueCrypt 장치 드라이버에 연결할 수 없습니다. TrueCrypt cannot work if the device driver is not running.\n\nPlease note that, due to a Windows issue, it may be required to log off or restart the system before the device driver can be loaded.</string>
    <string lang="ko" key="NOFONT">글꼴을 로딩/준비할 때 오류가 발생했습니다.</string>
    <string lang="ko" key="NOT_FOUND">지정한 DOS 드라이브 문자를 찾을 수 없습니다.</string>
    <string lang="ko" key="DRIVE_LETTER_UNAVAILABLE">드라이브 문자를 사용할 수 없습니다.</string>
    <string lang="ko" key="NO_FILE_SELECTED">선택한 파일이 없습니다!</string>
    <string lang="ko" key="NO_FREE_DRIVES">이용가능한 드라이브 문자가 없습니다.</string>
    <string lang="ko" key="NO_FREE_DRIVE_FOR_OUTER_VOL">외부 볼륨을 위해 할당한 드라이브 문자가 없습니다! 볼륨 만들기를 계속할 수 없습니다.</string>
    <string lang="ko" key="NO_OS_VER">사용 중인 운영체제를 확인할 수 없거나 지원되지 않는 운영체제를 사용 중입니다.</string>
    <string lang="ko" key="NO_PATH_SELECTED">선택한 경로가 없습니다!</string>
    <string lang="ko" key="NO_SPACE_FOR_HIDDEN_VOL">숨긴 볼륨에 충분한 여유 공간이 없습니다! 볼륨 만들기를 계속할 수 없습니다.</string>
    <string lang="ko" key="OPENFILES_DRIVER">드라이버가 볼륨을 꺼낼 수 없습니다. 볼륨의 일부 파일이 여전히 열려 있을 수도 있습니다.</string>
    <string lang="ko" key="OPENFILES_LOCK">볼륨을 잠글 수 없습니다. 볼륨의 일부 파일이 여전히 열려 있습니다. Therefore, it cannot be dismounted.</string>
    <string lang="ko" key="OPEN_VOL_TITLE">TrueCrypt 볼륨 선택</string>
    <string lang="ko" key="OPEN_TITLE">경로 및 파일이름 지정</string>
    <string lang="ko" key="OUTOFMEMORY">메모리 부족</string>
    <string lang="ko" key="FORMAT_DEVICE_FOR_ADVANCED_ONLY">중요: 경험이 없는 사용자는 모든 장치/파티션을 암호화하는 대신에 선택한 장치/파티션에 “TrueCrypt 파일 보관소”를 만들 것을 권장합니다.\n\nTrueCrypt 파일 보관소를 만들게 되면 수많은 파일을 파괴할지도 모르는 위험을 피할 수 있습니다. TrueCrypt 파일 보관소는 (비록 가상의 암호화된 디스크를 포함할지라도) 실제로 보통 파일과 같습니다. 그래서 보통의 파일처럼 보관소의 이름변경, 이동 또는 복사를 쉽게 할 수 있습니다. TrueCrypt 파일 보관소를 만들려면, “아니오”를 클릭한 다음 마법사 창에서 “파일 선택”을 클릭하세요. 추가 정보를 보려면, TrueCrypt 사용자 안내서에서 Beginner's Tutorial을 읽어보세요.\n\n정말로 모든 장치/파티션을 암호화하시겠습니까?</string>
    <string lang="ko" key="OVERWRITEPROMPT">주의: “%hs” 파일이 이미 존재합니다!\n\nTrueCrypt는 파일을 암호화하지 않고 삭제합니다. 파일을 삭제하고, 그 파일을 새로운 TrueCrypt 보관소로 교체하시겠습니까?</string>
    <string lang="ko" key="OVERWRITEPROMPT_DEVICE">주의: 선택한 %s '%hs'%s에 현재 저장된 모든 파일이 삭제되고 사라지게 됩니다!\n\n포맷을 계속 진행하시겠습니까?</string>
    <string lang="ko" key="PASSWORD">비밀번호</string>
    <string lang="ko" key="PASSWORD_CHANGED">비밀번호/키파일이 성공적으로 변경되었습니다.\n\n중요: TrueCrypt 사용자 안내서의 “Security Precautions” 장에 있는 “비밀번호 및 키파일 변경” 섹션을 읽어볼 것을 권장합니다.</string>
    <string lang="ko" key="KEYFILE_CHANGED">키파일이 성공적으로 추가/제거되었습니다.</string>
    <string lang="ko" key="PKCS5_PRF_CHANGED">헤더 키 도출 알고리듬을 성공적으로 설정했습니다.</string>
    <string lang="ko" key="PASSWORD_HELP">좋은 비밀번호를 선택하는 것은 매우 중요합니다. 사전에 나오는 한 개의 단어만을 포함하는 것 또는 2, 3개 단어의 조합은 피해야 합니다. 이름이나 생일 등도 피해야 합니다. 추측하기가 쉽기 때문입니다. 좋은 비밀번호는 무작위 조합입니다. 즉 대소문자, 숫자 및 @ ^ = $ * + 등과 같은 특수기호의 조합입니다. 적어도 20개 이상의 문자로 이루어진 비밀번호를 선택할 것을 권장합니다.  비밀번호의 최대길이는 64개 문자입니다.</string>
    <string lang="ko" key="PASSWORD_HIDDENVOL_HELP">숨긴 볼륨에 대한 비밀번호를 선택하세요. </string>
    <string lang="ko" key="PASSWORD_HIDDENVOL_HOST_DIRECT_HELP">볼륨(→ 이 안에 숨긴 볼륨을 만듬)의 비밀번호를 입력하세요.\n\n“다음”을 클릭하면, TrueCrypt가 볼륨을 삽입하기 위해 시도를 하게 됩니다. 볼륨이 삽입되었을 때, 여유 공간(이 공간의 끝이 볼륨의 끝과 정렬됨)의 간섭받지 않는 영역의 크기를 결정하기 위해, 외부 볼륨의 클러스터 비트맵을 스캔하게 됩니다. 이 영역은 숨긴 볼륨을 위한 것이기 때문에, 숨긴 볼륨의 가능한 최대 크기를 제한하게 됩니다. 클러스터 비트맵 스캔은 “숨긴 볼륨”이 외부 볼륨을 데이터로 덮어쓰지 못하도록 하기 위한 것이므로 필요한 작업입니다.</string>
    <string lang="ko" key="PASSWORD_HIDDENVOL_HOST_HELP">\n외부 볼륨에 대한 비밀번호를 선택하세요. 이것은 비밀번호를 강요하거나 요청받은 경우에 그 강요자에게 표시할 비밀번호입니다.\n\n이 비밀번호는 숨긴 볼륨의 것과 달라야 합니다.\n\n참고: 비밀번호의 최대길이는 64개 문자입니다.</string>
    <string lang="ko" key="PASSWORD_HIDVOL_HOST_TITLE">외부 볼륨 비밀번호</string>
    <string lang="ko" key="PASSWORD_HIDVOL_TITLE">숨긴 볼륨 비밀번호</string>
    <string lang="ko" key="PASSWORD_LENGTH_WARNING">주의: 짧은 비밀번호는 주먹구구식 기술로도 쉽게 크랙될 수 있습니다!\n\n적어도 20개 이상의 문자 및 숫자로 이루어진 비밀번호를 만들 것을 권장합니다. 그래도 짧은 비밀번호를 사용하시겠습니까?</string>
    <string lang="ko" key="PASSWORD_TITLE">볼륨 비밀번호</string>
    <string lang="ko" key="PASSWORD_WRONG">올바르지 못한 비밀번호이거나 TrueCrypt 볼륨이 아닙니다.</string>
    <string lang="ko" key="PASSWORD_OR_KEYFILE_WRONG">올바르지 못한 키파일 또는 비밀번호이거나 TrueCrypt 볼륨이 아닙니다.</string>
    <string lang="ko" key="PASSWORD_WRONG_CAPSLOCK_ON">\n\n주의: Caps Lock이 켜져 있습니다. 이 경우 비밀번호를 올바르게 입력할 수 없을지도 모릅니다.</string>
    <string lang="ko" key="PASSWORD_WRONG_AUTOMOUNT">올바르지 못한 비밀번호이거나 TrueCrypt 볼륨을 찾을 수 없습니다.</string>
    <string lang="ko" key="PASSWORD_OR_KEYFILE_WRONG_AUTOMOUNT">올바르지 못한 키파일 또는 비밀번호이거나 TrueCrypt 볼륨을 찾을 수 없습니다.</string>
    <string lang="ko" key="PREV">&lt; 이전</string>
    <string lang="ko" key="RAWDEVICES">시스템에 설치된 RAW 장치를 나열할 수 없습니다!</string>
    <string lang="ko" key="READONLYPROMPT">“%hs” 볼륨이 존재하고, 읽기전용 상태입니다. 그래도 교체하시겠습니까?</string>
    <string lang="ko" key="SELECT_DEST_DIR">대상 디렉토리 선택</string>
    <string lang="ko" key="SELECT_KEYFILE">키파일 선택</string>
    <string lang="ko" key="SELECT_KEYFILE_PATH">키파일 찾기 경로를 선택하세요. 주의: 경로만 기억되고, 파일 이름은 기억되지 않습니다!</string>
    <string lang="ko" key="SERPENT_HELP">Ross Anderson, Eli Biham, 및 Lars Knudsen에 의해 디자인됨. 1998년 발표됨. 256-비트 키, 128-비트 블록. 작업 모드는 LRW입니다. Serpent는 AES 결선작 중의 하나였습니다.</string>
    <string lang="ko" key="SETFILETIME_FAILED_IMPLANT">주의: 보관소의 타임스탬프(파일 수정/접근 날짜/시간)를 복구하는데 실패했습니다!\n\n숨긴 볼륨의 효과적인 방어방법에 영향을 미칠 수도 있습니다.</string>
    <string lang="ko" key="SETFILETIME_FAILED_PREP_IMPLANT">주의: 보관소의 타임스탬프를 복구할 수 없습니다!\n\n외부 도구를 이용해서 타임스탬프를 초기화하지 않을 경우, 이 보관소에 숨긴 볼륨을 만들지 않기를 권장합니다.</string>
    <string lang="ko" key="SETFILETIME_FAILED_PW">주의: 보관소의 타임스탬프(파일 수정/접근 날짜/시간)를 복구하는데 실패했습니다!\n\n만약 보관소 안에 숨긴 볼륨이 있다면, 숨긴 볼륨의 효과적인 방어방법에 영향을 미칠 수도 있습니다.</string>
    <string lang="ko" key="SETFILETIME_FAILED_KEYFILE">주의: 키파일 타임스탬프를 복구할 수 없습니다! 최근 접근 날짜/시간을 보존할 수 없습니다.\n\n이 파일에의 과거 접근 날짜/시간은 알 수 있습니다.</string>
    <string lang="ko" key="SETUP_INCOMPLETE">오류: “설치 파일” 폴더를 찾을 수 없습니다.\n\nTrueCrypt를 설치하기 전에 반드시 배포 패키지에서 모든 파일을 추출해야 합니다.</string>
    <string lang="ko" key="SIZE_HELP">만들 보관소의 크기를 지정해 주세요.\n\n만약 동적인 “바구니 파일”(sparse-file) 보관소를 만들 것이라면, 이 변수의 최대 크기를 지정해야 합니다.\n\nFAT 볼륨의 가능한 최소 크기는 19 KB라는 것을 참고하세요. NTFS 볼륨의 가능한 최소 크기는 2526 KB입니다.</string>
    <string lang="ko" key="SIZE_HELP_HIDDEN_HOST_VOL">새 외부 볼륨의 크기를 지정해 주세요(외부 볼륨 안에 숨긴 볼륨이 나중에 만들어집니다). 숨긴 볼륨을 포함할 볼륨의 가능한 최소 크기는 40 KB입니다.</string>
    <string lang="ko" key="SIZE_HELP_HIDDEN_VOL">만들 숨긴 볼륨의 크기를 지정해 주세요. FAT 볼륨의 가능한 최소 크기는 19 KB입니다. NTFS 볼륨의 가능한 최소 크기는 2526 KB입니다. 숨긴 볼륨에 대해 지정할 수 있는 최대 크기는 위에 표시된 바와 같습니다.</string>
    <string lang="ko" key="SIZE_HIDVOL_HOST_TITLE">외부 볼륨 크기</string>
    <string lang="ko" key="SIZE_HIDVOL_TITLE">숨긴 볼륨 크기</string>
    <string lang="ko" key="SIZE_PARTITION_HELP">장치 또는 파티션의 크기를 수정할 수 없습니다. 위에 표시된 선택한 장치 또는 파티션의 크기가 올바른지 확인한 다음 “다음”을 클릭하세요.</string>
    <string lang="ko" key="SIZE_PARTITION_HIDDEN_VOL_HELP">\n\n숨긴 볼륨을 포함할 볼륨의 가능한 최소 크기는 40 KB입니다.</string>
    <string lang="ko" key="SIZE_TITLE">볼륨 크기</string>
    <string lang="ko" key="SPARSE_FILE">동적 보관소</string>
    <string lang="ko" key="TESTS_FAILED">주의: 셀프-테스트 실패!</string>
    <string lang="ko" key="TESTS_PASSED">모든 알고리듬이 셀프-테스트를 통과했습니다.</string>
    <string lang="ko" key="TEST_INCORRECT_LRW_INDEX_SIZE">제공한 LRW 블록 색인이 너무 길거나 짧습니다.</string>
    <string lang="ko" key="TEST_INCORRECT_LRW_KEY_SIZE">제공한 보조 키가 너무 길거나 짧습니다.</string>
    <string lang="ko" key="TEST_CIPHERTEXT_SIZE">제공한 테스트 암호가 너무 길거나 짧습니다.</string>
    <string lang="ko" key="TEST_KEY_SIZE">제공한 테스트 키가 너무 길거나 짧습니다.</string>
    <string lang="ko" key="TEST_PLAINTEXT_SIZE">제공한 테스트 순수텍스트가 너무 길거나 짧습니다.</string>
    <string lang="ko" key="TEST_LRW_INDEX_OVERRUN">오류: 2^64보다 크거나 같은 LRW 블록 색인은 지원하지 않습니다.\n\n또한 지원되는 볼륨의 최대 크기는 2^63 바이트입니다(8589934592 GB).</string>
    <string lang="ko" key="TWO_LAYER_CASCADE_HELP">2개의 암호가 층계적으로 LRW 모드에서 작동. 각 블록은 처음에 %hs (%d-비트 키)로 암호화되고, 이어서 %hs (%d-비트 키)로 암호화됩니다. 각 암호는 각각의 키를 사용합니다. 모든 키는 상호 독립적입니다.</string>
    <string lang="ko" key="THREE_LAYER_CASCADE_HELP">3개의 암호가 층계적으로 LRW 모드에서 작동. 각 블록은 처음에 %hs (%d-비트 키)로 암호화되고, 이어서 %hs (%d-비트 키)로 암호화됩니다. 마지막으로 %hs (%d-비트 키)로 암호화됩니다. 각 암호는 각각의 키를 사용합니다. 모든 키는 상호 독립적입니다.</string>
    <string lang="ko" key="TRAVELLER_DISK_CREATED">TrueCrypt 휴대용 디스크가 성공적으로 만들어졌습니다.\n\n휴대용 모드에서 TrueCrypt를 실행하려면 관리자 권한이 필요합니다. 레지스트리 파일을 검사한 후에, 비록 휴대용 모드로 실행될지라도 TrueCrypt가 윈도우 시스템에서 실행된 것으로 간주될 수도 있다는 것을 참고하세요.</string>
    <string lang="ko" key="TC_TRAVELLER_DISK">TrueCrypt 휴대용 디스크</string>
    <string lang="ko" key="TWOFISH_HELP">Bruce Schneier, John Kelsey, Doug Whiting, David Wagner, Chris Hall, 및 Niels Ferguson에 의해 디자인됨. 1998년 발표됨. 256-비트 키, 128-비트 블록. 작업 모드는 LRW입니다. Twofish는 AES 결선작 중의 하나였습니다.</string>
    <string lang="ko" key="MORE_INFO_ABOUT">%hs에 대한 추가 정보</string>
    <string lang="ko" key="UNKNOWN">알 수 없음</string>
    <string lang="ko" key="ERR_UNKNOWN">알 수 없는 오류가 발생했습니다.</string>
    <string lang="ko" key="UNKNOWN_DRIVER_CODE">장치 드라이버에 알 수 없는 오류가 발생했습니다, 코드 = %d</string>
    <string lang="ko" key="UNMOUNTALL_LOCK_FAILED">일부 볼륨은 “프로그램 또는 시스템에 의해 사용되는” 파일 또는 폴더를 포함하고 있습니다.\n\n강제로 꺼낼까요?</string>
    <string lang="ko" key="UNMOUNT_BUTTON">꺼내기</string>
    <string lang="ko" key="UNMOUNT_FAILED">꺼내기 실패!</string>
    <string lang="ko" key="UNMOUNT_LOCK_FAILED">볼륨이 “프로그램 또는 시스템에 의해 사용되는” 파일 또는 폴더를 포함하고 있습니다.\n\n강제로 꺼낼까요?</string>
    <string lang="ko" key="VOL_ALREADY_MOUNTED">삽입하고자 하는 볼륨은 이미 삽입되어 있습니다. </string>
    <string lang="ko" key="VOL_FORMAT_BAD">이 볼륨의 포맷을 인식할 수 없습니다. 볼륨이 손상되었을 수도 있습니다.</string>
    <string lang="ko" key="VOL_MOUNT_FAILED">볼륨을 삽입하는 동안 오류가 발생했습니다.</string>
    <string lang="ko" key="VOL_READING">볼륨에서 데이터를 읽는데 오류가 발생했습니다.</string>
    <string lang="ko" key="VOL_SEEKING">볼륨 내에서 위치를 찾는데 오류가 발생했습니다.</string>
    <string lang="ko" key="VOL_SIZE_WRONG">오류: 올바르지 않는 볼륨 크기</string>
    <string lang="ko" key="VOL_TOO_SMALL">볼륨이 너무 작습니다 - 잘못된 볼륨입니다.</string>
    <string lang="ko" key="VOL_WRITING">볼륨에 데이터를 쓰는데 오류가 발생했습니다.</string>
    <string lang="ko" key="WARN_QUICK_FORMAT">주의: 다음의 경우에만 “빠른 포맷”을 사용해야 합니다:\n\n1) 장치가 무작위 데이터를 포함한 경우(예: 완전히 암호화된 경우)\n2) 이용가능한 모든 공간을 즉시 사용하고자 하는 경우\n3) 보안에 신경쓰지 않을 경우(테스트 목적)</string>
    <string lang="ko" key="CONFIRM_SPARSE_FILE">동적인 보관소는 미리 할당된 NTFS 바구니 파일(sparse file)이고, 이 바구니 파일의 물리적 크기(실제 디스크 사용 공간)는 새로운 데이터가 추가될 때마다 증가합니다.\n\n주의: 바구니 파일에 의한 볼륨의 성능은 보통의 볼륨 성능보다 매우 좋지 않습니다. 바구니 파일에 의한 볼륨은 또한 비교적 안전하지 못합니다. 왜냐하면 사용되지 않는 볼륨 섹터를 구분할 수 있기 때문입니다. 게다가 호스트 파일 시스템에 충분한 여유 공간이 없는 경우, 데이터가 바구니 파일 보관소에 쓰여진다면, 암호화된 파일 시스템이 손상될 수도 있습니다.\n\n바구니 파일에 의한 볼륨을 만드시겠습니까?</string>
    <string lang="ko" key="SPARSE_FILE_SIZE_NOTE">윈도우와 TrueCrypt에 의해 보고된 동적 보관소의 크기가 그 최대크기와 항상 일치한다는 것을 참고하세요. 현재 보관소의 물리적 크기(실제 디스크 공간)를 알아보려면, (TrueCrypt가 아닌 윈도우 탐색기 창에서) 보관소 파일을 오른쪽 클릭한 다음, “속성”을 선택하고 “디스크 크기” 값을 참고하세요.</string>
    <string lang="ko" key="WIPE_CACHE">장치 드라이버 캐쉬에 보관된 비밀번호가 삭제되었습니다.</string>
    <string lang="ko" key="WRONG_VOL_TYPE">외계 볼륨에 대해 비밀번호를 변경할 수 없습니다.</string>
    <string lang="ko" key="SELECT_FREE_DRIVE">비어 있는 드라이브 문자를 목록에서 선택하세요.</string>
    <string lang="ko" key="SELECT_A_MOUNTED_VOLUME">드라이브 문자 목록에서 삽입된 볼륨을 선택하세요.</string>
    <string lang="ko" key="CANT_CREATE_AUTORUN">오류: autorun.inf를 만들 수 없습니다.</string>
    <string lang="ko" key="ERR_PROCESS_KEYFILE">키파일을 처리하는 동안 오류가 발생했습니다!</string>
    <string lang="ko" key="ERR_PROCESS_KEYFILE_PATH">키파일 경로를 처리하는 동안 오류가 발생했습니다!</string>
    <string lang="ko" key="UNSUPPORTED_OS">TrueCrypt가 현재 운영체제를 지원하지 않습니다.</string>
    <string lang="ko" key="UNSUPPORTED_BETA_OS">오류: TrueCrypt 베타 버전은 이 운영체제를 지원하지 않습니다.</string>
    <string lang="ko" key="ERR_MEM_ALLOC">오류: 메모리 할당을 할 수 없습니다.</string>
    <string lang="ko" key="ERR_PERF_COUNTER">오류: 성능 계산값을 검색할 수 없습니다.</string>
    <string lang="ko" key="ALL_FILES">모든 파일</string>
    <string lang="ko" key="TC_VOLUMES">TrueCrypt 볼륨</string>
    <string lang="ko" key="FORMAT_NTFS_STOP">NTFS 포맷을 계속할 수 없습니다.</string>
    <string lang="ko" key="CANT_MOUNT_VOLUME">볼륨을 삽입할 수 없습니다.</string>
    <string lang="ko" key="CANT_DISMOUNT_VOLUME">볼륨을 꺼낼 수 없습니다.</string>
    <string lang="ko" key="FORMAT_NTFS_FAILED">윈도우가 NTFS로 볼륨을 포맷하는데 실패했습니다.\n\n가능하다면 다른 파일 형식을 선택한 다음 다시 시도하세요. 다른 방식으로는 현재 볼륨을 포맷되지 않은 상태로 그대로 두고(파일시스템을 “없음”으로 선택), 마법사를 종료합니다. 그 다음 볼륨을 삽입하고 시스템 도구 또는 제3자의 도구를 이용해서 삽입된 볼륨을 포맷합니다(볼륨은 여전히 암호화된 상태입니다).</string>
    <string lang="ko" key="DEFAULT">기본값</string>
    <string lang="ko" key="SECTOR">섹터</string>
    <string lang="ko" key="BLOCK">블록</string>
    <string lang="ko" key="PARTITION">파티션</string>
    <string lang="ko" key="PARTITION_LC">파티션</string>
    <string lang="ko" key="PARTITION_UPPER_CASE">파티션</string>
    <string lang="ko" key="DEVICE">장치</string>
    <string lang="ko" key="DEVICE_LC">장치</string>
    <string lang="ko" key="DEVICE_UPPER_CASE">장치</string>
    <string lang="ko" key="CLUSTER_TOO_SMALL">선택한 클러스터 크기는 이 볼륨 크기에 비해 너무 작습니다. 대신 더 큰 클러스터 크기가 사용될 것입니다.</string>
    <string lang="ko" key="CANT_GET_VOLSIZE">오류: 볼륨 크기를 가져올 수 없습니다!\n\n선택한 볼륨이 시스템이나 프로그램에 의해 사용 중인지 확인해 주세요.</string>
    <string lang="ko" key="HIDDEN_HOST_FAT_ONLY">“숨긴 볼륨”은 FAT 볼륨 안에만 만들어질 수 있습니다.\n\n추가 정보를 보려면 도움말을 참고하세요.</string>
    <string lang="ko" key="HIDDEN_VOL_HOST_SPARSE">숨긴 볼륨을 동적인 바구니 파일(sparse file) 보관소에 만들 수 없습니다. 효과적인 방어를 하려면, 숨긴 볼륨을 보통의 볼륨에 만들어야 합니다.</string>
    <string lang="ko" key="CANT_ACCESS_VOL">오류: 볼륨에 접근할 수 없습니다!\n\n선택한 볼륨이 존재하는지 여부, 삽입되었는지 여부, 시스템 또는 프로그램에 의해 사용 중인지 여부 및 볼륨에 대한 읽기/쓰기 권한이 있는지 아니면 쓰기금지가 되어 있는지 확인해 주세요.</string>
    <string lang="ko" key="CANT_DISMOUNT_OUTER_VOL">오류: 외부 볼륨을 꺼낼 수 없습니다!\n\n프로그램이나 시스템에 의해 사용 중인 파일이나 폴더가 볼륨에 있는 경우에는 볼륨을 꺼낼 수 없습니다.\n\n볼륨에 있는 파일 또는 폴더를 사용 중인 다른 프로그램을 종료한 다음 “다시 시도”를 클릭하세요.</string>
    <string lang="ko" key="CANT_LOCK_OUTER_VOL">오류: 외부 볼륨을 잠글 수 없습니다!\n\n프로그램이나 시스템에 의해 사용 중인 파일이나 폴더가 볼륨에 있는 경우에는 볼륨을 잠글 수 없습니다.\n\n볼륨에 있는 파일 또는 폴더를 사용 중인 다른 프로그램을 종료한 다음 “다시 시도”를 클릭하세요.\n\n주의: 이를 무시하기 위해 “무시”를 클릭한 경우, 볼륨을 꺼내기 전에는 더 이상 데이터를 볼륨에 쓸 수 없다는 것을 명심하세요. 이 작업에 실패하게 되면 숨긴 볼륨의 효과적인 거부방법에 악영향을 미치게 됩니다!</string>
    <string lang="ko" key="CANT_ACCESS_OUTER_VOL">오류: 외부 볼륨에 접근할 수 없습니다! 볼륨 만들기를 계속할 수 없습니다.</string>
    <string lang="ko" key="CANT_MOUNT_OUTER_VOL">오류: 외부 볼륨에 삽입할 수 없습니다! 볼륨 만들기를 계속할 수 없습니다.</string>
    <string lang="ko" key="CANT_GET_CLUSTER_BITMAP">오류: 볼륨 클러스터 비트맵을 가져올 수 없습니다! 볼륨 만들기를 계속할 수 없습니다.</string>
    <string lang="ko" key="ALPHABETICAL_CATEGORIZED">알파벳/카테고리</string>
    <string lang="ko" key="MEAN_SPEED">평균 속도 (내림차순)</string>
    <string lang="ko" key="ALGORITHM">알고리듬</string>
    <string lang="ko" key="ENCRYPTION">암호화</string>
    <string lang="ko" key="DECRYPTION">암호해제</string>
    <string lang="ko" key="MEAN">평균</string>
    <string lang="ko" key="DRIVE">드라이브</string>
    <string lang="ko" key="VOLUME">볼륨</string>
    <string lang="ko" key="SIZE">크기</string>
    <string lang="ko" key="ENCRYPTION_ALGORITHM">암호 알고리듬</string>
    <string lang="ko" key="ENCRYPTION_ALGORITHM_LV">암호 알고리듬</string>
    <string lang="ko" key="TYPE">형식</string>
    <string lang="ko" key="VALUE">값</string>
    <string lang="ko" key="PROPERTY">속성</string>
    <string lang="ko" key="LOCATION">위치</string>
    <string lang="ko" key="BYTES">바이트</string>
    <string lang="ko" key="HIDDEN">숨김</string>
    <string lang="ko" key="OUTER">외부</string>
    <string lang="ko" key="NORMAL">보통</string>
    <string lang="ko" key="READ_ONLY">읽기전용</string>
    <string lang="ko" key="HIDDEN_VOLUME">숨긴 볼륨</string>
    <string lang="ko" key="HID_VOL_DAMAGE_PREVENTED">예 (손상이 방지됨!)</string>
    <string lang="ko" key="NONE">없음</string>
    <string lang="ko" key="ACTIVE">활성</string>
    <string lang="ko" key="KEY_SIZE">키 크기</string>
    <string lang="ko" key="BITS">비트</string>
    <string lang="ko" key="BLOCK_SIZE">블록 크기</string>
    <string lang="ko" key="MODE">모드</string>
    <string lang="ko" key="PKCS5_PRF">PKCS-5 PRF</string>
    <string lang="ko" key="PKCS5_ITERATIONS">PKCS-5 반복 수</string>
    <string lang="ko" key="VOLUME_CREATE_DATE">볼륨 생성</string>
    <string lang="ko" key="VOLUME_HEADER_DATE">헤더 최종 수정</string>
    <string lang="ko" key="VOLUME_HEADER_DAYS"> (%I64d일 전)</string>
    <string lang="ko" key="FIRST_AVAILABLE">이용가능한 첫번째</string>
    <string lang="ko" key="REMOVABLE">removable</string>
    <string lang="ko" key="HARDDISK">Harddisk</string>
    <string lang="ko" key="UNCHANGED">변경 없음</string>
    <string lang="ko" key="AFTER_UPGRADE_RELEASE_NOTES">TrueCrypt 최신 버전의 배포 정보를 보시겠습니까?</string>
    <string lang="ko" key="AFTER_INSTALL_TUTORIAL">이전에 TrueCrypt를 사용해 본 적이 없는 경우, TrueCrypt 사용자 안내서에서 Beginner's Tutorial을 읽어볼 것을 권장합니다. 지금 읽어 보시겠습니까? </string>
    <string lang="ko" key="SELECT_INSTALL_DIR">설치 디렉토리 선택</string>
    <string lang="ko" key="SETUP_ADMIN">TrueCrypt를 성공적으로 설치하거나 제거하려면 관리자 권한을 가지고 있어야 합니다. 계속하시겠습니까?</string>
    <string lang="ko" key="INSTALL_FAILED">설치에 실패했습니다!</string>
    <string lang="ko" key="UNINSTALL_FAILED">프로그램 제거에 실패했습니다!</string>
    <string lang="ko" key="ROLLBACK">설치가 롤백되었습니다.</string>
    <string lang="ko" key="INSTALL_OK">TrueCrypt를 성공적으로 설치했습니다.</string>
    <string lang="ko" key="UNINSTALL_OK">TrueCrypt를 성공적으로 제거했습니다.\n\nTrueCrypt 설치기와 %hs 폴더를 제거하려면 “마침”을 클릭하세요. TrueCrypt 설치기에 의해 설치되거나 TrueCrypt에 의해 생성된 것이 아닌 파일을 포함하고 있는 폴더는 제거되지 않는다는 것을 참고하세요.</string>
    <string lang="ko" key="REMOVING_REG">TrueCrypt 레지스트리 항목을 제거하는 중</string>
    <string lang="ko" key="ADDING_REG">레지스트리 항목 추가 중</string>
    <string lang="ko" key="REMOVING_APPDATA">지정된 프로그램 데이터 제거 중</string>
    <string lang="ko" key="INSTALLING">설치 중</string>
    <string lang="ko" key="COPYING">복사 중</string>
    <string lang="ko" key="STOPPING">중단하는 중</string>
    <string lang="ko" key="REMOVING">제거하는 중</string>
    <string lang="ko" key="SERVICE">서비스</string>
    <string lang="ko" key="ADDING_ICON">아이콘 추가</string>
    <string lang="ko" key="CREATING_SYS_RESTORE">시스템 복구 시점 만들기</string>
    <string lang="ko" key="FAILED_SYS_RESTORE">시스템 복원 시점을 만들 수 없습니다!</string>
    <string lang="ko" key="SYS_RESTORE_CREATED">시스템 복원 시점을 만들었습니다.</string>
    <string lang="ko" key="INSTALL_OF_FAILED">“%hs” 설치에 실패했습니다. %hs 설치를 계속하시겠습니까?</string>
    <string lang="ko" key="UNINSTALL_OF_FAILED">“%hs” 제거에 실패했습니다. %hs 제거를 계속하시겠습니까?</string>
    <string lang="ko" key="INSTALL_COMPLETED">설치를 마쳤습니다.</string>
    <string lang="ko" key="CANT_CREATE_FOLDER">“%hs” 폴더를 만들 수 없습니다.</string>
    <string lang="ko" key="CLOSE_TC_FIRST">TrueCrypt 장치 드라이버를 언로드할 수 없습니다.\n\n먼저 열려 있는 TrueCrypt 창을 모두 닫아 주세요. 창을 닫아도 도움이 되지 않으면, 윈도우를 다시 시작해 보세요.</string>
    <string lang="ko" key="DISMOUNT_ALL_FIRST">설치 또는 제거를 계속하려면 모든 TrueCrypt 볼륨을 먼저 꺼내야 합니다.</string>
    <string lang="ko" key="REG_INSTALL_FAILED">레지스트리 항목을 설치하는 데 실패했습니다.</string>
    <string lang="ko" key="DRIVER_INSTALL_FAILED">장치 드라이버를 설치하는 데 실패했습니다. 윈도우를 다시 시작한 다음 TrueCrypt 설치를 다시 시도해 보세요.</string>
    <string lang="ko" key="STARTING_DRIVER">TrueCrypt 장치 드라이버 시작 중</string>
    <string lang="ko" key="DRIVER_UINSTALL_FAILED">장치 드라이버를 제거하는 데 실패했습니다.</string>
    <string lang="ko" key="INSTALLING_DRIVER">TrueCrypt 장치 드라이버 설치 중</string>
    <string lang="ko" key="STOPPING_DRIVER">TrueCrypt 장치 드라이버 중지 중</string>
    <string lang="ko" key="REMOVING_DRIVER">TrueCrypt 장치 드라이버 제거 중</string>
    <string lang="ko" key="COM_REG_FAILED">사용자 계정 컨트롤(UAC) 지원 라이브러리를 등록하는 데 실패했습니다.</string>
    <string lang="ko" key="COM_DEREG_FAILED">사용자 계정 컨트롤(UAC) 지원 라이브러리를 해제하는 데 실패했습니다.</string>
    <string lang="ko" key="OUTER_VOL_WRITE_PREVENTED">외부(!)</string>
    <string lang="ko" key="DAYS">일</string>
    <string lang="ko" key="HOURS">시간</string>
    <string lang="ko" key="MINUTES">분</string>
    <string lang="ko" key="SECONDS">초</string>
    <string lang="ko" key="OPEN">열기</string>
    <string lang="ko" key="DISMOUNT">꺼내기</string>
    <string lang="ko" key="SHOW_TC">TrueCrypt 보기</string>
    <string lang="ko" key="HIDE_TC">TrueCrypt 숨김</string>
    <string lang="ko" key="TOTAL_DATA_READ">삽입 후 읽은 데이터</string>
    <string lang="ko" key="TOTAL_DATA_WRITTEN">삽입 후 쓰여진 데이터</string>
    <string lang="ko" key="FAVORITE_VOLUMES_SAVED">즐겨찾기 볼륨을 저장했습니다.</string>
    <string lang="ko" key="ENTER_PASSWORD_FOR">비밀번호 입력▷ %hs</string>
    <string lang="ko" key="KEYFILE_CREATED">키파일이 성공적으로 만들어졌습니다.</string>
    <string lang="ko" key="VOL_HEADER_BACKED_UP">볼륨 헤더 백업을 성공적으로 만들었습니다.\n\n중요: 이 백업을 이용해서 볼륨 헤더를 복구하게 되면 볼륨의 현재 비밀번호도 같이 복구합니다. 또한 볼륨을 삽입하는데 키파일이 필요한 경우, 볼륨 헤더가 복구되었을 때 볼륨을 다시 삽입하려면 동일한 키파일이 필요합니다.\n\n주의: 이 볼륨 헤더 백업은 현재의 특정 볼륨의 헤더만 복구하는 데 사용됩니다. 만약 이 헤더 백업으로 다른 볼륨의 헤더를 복구할 경우에 그 볼륨을 삽입할 수는 있지만, (그 볼륨의 마스터 키가 변경되기 때문에) 볼륨에 저장된 데이터의 암호해제는 할 수 없습니다.</string>
    <string lang="ko" key="VOL_HEADER_RESTORED">볼륨 헤더가 성공적으로 복구되었습니다.\n\n중요: 이전 비밀번호도 같이 복구되었다는 것을 참고하세요. 또한 백업이 만들어졌을 당시 볼륨을 삽입하는데 키파일이 필요했다면, 볼륨을 다시 삽입하고자 할 때도 동일한 키파일이 필요합니다. </string>
    <string lang="ko" key="CONFIRM_VOL_HEADER_BAK">%hs에 대한 볼륨 헤더 백업을 만드시겠습니까?\n\n“예”를 클릭하면, 헤더 백업의 파일 이름을 묻게 됩니다.\n\n참고: 현재 볼륨 안에 숨긴 볼륨이 없을지라도, ① 표준 볼륨 헤더 및 ② 숨긴 볼륨 헤더가 저장된 영역 둘다 백업됩니다(백업 파일로 복사됨). 볼륨 헤더를 복구할 때, 어떤 헤더를 복구할 것인지를 선택할 수 있습니다(예: 표준 또는 숨긴 볼륨).</string>
    <string lang="ko" key="CONFIRM_VOL_HEADER_RESTORE">%hs의 볼륨 헤더를 복구하시겠습니까?\n\n주의: 볼륨 헤더의 복구는 “백업이 만들어졌을 당시의 볼륨 비밀번호”도 동시에 복구합니다. 또한 백업이 만들어졌을 당시 볼륨을 삽입하는데 키파일이 필요했다면, 볼륨 헤더가 복구된 후 다시 볼륨을 삽입하고자 할 때도 동일한 키파일이 필요합니다.\n\n“예”를 클릭하면, 헤더 백업 파일을 선택할 수 있습니다.</string>
    <string lang="ko" key="HEADER_RESTORE_TYPE">헤더를 복구할 TrueCrypt 볼륨 형식을 선택하세요:</string>
    <string lang="ko" key="RESTORE_NORMAL_VOLUME_HEADER">표준 볼륨 헤더 복구</string>
    <string lang="ko" key="RESTORE_HIDDEN_VOLUME_HEADER">숨긴 볼륨 헤더 복구</string>
    <string lang="ko" key="CONFIRM_SAVE_FAVORITE_VOL">현재 삽입된 볼륨과 그 드라이브 문자를 즐겨찾기 볼륨 목록에 저장하시겠습니까?\n\n참고: 삽입된 볼륨이 없는 경우, 즐겨찾기 볼륨 목록은 지워집니다.</string>
    <string lang="ko" key="DISMOUNT_FIRST">계속하기 전에 볼륨을 꺼내야 합니다.</string>
    <string lang="ko" key="IDPM_CHECK_FILESYS">파일시스템 체크</string>
    <string lang="ko" key="IDPM_REPAIR_FILESYS">파일시스템 수리</string>
    <string lang="ko" key="IDPM_PROPERTIES">속성</string>
    <string lang="ko" key="HIDDEN_VOL_PROTECTION">숨긴 볼륨 보호</string>
    <string lang="ko" key="N_A_UISTR">N/A</string>
    <string lang="ko" key="UISTR_YES">예</string>
    <string lang="ko" key="UISTR_NO">아니오</string>
    <string lang="ko" key="MODE_OF_OPERATION">작업 모드</string>
    <string lang="ko" key="UNSUPPORTED_CHARS_IN_PWD">오류: 비밀번호는 ASCII 문자만을 포함해야 합니다.\n\n비밀번호에 ASCII 아닌 문자가 있는 경우, 시스템 설정의 변경이 있으면 볼륨을 삽입할 수 없게 될 수도 있습니다.\n\n다음 문자는 허용됩니다:\n\n  ! " # $ % &amp; ' ( ) * + , - . / 0 1 2 3 4 5 6 7 8 9 : ; &lt; = &gt; ? @ A B C D E F G H I J K L M N O P Q R S T U V W X Y Z [ \\ ] ^ _ ` a b c d e f g h i j k l m n o p q r s t u v w k y z { | } ~</string>
    <string lang="ko" key="UNSUPPORTED_CHARS_IN_PWD_RECOM">주의: 비밀번호에 ASCII 아닌 문자가 포함되어 있습니다. 이 경우 시스템 설정의 변경이 있으면 볼륨을 삽입할 수 없게 될 수도 있습니다.\n\nASCII 아닌 문자를 ASCII 문자로 모두 교체해야 합니다. 이렇게 하려면, “볼륨 -&gt; 볼륨 비밀번호 변경”을 클릭하세요.\n\n다음은 ASCII 문자입니다:\n\n  ! " # $ % &amp; ' ( ) * + , - . / 0 1 2 3 4 5 6 7 8 9 : ; &lt; = &gt; ? @ A B C D E F G H I J K L M N O P Q R S T U V W X Y Z [ \\ ] ^ _ ` a b c d e f g h i j k l m n o p q r s t u v w k y z { | } ~</string>
    <string lang="ko" key="EXE_FILE_EXTENSION_CONFIRM">주의: 실행 파일로 사용되는 확장자(예: .exe, .sys, .dll)는 사용하지 않길 권장합니다. 이런 파일 확장자를 사용하게 되면 윈도우와 안티바이러스 소프트웨어가 보관소에 간섭을 하게 될 수도 있고 결국 볼륨의 성능에 악영향을 초래하고 다른 중대한 문제를 일으킬 수도 있습니다.\n\n계속하시겠습니까?</string>
    <string lang="ko" key="EXE_FILE_EXTENSION_MOUNT_WARNING">주의: 보관소가 실행 파일로 사용되는 확장자(예: .exe, .sys, .dll)를 가지고 있습니다. 이런 파일 확장자를 사용하게 되면 윈도우와 안티바이러스 소프트웨어가 보관소에 간섭을 하게 될 수도 있고 결국 볼륨의 성능에 악영향을 초래하고 다른 중대한 문제를 일으킬 수도 있습니다.\n\n(볼륨을 꺼낸 후에) 보관소의 확장자를 변경하거나 제거할 것을 권장합니다.</string>
    <string lang="ko" key="HOMEPAGE">홈페이지</string>
    <string lang="ko" key="LARGE_IDE_WARNING_XP">주의: 윈도우 설치에 서비스팩을 적용하지 않은 것으로 보입니다. 서비스팩 1 또는 그 이상을 적용하지 않은 Windows XP를 사용하는 경우, 128 GB보다 큰 IDE 디스크에 데이터를 쓰면 안됩니다! 만약 그 디스크(TrueCrypt 볼륨인지 여부에 상관없음)에 데이터를 쓰게 되면, 데이터가 손상될 수도 있습니다. 이는 윈도우의 버그이지, TrueCrypt의 버그가 아닙니다.</string>
    <string lang="ko" key="LARGE_IDE_WARNING_2K">주의: 윈도우 설치에 서비스팩 3 또는 그 이상을 적용하지 않은 것으로 보입니다. 서비스팩 3 또는 그 이상을 적용하지 않은 Windows 2000을 사용하는 경우, 128 GB보다 큰 IDE 디스크에 데이터를 쓰면 안됩니다! 만약 그 디스크(TrueCrypt 볼륨인지 여부에 상관없음)에 데이터를 쓰게 되면, 데이터가 손상될 수도 있습니다. 이는 윈도우의 제한이지, TrueCrypt의 버그가 아닙니다.\n\n참고: 레지스트리에서 48-비트 LBA 지원을 사용가능하게 해야 할지도 모릅니다. 추가정보 → http://support.microsoft.com/kb/305098/EN-US</string>
    <string lang="ko" key="LARGE_IDE_WARNING_2K_REGISTRY">주의: 48-bit LBA ATAPI support is disabled on your system. Therefore, you should not write to IDE disks larger than 128 GB! 만약 그 디스크(TrueCrypt 볼륨인지 여부에 상관없음)에 데이터를 쓰게 되면, 데이터가 손상될 수도 있습니다. 이는 윈도우의 제한이지, TrueCrypt의 제한이 아닙니다.\n\n48비트 LBA 지원을 사용하려면, 레지스트리 키 HKEY_LOCAL_MACHINE\\SYSTEM\\CurrentControlSet\\Services\\atapi\\Parameters에 레지스트리 값을 추가하고 설정을 1로 합니다.\n\n추가 정보를 보려면 http://support.microsoft.com/kb/305098을 참고하세요.</string>
    <string lang="ko" key="VOLUME_TOO_LARGE_FOR_FAT32">오류: 4 GB보다 큰 파일은 FAT32 파일 시스템에 저장될 수 없습니다. 그러므로 FAT32 파일 시스템에 저장된 “파일에 의한 TrueCrypt 볼륨 (보관소)”는 4 GB 이상이 될 수 없습니다.\n\n만약 더 큰 볼륨이 필요하다면, NTFS 파일 시스템에 볼륨을 만들거나, 파일에 의한 볼륨을 만드는 대신에 파티션을 암호화합니다.</string>
    <string lang="ko" key="FREE_SPACE_FOR_WRITING_TO_OUTER_VOLUME">주의: 외부 볼륨에 더 많은 데이터/파일을 나중에 추가할 수 있게 하려면, 숨긴 볼륨의 크기를 작게 해야 합니다.\n\n지정한 크기로 계속하시겠습니까?</string>
    <string lang="ko" key="NO_VOLUME_SELECTED">선택한 볼륨이 없습니다.\n\nTrueCrypt 볼륨을 선택하려면 “파일 선택” 또는 “장치 선택”을 클릭하세요.</string>
    <string lang="ko" key="CONFIRM_SAVE_DEFAULT_KEYFILES">선택한 키파일/경로를 기본값으로 저장하시겠습니까?\n\n주의: 기본값인 키파일이 사용되도록 설정되면, 이 키파일(들)을 사용하지 않는 볼륨은 삽입이 되지 않습니다. 키파일을 사용하지 않는 볼륨을 삽입할 때는 “키파일 사용” 체크상자를 해제해야 한다는 것을 기억해 두세요.</string>
    <string lang="ko" key="HK_AUTOMOUNT_DEVICES">장치 자동삽입</string>
    <string lang="ko" key="HK_DISMOUNT_ALL">모두 꺼내기</string>
    <string lang="ko" key="HK_WIPE_CACHE">보관(캐쉬) 지우기</string>
    <string lang="ko" key="HK_FORCE_DISMOUNT_ALL_AND_WIPE">강제로 모두 꺼내기 및 보관 지우기</string>
    <string lang="ko" key="HK_FORCE_DISMOUNT_ALL_AND_WIPE_AND_EXIT">강제로 모두 꺼내기, 보관 지우기 및 종료</string>
    <string lang="ko" key="HK_MOUNT_FAVORITE_VOLUMES">즐겨찾는 볼륨 삽입</string>
    <string lang="ko" key="HK_SHOW_HIDE_MAIN_WINDOW">TrueCrypt 창 보기/숨김</string>
    <string lang="ko" key="PRESS_A_KEY_TO_ASSIGN">(여기를 클릭하고 키를 누르세요)</string>
    <string lang="ko" key="ACTION">동작</string>
    <string lang="ko" key="SHORTCUT">바로가기</string>
    <string lang="ko" key="CANNOT_USE_RESERVED_KEY">오류: 이 바로가기는 할당되어 있습니다. 다른 바로가기를 선택하세요.</string>
    <string lang="ko" key="SHORTCUT_ALREADY_IN_USE">오류: 바로가기가 이미 사용 중입니다.</string>
    <string lang="ko" key="HOTKEY_REGISTRATION_ERROR">주의: 한 개 또는 수 개의 TrueCrypt - 시스템 일반 핫키가 작동하지 않습니다!\n\n다른 프로그램이나 운영체제가 동일한 바로가기를 사용하고 있지 않는지 확인해 주세요.</string>
    <string lang="ko" key="MOUNTED_VOLUMES_DISMOUNTED">삽입된 모든 TrueCrypt 볼륨이 꺼내졌습니다.</string>
    <string lang="ko" key="MOUNTED_VOLUMES_AUTO_DISMOUNTED">삽입된 모든 TrueCrypt 볼륨이 자동으로 꺼내졌습니다.\n\n참고: 설정 창의 “자동 꺼냄” 섹션에서 자동 꺼냄의 사용/사용 안함 등의 설정을 할 수 있습니다(TrueCrypt 옵션 참고).</string>
    <string lang="ko" key="DISMOUNT_ALL_ATTEMPT_COMPLETED">삽입된 모든 TrueCrypt 볼륨을 꺼내는 작업을 완료했습니다.</string>
    <string lang="ko" key="VOLUMES_DISMOUNTED_CACHE_WIPED">삽입된 모든 TrueCrypt 볼륨을 꺼내고, 보관된 비밀번호를 삭제했습니다.</string>
    <string lang="ko" key="CONFIRM_TIMESTAMP_UPDATING">주의: 타임스탬프가 보존되지 않는다면, 효과적 거부방법에 불리한 영향을 미칠 수도 있습니다!\n\n정말로 보관소의 타임스탬프를 보존하지 않으시겠습니까?</string>
    <string lang="ko" key="CONFIRM_BACKGROUND_TASK_DISABLED">주의: TrueCrypt 백그라운드 작업을 사용하지 않으면, 프로그램을 끝낼 때마다 다음 기능을 사용할 수 없습니다:\n\n1) 핫키\n2) 자동 꺼내기\n3) 알림 (예: 숨긴 볼륨의 손상방지시)\n4) 트레이 아이콘\n\n참고: 언제라도 TrueCrypt 트레이 아이콘을 오른쪽 클릭하고 “종료”를 선택해서 백그라운드 작업을 종료할 수 있습니다.\n\n정말로 TrueCrypt 백그라운드 작업을 사용하지 않으시겠습니까?</string>
    <string lang="ko" key="CONFIRM_NO_FORCED_AUTODISMOUNT">주의: 이 옵션을 사용하지 않으면, 열려 있는 파일/디렉토리를 포함하고 있는 볼륨을 자동으로 꺼낼 수 없습니다.\n\n이 옵션을 사용하지 않으시겠습니까?</string>
    <string lang="ko" key="WARN_PREF_AUTO_DISMOUNT">주의: 열려 있는 파일/디렉토리를 포함하고 있는 볼륨을 자동으로 꺼낼 수 없습니다.\n\n이를 방지하려면, 이 대화창에서 다음 옵션을 사용가능하게 합니다: “볼륨에 열린 파일 또는 디렉토리가 있어도 강제로 꺼내기”</string>
    <string lang="ko" key="CONFIRM_EXIT">주의: TrueCrypt를 지금 종료하면, 다음 기능을 사용할 수 없습니다:\n\n1) 핫키\n2) 자동 꺼내기\n3) 알림 (예: 숨긴 볼륨의 손상방지시)\n\n참고: 프로그램 창을 닫은 후 TrueCrypt가 백그라운드에서 실행되도록 하지 않으려면 “설정”에서 백그라운드 작업 사용 체크를 해제하세요.\n\n정말로 프로그램을 종료하시겠습니까?</string>
    <string lang="ko" key="HIDVOL_PROT_BKG_TASK_WARNING">주의: TrueCrypt 백그라운드 작업의 사용이 해제되었습니다. 프로그램을 종료하면, 숨긴 볼륨의 손상이 방지된 경우에도 그 알림을 통보받지 못합니다.\n\n참고: 언제라도 TrueCrypt 트레이 아이콘을 오른쪽 클릭하고 “종료”를 선택해서 백그라운드 작업을 종료할 수 있습니다.\n\nTrueCrypt 백그라운드 작업을 지금 사용가능하게 할까요?</string>
    <string lang="ko" key="LANG_PACK_VERSION">언어팩 버전:  %s</string>
    <string lang="ko" key="CHECKING_FS">%hs로 삽입된 TrueCrypt 볼륨에 대한 파일 시스템을 체크하는 중...</string>
    <string lang="ko" key="REPAIRING_FS">%hs로 삽입된 TrueCrypt 볼륨에 대한 파일 시스템의 수리를 시도하는 중...</string>
    <string lang="ko" key="WARN_64_BIT_BLOCK_CIPHER">주의: 이 볼륨은 64-비트-블록 레거시 알고리듬으로 암호화되어 있습니다.\n\n모든 64-비트-블록 알고리듬(Blowfish, CAST-128, 및 Triple DES)은 비난받고 있습니다. 앞으로 나올 TrueCrypt 버전으로 이 볼륨을 삽입할 수 있을 것입니다. 그러나 이러한 레거시 암호화 알고리듬의 구현에 전혀 향상이 없는 상태입니다. 128-비트-블록 알고리듬(예: AES, Serpent, Twofish)으로 새로운 TrueCrypt 볼륨을 만들고, 모든 파일을 이 볼륨에서 새로운 볼륨으로 옮길 것을 권장합니다.</string>
    <string lang="ko" key="SYS_AUTOMOUNT_DISABLED">새 볼륨을 자동으로 삽입하도록 시스템 설정이 되어 있지 않습니다. 장치에 의한 TrueCrypt 볼륨을 삽입할 수 없습니다. “자동삽입”은 다음 명령을 실행하고 시스템을 다시 시작하면 사용할 수 있습니다.\n\nmountvol.exe /E</string>
    <string lang="ko" key="SYS_ASSIGN_DRIVE_LETTER">계속하기 전에 드라이브 문자를 파티션/장치에 할당해 주세요 (제어판 → 시스템 관리 → 관리자 도구 - 하드 디스크 파티션 생성 및 포맷)\n\n이것은 운영체제의 요구사항입니다.</string>
    <string lang="ko" key="MOUNT_TC_VOLUME">TrueCrypt 볼륨 삽입</string>
    <string lang="ko" key="DISMOUNT_ALL_TC_VOLUMES">모든 TrueCrypt 볼륨 꺼내기</string>
    <string lang="ko" key="UAC_INIT_ERROR">TrueCrypt가 관리자 권한을 얻는데 실패했습니다.</string>
    <string lang="ko" key="ERR_ACCESS_DENIED">운영체제에 의해 접근이 거부되었습니다.\n\n가능한 원인: 시스템을 읽고 데이터를 쓰기 위해서는 폴더, 파일, 장치에 대한 읽기/쓰기 권한 (또는 관리자 권한)을 가지고 있어야 합니다. 보통 관리자 권한이 없는 사용자는 그의 문서 폴더에서만 파일을 만들고, 읽고 수정하는 것이 허용되어 있습니다.</string>
    <string lang="ko" key="LARGE_SECTOR_UNSUPPORTED">오류: 선택한 장치가 512바이트가 아닌 섹터 크기를 사용합니다.\n\n현재 이러한 장치에 “장치에 의한 볼륨”을 만들 수 없습니다. 그러나 이 장치에 “파일에 의한 볼륨”을 만들 수는 있습니다.</string>
    <string lang="ko" key="KEYFILE">키파일</string>
    <string lang="ko" key="VOLUME_LABEL">이름</string>
    <string lang="ko" key="VKEY_08">Backspace</string>
    <string lang="ko" key="VKEY_09">Tab</string>
    <string lang="ko" key="VKEY_0C">Clear</string>
    <string lang="ko" key="VKEY_0D">Enter</string>
    <string lang="ko" key="VKEY_13">Pause</string>
    <string lang="ko" key="VKEY_14">Caps Lock</string>
    <string lang="ko" key="VKEY_20">Spacebar</string>
    <string lang="ko" key="VKEY_21">Page Up</string>
    <string lang="ko" key="VKEY_22">Page Down</string>
    <string lang="ko" key="VKEY_23">End</string>
    <string lang="ko" key="VKEY_24">Home</string>
    <string lang="ko" key="VKEY_25">Left Arrow</string>
    <string lang="ko" key="VKEY_26">Up Arrow</string>
    <string lang="ko" key="VKEY_27">Right Arrow</string>
    <string lang="ko" key="VKEY_28">Down Arrow</string>
    <string lang="ko" key="VKEY_29">Select Key</string>
    <string lang="ko" key="VKEY_2A">Print Key</string>
    <string lang="ko" key="VKEY_2B">Execute Key</string>
    <string lang="ko" key="VKEY_2C">Print Screen</string>
    <string lang="ko" key="VKEY_2D">Insert</string>
    <string lang="ko" key="VKEY_2E">Delete</string>
    <string lang="ko" key="VKEY_5D">Applications Key</string>
    <string lang="ko" key="VKEY_5F">Sleep</string>
    <string lang="ko" key="VKEY_90">Num Lock</string>
    <string lang="ko" key="VKEY_91">Scroll Lock</string>
    <string lang="ko" key="VKEY_A6">Browser Back</string>
    <string lang="ko" key="VKEY_A7">Browser Forward</string>
    <string lang="ko" key="VKEY_A8">Browser Refresh</string>
    <string lang="ko" key="VKEY_A9">Browser Stop</string>
    <string lang="ko" key="VKEY_AA">Browser Search</string>
    <string lang="ko" key="VKEY_AB">Browser Favorites</string>
    <string lang="ko" key="VKEY_AC">Browser Home</string>
    <string lang="ko" key="VKEY_AD">Mute</string>
    <string lang="ko" key="VKEY_AE">Volume Down</string>
    <string lang="ko" key="VKEY_AF">Volume Up</string>
    <string lang="ko" key="VKEY_B0">Next Track</string>
    <string lang="ko" key="VKEY_B1">Previous Track</string>
    <string lang="ko" key="VKEY_B2">Stop Media</string>
    <string lang="ko" key="VKEY_B3">Play/Pause Media</string>
    <string lang="ko" key="VKEY_B4">Start Mail Key</string>
    <string lang="ko" key="VKEY_B5">Select Media Key</string>
    <string lang="ko" key="VKEY_B6">Application 1</string>
    <string lang="ko" key="VKEY_B7">Application 2</string>
    <string lang="ko" key="VKEY_F6">Attn</string>
    <string lang="ko" key="VKEY_F7">CrSel</string>
    <string lang="ko" key="VKEY_F8">ExSel</string>
    <string lang="ko" key="VKEY_FA">Play</string>
    <string lang="ko" key="VKEY_FB">Zoom</string>
    <string lang="ko" key="VK_NUMPAD">NumPad</string>
    <string lang="ko" key="VK_SHIFT">SHIFT</string>
    <string lang="ko" key="VK_CONTROL">Control</string>
    <string lang="ko" key="VK_ALT">ALT</string>
    <string lang="ko" key="VK_WIN">Win</string>
    <string lang="ko" key="BYTE">B</string>
    <string lang="ko" key="KB">KB</string>
    <string lang="ko" key="MB">MB</string>
    <string lang="ko" key="GB">GB</string>
    <string lang="ko" key="TB">TB</string>
    <string lang="ko" key="PB">PB</string>
    <string lang="ko" key="B_PER_SEC">B/s</string>
    <string lang="ko" key="KB_PER_SEC">KB/s</string>
    <string lang="ko" key="MB_PER_SEC">MB/s</string>
    <string lang="ko" key="GB_PER_SEC">GB/s</string>
    <string lang="ko" key="TB_PER_SEC">TB/s</string>
    <string lang="ko" key="PB_PER_SEC">PB/s</string>
  </localization>
</TrueCrypt>
