﻿<?xml version="1.0" encoding="utf-8"?>
<TrueCrypt>
  <localization prog-version="4.3a">
    <!-- Languages -->
    <language langid="cs" name="Čeština" en-name="Czech" version="0.1.0" translators="Vítek Moser" />
    <!-- Fonts -->
    <font lang="cs" class="normal" size="11" face="default" />
    <font lang="cs" class="bold" size="13" face="Arial" />
    <font lang="cs" class="fixed" size="12" face="Lucida Console" />
    <font lang="cs" class="title" size="21" face="Times New Roman" />
    <!-- Controls -->
    <control lang="cs" key="IDCANCEL">Zrušit</control>
    <control lang="cs" key="IDC_ALL_USERS">Instalovat pro všechny uživatele</control>
    <control lang="cs" key="IDC_BROWSE">&amp;Procházet...</control>
    <control lang="cs" key="IDC_DESKTOP_ICON">Přidat ikonu TrueCrypt na p&amp;lochu</control>
    <control lang="cs" key="IDC_FILE_TYPE">Asociovat příponu '.tc' s programem &amp;TrueCrypt</control>
    <control lang="cs" key="IDC_INSTALL">&amp;Instalovat</control>
    <control lang="cs" key="IDC_PROG_GROUP">Přidat TrueCrypt do &amp;Start menu</control>
    <control lang="cs" key="IDC_SYSTEM_RESTORE">Vytvořit bod &amp;obnovení</control>
    <control lang="cs" key="IDC_UNINSTALL">&amp;Odinstalovat</control>
    <control lang="cs" key="IDD_INSTALL">TrueCrypt předvolby</control>
    <control lang="cs" key="IDD_UNINSTALL">Odinstalovat TrueCrypt</control>
    <control lang="cs" key="IDT_INSTALL_DIR">Instalovat &amp;do:</control>
    <control lang="cs" key="IDT_INSTALL_OPTIONS">Předvolby instalace</control>
    <control lang="cs" key="IDT_UNINSTALL_DIR">Odinstalovat TrueCrypt &amp;z:</control>
    <control lang="cs" key="IDC_ABORT_BUTTON">Přerušit</control>
    <control lang="cs" key="IDC_CIPHER_TEST">&amp;Otestovat</control>
    <control lang="cs" key="IDC_HIDDEN_VOL">Vytvořit skrytý svazek TrueCrypt</control>
    <control lang="cs" key="IDC_HIDDEN_VOL_HELP">Co je skrytý svazek?</control>
    <control lang="cs" key="IDC_HIDVOL_WIZ_MODE_DIRECT">Vytvořit &amp;skrytý svazek uvnitř existujícího svazku TrueCrypt</control>
    <control lang="cs" key="IDC_HIDVOL_WIZ_MODE_FULL">Vytvořit svazek TrueCrypt a v něm skrytý svazek</control>
    <control lang="cs" key="IDC_KB">&amp;KB</control>
    <control lang="cs" key="IDC_KEYFILES_ENABLE">&amp;Použít souborové klíče</control>
    <control lang="cs" key="IDC_KEY_FILES">Souborové &amp;klíče...</control>
    <control lang="cs" key="IDC_LINK_HASH_INFO">Informace o hash. algoritmech</control>
    <control lang="en" key="IDC_LINK_MORE_INFO_ABOUT_CIPHER">More information</control>
    <control lang="cs" key="IDC_MB">&amp;MB</control>
    <control lang="cs" key="IDC_NO_HISTORY">Neukládat &amp;historii</control>
    <control lang="cs" key="IDC_OPEN_OUTER_VOLUME">Otevřít externí svazek</control>
    <control lang="cs" key="IDC_QUICKFORMAT">Rychle zformátovat</control>
    <control lang="cs" key="IDC_SELECT_DEVICE">Vybrat &amp;zařízení...</control>
    <control lang="cs" key="IDC_SELECT_FILE">Vybrat &amp;soubor...</control>
    <control lang="cs" key="IDC_SHOW_PASSWORD">&amp;Ukázat heslo</control>
    <control lang="cs" key="IDC_SHOW_PASSWORD_HIDVOL_HOST">&amp;Ukázat heslo</control>
    <control lang="cs" key="IDC_STD_VOL">Vytvořit standardní svazek TrueCrypt</control>
    <control lang="cs" key="IDC_WIZ_BENCHMARK">&amp;Test rychlosti</control>
    <control lang="cs" key="IDD_MKFS_DLG">Průvodce vytvořením svazku TrueCrypt</control>
    <control lang="cs" key="IDHELP">&amp;Nápověda</control>
    <control lang="cs" key="IDT_CLUSTER">Cluster </control>
    <control lang="cs" key="IDT_CONFIRM">&amp;Potvrdit:</control>
    <control lang="cs" key="IDT_DONE">Hotovo </control>
    <control lang="cs" key="IDT_ENCRYPTION_ALGO">Šifrovací algoritmus</control>
    <control lang="cs" key="IDT_FILESYSTEM">Systém souborů </control>
    <control lang="cs" key="IDT_FORMAT_OPTIONS">Předvolby</control>
    <control lang="cs" key="IDT_HASH_ALGO">Hashovací algoritmus</control>
    <control lang="cs" key="IDT_HEADER_KEY">Klíč hlavičky: </control>
    <control lang="cs" key="IDT_LEFT">Zbývá </control>
    <control lang="cs" key="IDT_MASTER_KEY">Hlavní klíč: </control>
    <control lang="cs" key="IDT_PASSWORD">Heslo:</control>
    <control lang="cs" key="IDT_RANDOM_POOL">Náhodný výběr: </control>
    <control lang="cs" key="IDT_SPEED">Rychlost </control>
    <control lang="cs" key="IDCLOSE">Zavřít</control>
    <control lang="cs" key="IDC_AUTORUN_DISABLE">Nedělat nic</control>
    <control lang="cs" key="IDC_AUTORUN_MOUNT">&amp;Automaticky připojit svazek TrueCrypt (uvedeno níže)</control>
    <control lang="cs" key="IDC_AUTORUN_START">&amp;Spustit TrueCrypt</control>
    <control lang="cs" key="IDC_BROWSE_DIRS">Procházet...</control>
    <control lang="cs" key="IDC_BROWSE_FILES">Procházet...</control>
    <control lang="cs" key="IDC_CACHE">Ukládat &amp;hesla a soub. klíče do mezipaměti</control>
    <control lang="cs" key="IDC_CLOSE_BKG_TASK_WHEN_NOVOL">Skončit pokud neex. žádný připojený svazek</control>
    <control lang="cs" key="IDC_COPY_WIZARD">Zahrnout průvodce vytvořením svazku TrueCrypt</control>
    <control lang="cs" key="IDC_CREATE">Vytvořit</control>
    <control lang="cs" key="IDC_CREATE_VOLUME">V&amp;ytvořit svazek</control>
    <control lang="cs" key="IDC_DISMOUNT_CONFIRM_MSG_BOX">Zobrazit potvrzující zprávu po odpojení</control>
    <control lang="cs" key="IDC_DISMOUNT_CONFIRM_PLAY_SOUND">Přehrát zvukové upozornění po připojení/odpojení</control>
    <control lang="cs" key="IDC_ENABLE_KEYFILES">Použít soubor. klíče</control>
    <control lang="cs" key="IDC_ENABLE_NEW_KEYFILES">Použít soubor. klíče</control>
    <control lang="cs" key="IDC_EXIT">&amp;Konec</control>
    <control lang="cs" key="IDC_HK_MOD_ALT">Alt</control>
    <control lang="cs" key="IDC_HK_MOD_CTRL">Control</control>
    <control lang="cs" key="IDC_HK_MOD_SHIFT">Shift</control>
    <control lang="cs" key="IDC_HK_MOD_WIN">Win</control>
    <control lang="cs" key="IDC_HOTKEY_ASSIGN">Přiřadit</control>
    <control lang="cs" key="IDC_HOTKEY_REMOVE">Odstranit</control>
    <control lang="cs" key="IDC_KEYFILES">Soubor. klíče...</control>
    <control lang="cs" key="IDC_MOUNTALL">&amp;Autom. připojit zařízení</control>
    <control lang="cs" key="IDC_MOUNT_OPTIONS">Volby připojení</control>
    <control lang="cs" key="IDC_MOUNT_READONLY">Připojit svazek jen &amp;pro čtení</control>
    <control lang="cs" key="IDC_NEW_KEYFILES">Soubor. klíče...</control>
    <control lang="cs" key="IDC_PREFS_HOTKEY_SETTINGS">Klávesové zkratky...</control>
    <control lang="cs" key="IDC_PREFS_KEYFILE_SETTINGS">Výchozí soub. klíče...</control>
    <control lang="cs" key="IDC_PREF_BKG_TASK_ENABLE">Povoleno</control>
    <control lang="cs" key="IDC_PREF_CACHE_PASSWORDS">Ukládat hesla do paměti ovladače</control>
    <control lang="cs" key="IDC_PREF_CLOSE_DISMOUNTED_WINDOWS">Zavřít všechna okna Průzkumníka odpojovaného svazku</control>
    <control lang="cs" key="IDC_PREF_DISMOUNT_INACTIVE">Autom. odpojit svazek pokud z/do něj nebylo čteno/zapisováno</control>
    <control lang="cs" key="IDC_PREF_DISMOUNT_LOGOFF">Uživatel se odhlašuje</control>
    <control lang="cs" key="IDC_PREF_DISMOUNT_POWERSAVING">Přecházím do úsporného režimu</control>
    <control lang="cs" key="IDC_PREF_DISMOUNT_SCREENSAVER">Je spuštěn spořič obrazovky</control>
    <control lang="cs" key="IDC_PREF_FORCE_AUTO_DISMOUNT">Vynutit automatické odpojení i když svazek obsahuje otevřené soubory nebo adresáře</control>
    <control lang="cs" key="IDC_PREF_LOGON_MOUNT_DEVICES">Přip. všechny svazky umístěné na zařízeních</control>
    <control lang="cs" key="IDC_PREF_LOGON_MOUNT_FAVORITES">Odpojit oblíbené svazky</control>
    <control lang="cs" key="IDC_PREF_LOGON_START">Spustit TrueCrypt</control>
    <control lang="cs" key="IDC_PREF_MOUNT_READONLY">Připojit svazky jen pro čtení</control>
    <control lang="cs" key="IDC_PREF_MOUNT_REMOVABLE">Připojit svazky jako výměnná média</control>
    <control lang="cs" key="IDC_PREF_OPEN_EXPLORER">Otevřít okno Průzkumníka pro úspěšně připřipojený svazek</control>
    <control lang="cs" key="IDC_PREF_WIPE_CACHE_ON_AUTODISMOUNT">Odstranit hesla z mezipaměti a automaticky odpojit</control>
    <control lang="cs" key="IDC_PREF_WIPE_CACHE_ON_EXIT">Odstranit hesla z mezipaměti při ukončení</control>
    <control lang="en" key="IDC_PRESERVE_TIMESTAMPS">Preserve timestamps of file containers</control>
    <control lang="cs" key="IDC_RESET_HOTKEYS">Vymazat</control>
    <control lang="cs" key="IDC_SHOW_PASSWORD_CHPWD_NEW">Zobrazit heslo</control>
    <control lang="cs" key="IDC_SHOW_PASSWORD_CHPWD_ORI">Zobrazit heslo</control>
    <control lang="cs" key="IDC_TRAVEL_OPEN_EXPLORER">Otevřít okno &amp;Průzkumníka pro připojený svazek</control>
    <control lang="cs" key="IDC_TRAV_CACHE_PASSWORDS">&amp;Ukládat hesla do mezipaměti</control>
    <control lang="cs" key="IDC_UNMOUNTALL">O&amp;dpojit vše</control>
    <control lang="cs" key="IDC_VOLUME_PROPERTIES">Vlastnos&amp;ti svazku...</control>
    <control lang="cs" key="IDC_VOLUME_TOOLS">&amp;Nástroje svazku...</control>
    <control lang="cs" key="IDC_WIPE_CACHE">Vyčistit &amp;mezipaměť</control>
    <control lang="cs" key="IDD_HOTKEYS_DLG">TrueCrypt - Systémové klávesové zkratky</control>
    <control lang="cs" key="IDD_MOUNT_DLG">TrueCrypt</control>
    <control lang="cs" key="IDD_PASSWORDCHANGE_DLG">Změnit heslo svazku a souborové klíče</control>
    <control lang="cs" key="IDD_PASSWORD_DLG">Zadejte heslo svazku TrueCrypt</control>
    <control lang="cs" key="IDD_PREFERENCES_DLG">TrueCrypt - Předvolby</control>
    <control lang="cs" key="IDD_TRAVELLER_DLG">Nastavení cestovního disku TrueCrypt</control>
    <control lang="cs" key="IDD_VOLUME_PROPERTIES">Vlastnosti svazku TrueCrypt</control>
    <control lang="cs" key="IDM_ABOUT">O aplikaci...</control>
    <control lang="cs" key="IDM_ADD_REMOVE_VOL_KEYFILES">Přidat/Odebrat souborové klíče do/z svazku...</control>
    <control lang="cs" key="IDM_BACKUP_VOL_HEADER">Zálohovat hlavičku svazku...</control>
    <control lang="cs" key="IDM_BENCHMARK">Test rychlosti...</control>
    <control lang="cs" key="IDM_BUGREPORT">Nahlásit chybu...</control>
    <control lang="cs" key="IDM_CHANGE_HEADER_KEY_DERIV_ALGO">Zadejte derivační agoritmus pro klíč hlavičky...</control>
    <control lang="cs" key="IDM_CHANGE_PASSWORD">Změnit heslo svazku...</control>
    <control lang="cs" key="IDM_CLEAR_HISTORY">Vymazat historii svazku</control>
    <control lang="cs" key="IDM_CONTACT">Kontakt...</control>
    <control lang="cs" key="IDM_CREATE_VOLUME">Vytvořit nový svazek...</control>
    <control lang="cs" key="IDM_DEFAULT_KEYFILES">Výchozí souborové klíče...</control>
    <control lang="cs" key="IDM_DONATIONS">Dary...</control>
    <control lang="cs" key="IDM_EXIT">&amp;Konec</control>
    <control lang="cs" key="IDM_FAQ">Často kladené dotazy</control>
    <control lang="cs" key="IDM_FORUMS">Diskuzní fóra</control>
    <control lang="cs" key="IDM_GENERATE_KEYFILE">Generovat náhodný souborový klíč...</control>
    <control lang="cs" key="IDM_HELP">Uživatelská příručka</control>
    <control lang="cs" key="IDM_HOMEPAGE">&amp;Domovská stránka </control>
    <control lang="cs" key="IDM_HOTKEY_SETTINGS">Klávesové zkratky...</control>
    <control lang="cs" key="IDM_KEYFILE_GENERATOR">Generátor souborového klíče</control>
    <control lang="cs" key="IDM_LANGUAGE">Jazyk...</control>
    <control lang="cs" key="IDM_LICENSE">Licence</control>
    <control lang="cs" key="IDM_MOUNTALL">Automaticky připojit všechny svazky na zařízení</control>
    <control lang="cs" key="IDM_MOUNT_FAVORITE_VOLUMES">Připojit oblíbené svazky</control>
    <control lang="cs" key="IDM_MOUNT_VOLUME">Připojit svazek</control>
    <control lang="cs" key="IDM_MOUNT_VOLUME_OPTIONS">Připojit svazky s předvolbami</control>
    <control lang="cs" key="IDM_NEWS">Novinky</control>
    <control lang="cs" key="IDM_ONLINE_HELP">Online nápověda</control>
    <control lang="cs" key="IDM_ONLINE_TUTORIAL">Návod pro začátečníky</control>
    <control lang="cs" key="IDM_PREFERENCES">Předvolby...</control>
    <control lang="cs" key="IDM_REFRESH_DRIVE_LETTERS">Obnovit písmena disků</control>
    <control lang="cs" key="IDM_REMOVE_ALL_KEYFILES_FROM_VOL">Odstranit všechny souborové klíče ze svazku...</control>
    <control lang="cs" key="IDM_RESTORE_VOL_HEADER">Obnovit hlavičku svazku...</control>
    <control lang="cs" key="IDM_SAVE_FAVORITE_VOLUMES">Uložit aktuálně připojený svazek jako oblíbený</control>
    <control lang="cs" key="IDM_SELECT_DEVICE">Vybrat zařízení...</control>
    <control lang="cs" key="IDM_SELECT_FILE">Vybrat soubor...</control>
    <control lang="cs" key="IDM_SET_DEFAULT_KEYFILES">Nastavení výchozích souborových klíčů/cest...</control>
    <control lang="cs" key="IDM_TC_DOWNLOADS">Ke stažení</control>
    <control lang="cs" key="IDM_TEST_VECTORS">Testovací vektory...</control>
    <control lang="cs" key="IDM_TRAVELLER">Nastavení cestovního disku...</control>
    <control lang="cs" key="IDM_UNMOUNTALL">Odpojit všechny připojené svazky</control>
    <control lang="cs" key="IDM_UNMOUNT_VOLUME">Odpojit svazek</control>
    <control lang="cs" key="IDM_VERSION_HISTORY">Historie verzí</control>
    <control lang="cs" key="IDM_VOLUME_PROPERTIES">Vlastnosti svazku</control>
    <control lang="cs" key="IDM_VOLUME_WIZARD">Průvodce vytvořením svazku</control>
    <control lang="cs" key="IDM_WEBSITE">Domovská stránka TrueCrypt</control>
    <control lang="cs" key="IDM_WIPE_CACHE">Odstranit hesla z mezipaměti</control>
    <control lang="cs" key="IDOK">OK</control>
    <control lang="cs" key="IDT_ASSIGN_HOTKEY">Klávesová zkratka</control>
    <control lang="cs" key="IDT_AUTORUN">Konfigurace automatického spouštění (autorun.inf)</control>
    <control lang="cs" key="IDT_AUTO_DISMOUNT">Automatické odpojení</control>
    <control lang="cs" key="IDT_AUTO_DISMOUNT_ON">Odpojit vše když:</control>
    <control lang="cs" key="IDT_CONFIRM_PASSWORD">Potvrdit heslo:</control>
    <control lang="cs" key="IDT_CURRENT">Aktuální</control>
    <control lang="cs" key="IDT_DEFAULT_MOUNT_OPTIONS">Výchozí předvolby připojení</control>
    <control lang="cs" key="IDT_DISMOUNT_ACTION">Předvolby klávesových zkratek</control>
    <control lang="cs" key="IDT_FILE_SETTINGS">Nastavení souboru</control>
    <control lang="cs" key="IDT_HOTKEY_KEY">Klávesa k přiřazení:</control>
    <control lang="cs" key="IDT_LOGON">Akce k provedení po přihlášení do Windows</control>
    <control lang="cs" key="IDT_MINUTES">minut</control>
    <control lang="cs" key="IDT_MOUNT_LETTER">Připojit svazek s písm. disku:</control>
    <control lang="cs" key="IDT_MOUNT_SETTINGS">Předvolby připojování</control>
    <control lang="cs" key="IDT_NEW">Nové</control>
    <control lang="cs" key="IDT_NEW_PASSWORD">Heslo:</control>
    <control lang="cs" key="IDT_PKCS5_PRF">PKCS-5 PRF:</control>
    <control lang="cs" key="IDT_PW_CACHE_OPTIONS">Mezipamět pro hesla</control>
    <control lang="cs" key="IDT_TASKBAR_ICON">TrueCrypt úkol na pozadí</control>
    <control lang="cs" key="IDT_TRAVELLER_MOUNT">Připojit svazek TrueCrypt (relativní ke kořeni cestovního disku):</control>
    <control lang="cs" key="IDT_TRAVEL_INSERTION">Při vložení cestovního disku: </control>
    <control lang="cs" key="IDT_TRAVEL_ROOT">Vytvořit soubory cestovního disku v (kořenový adresář cestovního disku):</control>
    <control lang="cs" key="IDT_VOLUME">Svazek</control>
    <control lang="cs" key="IDT_WINDOWS_RELATED_SETTING">Windows</control>
    <control lang="cs" key="IDC_ADD_KEYFILE_PATH">Přidat &amp;cestu...</control>
    <control lang="cs" key="IDC_AUTO">&amp;Auto-test všech</control>
    <control lang="cs" key="IDC_DECRYPT">&amp;Dešifrovat</control>
    <control lang="cs" key="IDC_DISPLAY_POOL_CONTENTS">Zobrazit generovaný obsah</control>
    <control lang="cs" key="IDC_DONATIONS">Dary...</control>
    <control lang="cs" key="IDC_ENCRYPT">&amp;Šifrovat</control>
    <control lang="cs" key="IDC_GENERATE_AND_SAVE_KEYFILE">Generovat a uložit souborový klíč...</control>
    <control lang="cs" key="IDC_GENERATE_KEYFILE">&amp;Generovat náhodný soub. klíč...</control>
    <control lang="cs" key="IDC_GET_LANG_PACKS">Stáhnout jazykový balíček</control>
    <control lang="cs" key="IDC_KEYADD">Přidat &amp;soubor...</control>
    <control lang="cs" key="IDC_KEYFILES_ENABLE_HIDVOL_PROT">&amp;Použít souborové klíče</control>
    <control lang="cs" key="IDC_KEYFILES_HIDVOL_PROT">Soubor. k&amp;líče...</control>
    <control lang="cs" key="IDC_KEYREMOVE">&amp;Odstranit</control>
    <control lang="cs" key="IDC_KEYREMOVEALL">Odstranit &amp;všechny</control>
    <control lang="cs" key="IDC_LINK_HIDVOL_PROTECTION_INFO">Co je ochrana skrytého svazku?</control>
    <control lang="cs" key="IDC_LINK_KEYFILES_INFO">Co je souborový klíč?</control>
    <control lang="cs" key="IDC_LRW_INDEX_LSB">Nejméně významný bit jako první</control>
    <control lang="cs" key="IDC_LRW_MODE_ENABLED">LRW mód</control>
    <control lang="cs" key="IDC_MOUNT_REMOVABLE">Připojit svazek jako výměnné &amp;médium</control>
    <control lang="cs" key="IDC_PERFORM_BENCHMARK">Test rychlosti</control>
    <control lang="cs" key="IDC_PROTECT_HIDDEN_VOL">&amp;Chránit skrytý svazek proti poškození způsob. zápisem do vnějšího svazku</control>
    <control lang="cs" key="IDC_RESET">&amp;Vynulovat</control>
    <control lang="cs" key="IDC_SHOW_PASSWORD_MO">&amp;Zobrazit heslo</control>
    <control lang="cs" key="IDD_ABOUT_DLG">O programu TrueCrypt</control>
    <control lang="cs" key="IDD_BENCHMARK_DLG">TrueCrypt - test rychlosti šifrovacích algoritmů</control>
    <control lang="cs" key="IDD_CIPHER_TEST_DLG">TrueCrypt - test vektorů</control>
    <control lang="cs" key="IDD_COMMANDHELP_DLG">Nápověda příkazové řádky</control>
    <control lang="cs" key="IDD_KEYFILES">TrueCrypt - souborové klíče</control>
    <control lang="cs" key="IDD_KEYFILE_GENERATOR">TrueCrypt - generátor souborových klíčů</control>
    <control lang="cs" key="IDD_LANGUAGE">TrueCrypt - jazyk</control>
    <control lang="cs" key="IDD_LEGAL_NOTICES_DLG">TrueCrypt - Licence</control>
    <control lang="cs" key="IDD_MOUNT_OPTIONS">TrueCrypt - volby připojení</control>
    <control lang="cs" key="IDD_RAWDEVICES_DLG">Vyberte oddíl nebo zařízení</control>
    <control lang="cs" key="IDT_ACTIVE_LANG_PACK">Aktivní jazykový balíček</control>
    <control lang="cs" key="IDT_BOX_BENCHMARK_INFO">Rychlost je ovlivněna zátěží procesoru a vlastnostmi úložného zařízení.\n\nTyto testy probíhají v paměti RAM.</control>
    <control lang="cs" key="IDT_BUFFER_SIZE">Velikost bufferu:</control>
    <control lang="cs" key="IDT_CIPHER">Algoritmus:</control>
    <control lang="cs" key="IDT_HIDDEN_PROT_PASSWD">H&amp;eslo pro skrytý svazek:\n(mezipam., když je prázdné)</control>
    <control lang="cs" key="IDT_HIDDEN_VOL_PROTECTION">Ochrana skrytého svazku</control>
    <control lang="cs" key="IDT_KEY">Velikost klíče:</control>
    <control lang="cs" key="IDT_KEYFILE_GENERATOR_NOTE">Pohybujte libovolně myší v tomto okně. Čím déle budete myší hýbat, tím lépe.</control>
    <control lang="cs" key="IDT_KEYFILE_WARNING">VÝSTRAHA: Ztratíte-li soub. klíč nebo změní-li se jediný bit z prvních 1024 kilobytů, bude nemožné připojit svazek používající soubor. klíč!</control>
    <control lang="cs" key="IDT_KEY_UNIT">bitů</control>
    <control lang="cs" key="IDT_LANGPACK_AUTHORS">Přeložil:</control>
    <control lang="cs" key="IDT_LRW_BLOCK_INDEX">Index bloku (hexadecimálně)</control>
    <control lang="cs" key="IDT_LRW_KEY">Druhotný klíč (hexadecimálně)</control>
    <control lang="cs" key="IDT_LRW_MODE">LRW mód</control>
    <control lang="cs" key="IDT_PLAINTEXT">Velik. obyč. textu:</control>
    <control lang="cs" key="IDT_PLAINTEXT_SIZE_UNIT">bitů</control>
    <control lang="cs" key="IDT_POOL_CONTENTS">Aktuální generovaný obsah</control>
    <control lang="cs" key="IDT_PRF">Mixovací PRF:</control>
    <control lang="cs" key="IDT_SORT_METHOD">Metoda třídění:</control>
    <control lang="cs" key="IDT_TEST_CIPHERTEXT">Šifrovaný text (hexadecimálně)</control>
    <control lang="cs" key="IDT_TEST_KEY">Klíč (hexadecimálně)</control>
    <control lang="cs" key="IDT_TEST_PLAINTEXT">Obyčejný text (hexadecimálně)</control>
    <control lang="cs" key="IDT_KEYFILES_NOTE">Jakýkoli typ souboru (např. .mp3, .jpg, .zip, .avi) může být použit jako TrueCrypt souborový klíč. TrueCrypt nikdy nemění obsah soubor. klíče. Můžete vybrat i více než jeden soubor. klíč (na pořadí nezáleží). Pokud přidáte adresář, všechny soubory v něm budou použity jako souborové klíče.</control>
    <control lang="cs" key="IDT_TEST_CONFIG">Konfigurace algoritmu šifrování (všchny velikosti v bajtech)</control>
    <control lang="cs" key="IDD_PCDM_CHANGE_PKCS5_PRF">Zadejte derivační agoritmus pro klíč hlavičky</control>
    <control lang="cs" key="IDD_PCDM_ADD_REMOVE_VOL_KEYFILES">Přidat/Odebrat souborové klíče do/ze svazku</control>
    <control lang="cs" key="IDD_PCDM_REMOVE_ALL_KEYFILES_FROM_VOL">Odstranit všechny souborové klíče ze svazku</control>
    <control lang="cs" key="IDT_EXPLORER_OPTIONS">Průzkumník Windows</control>
    <control lang="cs" key="IDC_BROWSE_KEYFILES">Procházet...</control>
    <control lang="cs" key="IDD_KEYFILE_GENERATOR_DLG">TrueCrypt - generátor souborových klíčů</control>
    <control lang="cs" key="IDT_LICENSE">Licenční ujednání:</control>
    <control lang="cs" key="IDT_UNINSTALL_INFO">Žádný TrueCrypt svazek nebude smazán. Hodnoty v registrech na HKLM\\SYSTEM\\ControlSet001\\Enum\\Root\\LEGACY_TRUECRYPT nemohou být odstraněny, protože Windows nepovolují jejich smazání.</control>
    <control lang="cs" key="MENU_FILE">Soubor</control>
    <control lang="cs" key="MENU_VOLUMES">&amp;Svazky</control>
    <control lang="cs" key="MENU_KEYFILES">So&amp;uborové klíče</control>
    <control lang="cs" key="MENU_TOOLS">&amp;Nástroje</control>
    <control lang="cs" key="MENU_SETTINGS">&amp;Předvolby</control>
    <control lang="cs" key="MENU_HELP">Náp&amp;ověda</control>
    <control lang="cs" key="MENU_WEBSITE"> &amp;Domovská stránka  </control>
    <!-- Strings -->
    <string lang="cs" key="ABOUTBOX">&amp;O aplikaci...</string>
    <string lang="cs" key="ACCESSMODEFAIL">Atribut pro čtení na vašem starém svazku nemohl být změněn. Zkontrolujte prosím přístupová práva k souboru.</string>
    <string lang="cs" key="ACCESS_DENIED">Chyba: Přístup odmítnut.\n\nOddíl, na který se snažíte přistupovat má buď 0 sektorů nebo je to zaváděcí zařízení.</string>
    <string lang="cs" key="ADMIN_PRIVILEGES_DRIVER">Pro nahrání ovladače TrueCrypt musíte být příhlašeni jako administrátor.</string>
    <string lang="cs" key="ADMIN_PRIVILEGES_WARN_DEVICES">Pro šifrování/formátování oddílu/zařízení musíte být přihlášeni s administrátorskými právy.\n\nToto se netýká svazků, které jsou vytvořeny ze souborů.</string>
    <string lang="cs" key="ADMIN_PRIVILEGES_WARN_HIDVOL">Pro vytvoření skrytého svazku musíte být přihlášeni s administrátorskými právy.\n\nPokračovat?</string>
    <string lang="cs" key="ADMIN_PRIVILEGES_WARN_NTFS">Pro zformátování svazku systémem NTFS musíte být přihlášeni s administrátorskými právy.\n\nBez administrátorských práv můžete svazek zformátovat systémem souborů FAT.</string>
    <string lang="cs" key="AES_HELP">Šifra povolená FIPS (Rijndael, zveřejněno v 1998) kterou mohou používat úřady a agentury vlády Spojených států k ochraně utajovaných informací až k úrovni přísně tajné. 256-bitový klíč, 128-bitové  bloky, 14 iterací (AES-256). Operační mód je LRW.</string>
    <string lang="cs" key="ALREADY_MOUNTED">Svazek je již připojen.</string>
    <string lang="cs" key="ERR_SELF_TESTS_FAILED">UPOZORNĚNÍ: Alespoň jeden šifrovací nebo hashovací algoritmus selhal při interním automatickém testování!\n\nTrueCrypt installatace může být poškozena.</string>
    <string lang="cs" key="ERR_NOT_ENOUGH_RANDOM_DATA">UPOZORNĚNÍ: Ve shromažďovači náhodných čísel není dost informací k poskytnutí požadovaného množství náhodných dat.\n\nDále byste neměli pokračovat. Vyberte 'Ohlásit chybu' z menu Nápovědy a oznamte tuto chybu.</string>
    <string lang="cs" key="BAD_DRIVE_LETTER">Neplatné písmeno disku.</string>
    <string lang="cs" key="CANCEL">Zrušit</string>
    <string lang="cs" key="CANNOT_CALC_SPACE">Zařízení není přístupné. Ujistěte se, že vybrané zařízení existuje a není používáno systémem.</string>
    <string lang="cs" key="CAPSLOCK_ON">UPOZORNĚNÍ: Caps Lock je zapnutý. Toto by mohlo způsobit zadání špatného hesla.</string>
    <string lang="cs" key="CIPHER_HIDVOL_HOST_TITLE">Šifrovací předvolby externího svazku</string>
    <string lang="cs" key="CIPHER_HIDVOL_TITLE">Šifrovací předvolby skrytého svazku</string>
    <string lang="cs" key="CIPHER_TITLE">Předvolby šifrování</string>
    <string lang="cs" key="CLEAN_WINMRU_FAILED">UPOZORNĚNÍ: Nepodařilo se vyčistit cestu naposledy vybraného svazku/souborového klíče (zapamatované při výběru souboru)!</string>
    <string lang="cs" key="COMPRESSION_NOT_SUPPORTED">Chyba: Souborový svazek byl zkomprimován na úrovni systému souborů. TrueCrypt nepodporuje zkomprimované souborové svazky (pozn.: komprese zašifrovaných dat je neefektivní a zbytečná).\n\nVypnětě, prosím, kompresi pro souborový svazek dle následujících kroků: 1) Klikněte pravým tlačítkem myši na souborový svazek v Průzkumníku Windows (ne v programu TrueCrypt). 2) Vyberte 'Vlastnosti'. 3) V dialogovém okně 'Vlastnosti' klikněte 'Upřesnit'. 4) V dialogovém okně 'Upřesnit atributy', zrušte volbu 'Komprimovat obsah a šetřit tak místo na disku' a klikněte 'OK'. 5) V dialogovém okně 'Vlastnosti' klikněte 'OK'.</string>
    <string lang="cs" key="CREATE_FAILED">Vytvoření svazku %hs selhalo</string>
    <string lang="cs" key="DEVICE_FREE_BYTES">Velikost %hs je %.2f bajtů</string>
    <string lang="cs" key="DEVICE_FREE_GB">Velikost %hs je %d GB</string>
    <string lang="cs" key="DEVICE_FREE_KB">Velikost %hs je %.2f KB</string>
    <string lang="cs" key="DEVICE_FREE_MB">Velikost %hs je %.2f MB</string>
    <string lang="cs" key="DEVICE_FREE_PB">Velikost %hs je %d PB</string>
    <string lang="cs" key="DEVICE_FREE_TB">Velikost %hs je %d TB</string>
    <string lang="cs" key="DEVICE_IN_USE">UPOZORNĚNÍ: Zařízení/oddíl je již používán!\n\nIgnorování může způsobit nežádoucí důsledky nestability systému. Všechny aplikace, které by mohly používat zařízení/oddíl by měly být zavřeny před připojením svazku.\n\nPokračovat s připojením?</string>
    <string lang="cs" key="DEVICE_IN_USE_FORMAT">VÝSTRAHA: Zařízení/oddíl je používan operačním systémem nebo aplikacemi. Formátování zařízení/oddílu může způsobit poškození dat nebo systémovou nestabilitu.\n\nPokračovat?</string>
    <string lang="en" key="FORMAT_CANT_DISMOUNT_FILESYS">Error: The device/partition contains a file system that could not be dismounted. The file system may be in use by the operating system. Formatting the device/partition would very likely cause data corruption and system instability.\n\nTo solve this issue, we recommend that you first delete the partition and then recreate it without formatting. To do so, follow these steps:\n1) Right-click the 'Computer' (or 'My Computer') icon in the 'Start Menu' and select 'Manage'. The 'Computer Management' window should appear.\n2) In the 'Computer Management' window, select 'Storage' &gt; 'Disk Management'.\n3) Right-click the partition you want to encrypt and select either 'Delete Partition', or 'Delete Volume', or 'Delete Logical Drive'.\n4) Click 'Yes'. If Windows asks you to restart the computer, do so. Then repeat the steps 1 and 2 and continue from the step 5.\n5) Right-click the unallocated/free space area and select either 'New Partition', or 'New Simple Volume', or 'New Logical Drive'.\n6) The 'New Partition Wizard' or 'New Simple Volume Wizard' window should appear now; follow its instructions. On the wizard page entitled 'Format Partition', select either 'Do not format this partition' or 'Do not format this volume'. In the same wizard, click 'Next' and then 'Finish'.\n7) Note that the device path you have selected in TrueCrypt may be wrong now. Therefore, exit the TrueCrypt Volume Creation Wizard (if it is still running) and then start it again.\n8) Try encrypting the device/partition again.\n\nIf TrueCrypt repeatedly fails to encrypt the device/partition, you may want to consider creating a file container instead.</string>
    <string lang="cs" key="DEVICE_IN_USE_INFO">UPOZORNĚNÍ: Některé z připojených zařízení/oddílů byly již používány!\n\nIgnorování může způsobit nežádoucí následky včetně nestability systému.\n\nDůrazně doporučujeme zavřít všechny aplikace, které by mohly zařízení/oddíly používat.</string>
    <string lang="cs" key="DEVICE_PARTITIONS_ERR">Vybrané zařízení obsahuje oddíly.\n\nZformátování zařízení by mohlo způsobit systémovou nestabilitu a/nebo poškození dat. Vyberte prosím oddíl na zařízení nebo odstraňtě všechny oddíly na zařízení, aby ho mohl TrueCrypt bezpečně zformátovat.</string>
    <string lang="en" key="WHOLE_DEVICE_WARNING">IMPORTANT: If you encrypt the entire device, the operating system will consider the device as new and unformatted (as it will contain no partition table). This will make the volume susceptible to accidental initialization, which may cause it to be impossible to mount.\n\nIt is preferable to create a partition on the device and encrypt the partition instead.\n\nAre you sure want to encrypt the entire device?</string>
    <string lang="en" key="WHOLE_DEVICE_NOTE">IMPORTANT: Keep in mind to answer 'No', whenever Windows asks you whether you want to initialize this device (even if Windows tells you that you must do so). Otherwise, you may damage the volume and make it impossible to mount.\n\nWe also recommend that you backup the volume header after the volume is created (Tools -&gt; Backup Volume Header).</string>
    <string lang="en" key="AFTER_FORMAT_DRIVE_LETTER_WARN">IMPORTANT: Please keep in mind that this partition/device can NOT be mounted using the drive letter %c:, which is currently assigned to it!\n\nTo mount this partition/device, click 'Auto-Mount Devices' in the main TrueCrypt window. Alternatively, in the main TrueCrypt window, click 'Select Device', then select this partition/device, and click 'Mount'. The partition/device will be mounted to a different drive letter, which you will select from the list in the main TrueCrypt window.\n\nThe original drive letter %c: should be used only in case you need to remove encryption from the partition/device (e.g., if you no longer need encryption). In such a case, right-click the drive letter %c: in the 'Computer' (or 'My Computer') list and select 'Format'. Otherwise, the drive letter %c: should never be used (unless you remove it and assign it to another partition/device).</string>
    <string lang="cs" key="DISK_FREE_BYTES">Volné místo na disku %hs je %.2f bytů.</string>
    <string lang="cs" key="DISK_FREE_GB">Voln0 m9sto na disku %hs je %d GB.</string>
    <string lang="cs" key="DISK_FREE_KB">Volné místo na disku %hs je %.2f KB.</string>
    <string lang="cs" key="DISK_FREE_MB">Volné místo na disku %hs je %.2f MB.</string>
    <string lang="cs" key="DISK_FREE_PB">Volné místo na disku %hs je %d PB.</string>
    <string lang="cs" key="DISK_FREE_TB">Volné místo na disku %hs je %d TB.</string>
    <string lang="cs" key="DRIVELETTERS">Nelze získat volná písmena disků.</string>
    <string lang="cs" key="DRIVER_NOT_FOUND">TrueCrypt ovladač nebyl nalezen!\n\nZkopírujte prosím soubory 'truecrypt.sys' a 'truecrypt-x64.sys' do stejného adresáře, kde je aplikace.</string>
    <string lang="cs" key="DRIVER_VERSION">Je spuštěn nekompatibilní ovladač zařízení programu TrueCrypt.\n\nPožadovaná verze: TrueCrypt %hs</string>
    <string lang="cs" key="ERR_CIPHER_INIT_FAILURE">Chyba: Selhala inicializace šifry.</string>
    <string lang="cs" key="ERR_CIPHER_INIT_WEAK_KEY">Chyba: Byl detekován slabý nebo potenciálně slabý klíč. Klíč bude zahozen. Zkuste to prosím znovu.</string>
    <string lang="en" key="EXCEPTION_REPORT">A critical error has occured and TrueCrypt must be terminated. If this is caused by a bug in TrueCrypt, we would like to fix it. To help us, you can send us an automatically generated error report containing the following items:\n\n- Program version\n- Operating system version\n- TrueCrypt component name\n- Checksum of TrueCrypt executable\n- TrueCrypt dialog identifier\n- Error category\n- Error address\n- TrueCrypt call stack\n\nIf you select 'Yes', the following URL (which contains the entire error report) will be opened in your default Internet browser (note that in some cases this may take up to 30 seconds).\n\n%hs\n\nDo you want to send us the above error report?</string>
    <string lang="cs" key="EXCEPTION_REPORT_EXT">Ve vašem systému vznikla kritická chyba, která způsobila ukončení programu TrueCrypt.\n\nTato chyba nebyla způsobena programem TrueCrypt (vývojáři programu TrueCrypt ji nemohou opravit). Zkontrolujte prosím váš systém pro možné problémy (např. systémová konfigurace, internetové spojení, selhávající hardwarová součást).</string>
    <string lang="cs" key="EXCEPTION_REPORT_TITLE">Kritická chyba programu TrueCrypt</string>
    <string lang="cs" key="EXIT">&amp;Konec</string>
    <string lang="cs" key="EXT_PARTITION">Vytvořte prosím logický disk pro tento rozšířený oddíl a poté to zkuste znovu.</string>
    <string lang="cs" key="FILE_HELP">Můžete vytvořit svazky umístěné do souborů nebo zašifrovat celé oddíly pevných disků, diskety, USB paměti a další uložná zařízení. Klikněte 'Vybrat soubor...' a zadejte jméno a cestu souboru, který se má vytvořit pro umístění nového svazku nebo klikněte 'Vybrat zařízení...' a vyberte oddíl nebo zařízení, které se má zašifrovat.\n\nUpozornění: Pokud zašifrujete oddíl nebo zařízení, všechna data momentálně uložená na oddílu nebo na zařízení budou vymazána.</string>
    <string lang="cs" key="FILE_HELP_HIDDEN_HOST_VOL">Vyberte umístění externího svazku, který má být vytvořen (uvnitř tohoto svazku bude vytvořen vytvořen později skrytý svazek).\n\nMůžete vytvořit svazky umístěné v souborech nebo zašifrovat celé oddíly pevných disků, disketovy, USB paměti a další uložná zařízení. Klikněte 'Vybrat soubor...' a zadejte jméno a cestu souboru, který se má vytvořit pro umístění nového svazku nebo nebo klikněte 'Vybrat zařízení...' a vyberte oddíl nebo zařízení, které se má zašifrovat.\n\nPokud zašifrujete oddíl nebo zařízení, všechna data momentálně uložená na oddílu nebo na zařízení budou vymazána.</string>
    <string lang="cs" key="FILE_HELP_HIDDEN_HOST_VOL_DIRECT">Zvolte umístění svazku TrueCrypt, uvnitř kterého chcete vytvořit skrytý svazek.</string>
    <string lang="cs" key="FILE_IN_USE">UPOZORNĚNÍ: Hostitelský soubor/zařízení je již používáno!\n\nIgnorování této skutečnosti může způsobit neblahé následky včetně systémové nestability. Všechny aplikace, které mohou soubor/zařízení používat, by měly být zavřeny před připojenímí svazku.\n\nPokračovat s připojením?</string>
    <string lang="cs" key="FILE_IN_USE_FAILED">Chybe: Svazek nelze připojit. Hostitelský soubor/zařízení je již používáno. Pokuš o připojení bez výhradních práv selhal také.</string>
    <string lang="cs" key="FILE_OPEN_FAILED">Tento soubor nemohl být otevřen.</string>
    <string lang="cs" key="FILE_TITLE">Umístění svazku</string>
    <string lang="cs" key="FORMAT">&amp;Formátovat</string>
    <string lang="cs" key="FORMAT_ABORT">Přerušit formátování?</string>
    <string lang="cs" key="FORMAT_FINISHED_HELP">\n\nTrueCrypt svazek byl vytvořen a je připraven k použití. Pokud chcete vytvořit další svazek TrueCrypt, klikněte Další. Jinak klikněte Konec.</string>
    <string lang="cs" key="FORMAT_FINISHED_INFO">Svazek TrueCrypt byl úspěšně vytvořen.</string>
    <string lang="cs" key="FORMAT_FINISHED_TITLE">Svazek byl vytořen</string>
    <string lang="cs" key="FORMAT_HELP">Zde můžete zadat další volby, které ovlivní formátování nového svazku. Zkontrolujte dokumentaci pro více informací. Až budete hotovi, klikněte 'Formátovat' pro vytvoření Vašeho nového svazku.</string>
    <string lang="cs" key="FORMAT_HIDVOL_HOST_HELP">Pozn.: Skrytý svazek může být vytvořen pouze uvnitř svazku typu FAT. Zkontrolujte dokumentaci pro více informací. Až budete hotovi, klikněte 'Formátovat' pro vytvoření vnějšího svazku.</string>
    <string lang="cs" key="FORMAT_HIDVOL_HOST_TITLE">Formát externího svazku</string>
    <string lang="cs" key="FORMAT_HIDVOL_TITLE">Formát skrytého svazku</string>
    <string lang="cs" key="FORMAT_TITLE">Formát svazku</string>
    <string lang="cs" key="GETFILETIME_FAILED">UPOZORNĚNÍ: Časové razítko souborového svazku nemohlo být zjištěno!</string>
    <string lang="cs" key="GETFILETIME_FAILED_GENERIC">UPOZORNĚNÍ: Nelze získat časové razítko souborového svazku!\n\nPokud je v tomto souborovém svazku skrytý svazek, důvěryhodnost zapírání skrytého svazku může být narušena.</string>
    <string lang="cs" key="GETFILETIME_FAILED_IMPLANT">UPOZORNĚNÍ: Nelze získat časové razítko souborového svazku!\n\nPokud časové razítko nevynulujete použitím externího nástroje, nedoporučujeme vám vytvářet skrytý svazek uvnitř tohoto souborového svazku.</string>
    <string lang="cs" key="GETFILETIME_FAILED_PW">UPOZORNĚNÍ: Nelze získat časové razítko souborového svazku!\n\nPokud je v tomto souborovém svazku skrytý svazek, důvěryhodnost zapírání skrytého svazku mmůže být narušena změnou nebo pokusem o změnu hesla.</string>
    <string lang="cs" key="GETFILETIME_FAILED_KEYFILE">UPOZORNĚNÍ: Časové razítko souborového klíče nelze získat! Nelze zachovat poslední přístupový čas/datum.\n\nJe možné, že bylo k tomuto souboru přistupováno.</string>
    <string lang="cs" key="HELP_READER_ERROR">Pro čtení nebo tisk Uživatelské příručky TrueCrypt je nutný prohlížeč Adobe Reader (nebo jiný kompatibilní nástroj). Adobe Reader (freeware) lze stáhnout na adrese: www.adobe.com\n\nChcete si raději prohlédnout online dokumentaci?</string>
    <string lang="cs" key="HIDDEN_VOL_WIZARD_MODE_HELP">Nezkušení uživatelé by měli vybrat první volbu. Pokud zvolíte druhou volbu, předpokládá se, že jste již vytvořili svazek TrueCrypt, který je vhodný pro umístění skrytého svazku.</string>
    <string lang="cs" key="HIDDEN_VOL_WIZARD_MODE_TITLE">Průvodcovský mód</string>
    <string lang="cs" key="HIDVOL_FORMAT_FINISHED_HELP">Skrytý svazek TrueCrypt byl úspěšně vytvořen a je připraven k použití. Pokud byly dodrženy všechny pokyny a byli jste obezřetní ohledně sekce "Bezpečnostní varování týkající se skrytého svazku" v uživatelské příručce TrueCrypt, bude nemožné dokázat, že skrytý svazek existuje, i když je externí svazek připojen.\n\nVÝSTRAHA: POKUD NEBUDETE CHRÁNIT SKRYTÝ SVAZEK (PRO INFORMACE JAK TO UDĚLAT, VIZ SEKCE "OCHRANA SKRYTÝCH SVAZK PROTI POŠKOZENÍ" V UŽIVATELSKÉ PŘÍRUČCE TRUECRYPT), NEPIŠTĚ DO EXTERNÍHO SVAZKU. JINAK MŮŽETE PŘEPSAT A POŠKODIT SKRYTÝ SVAZEK!</string>
    <string lang="cs" key="HIDVOL_FORMAT_FINISHED_TITLE">Skrytý svazek byl vytvořen</string>
    <string lang="cs" key="HIDVOL_HOST_FILLING_HELP">Externí svazek byl úspěšně vytvořen a připojen jako jednotka %hc:. Do tohoto svazku byste nyní měli nakopírovat nějaké citlivě-vypadající soubory, které ve skutečnosti NECHCETE skrýt. Soubory tam budou uloženy pro kohokoliv, kdo by Vás nutil odhalit heslo. Odhalíte jen heslo pro tento externí svazek, ne pro skrytý. Soubory, o které Vám jde ve skutečnosti, budou uloženy ve skrytém svazku, který se vytvoří později. Jakmile data dokopírujete, klíkněte Další. Svazek neodpojujte.\n\nPozn.: Až kliknete Další, clusterová bitmapa externího svazku bude oskenována pro určení velikosti nepřerušené oblasti volného místa, jehož konec se nachází na konci svazku. Tato oblast bude obsahovat skrytý svazek, takže tím omezí svou maximální možnou velikost. Skenování clusterové bitmapy zajistí, že žádná data na externím svazku nebudou přepsána externím svazkem.</string>
    <string lang="cs" key="HIDVOL_HOST_FILLING_TITLE">Obsah externího svazku</string>
    <string lang="cs" key="HIDVOL_HOST_PRE_CIPHER_HELP">\n\nV dalším kroku zadáte volby pro externí svazek (uvnitř kterého bude později vytvořen skrytý svazek). </string>
    <string lang="cs" key="HIDVOL_HOST_PRE_CIPHER_TITLE">Externí svazek</string>
    <string lang="cs" key="HIDVOL_PRE_CIPHER_HELP">\n\nBitmapový cluster svazku byl oskenován a maximální možná velikost skrytého svazku byla určena. V dalším kroku zadáte volby, velikost a heslo pro skrytý svazek.</string>
    <string lang="cs" key="HIDVOL_PRE_CIPHER_TITLE">Skrytý svazek</string>
    <string lang="cs" key="HIDVOL_PROT_WARN_AFTER_MOUNT">Skrytý svazek je nyní chráněn proti poškození dokud nebude externí svazek odpojen.\n\nVÝSTRAHA: Pokud se zkusí zapsat nějaká data na skrytý svazek, TrueCrypt začne chránit celý svazek proti zápisu (externí i skrytou čáast) dokud nebude odpojen. Toto může způsobit poškození systému souborů externího svazku. Jakákoliv data ukládaná do oblasti skrytého svazku NEBUDOU uložena a ztratí se! Windows toto můžou nahlásit jako chybu zápisu ("Chyba zpožděného zápisu" nebo "Neplatný parametr").</string>
    <string lang="cs" key="HIDVOL_PROT_WARN_AFTER_MOUNT_PLURAL">Každý skrytý svazek uvnitř nově připojených svazků je nyní chráněn proti poškození dokud nebude odpojen.\n\nVÝSTRAHA: Pokud se zkusí zapsat nějaká data na jakýkoliv z těchto skrytých svazků, TrueCrypt začne chránit celý svazek proti zápisu (externí i skrytou čáast) dokud nebude odpojen. Toto může způsobit poškození systému souborů externího svazku. Jakákoliv data ukládaná do oblasti skrytého svazku NEBUDOU uložena a ztratí se! Windows toto můžou nahlásit jako chybu zápisu ("Chyba zpožděného zápisu" nebo "Neplatný parametr").</string>
    <string lang="cs" key="DAMAGE_TO_HIDDEN_VOLUME_PREVENTED">VÝSTRAHA: Systém se pokusil zapsat data do skryté oblasti svazku připojeného jako %c:!\n\nTrueCrypt zamezil uložení těchto dat, aby ochránil skrytý svazek. Toto mohlo způsobit poškození systému souborů na externím svazkuthe outer volume a Windows toto mohly oznámit jako chybu zápisu ("Chyba zpožděného zápisu" nebo "Neplatný parametr"). Celý svazek (externí i skrytá část) budou chráněny proti zápisu dokud nedojde k jejich odpojení.\n\nDůrazně doporučujeme, abyste ihned restartovali operační systémn.</string>
    <string lang="cs" key="INIT_MUTEX">Aplikace nemohla být inicializována. Vytvoření požadovaného mutex objektu selhalo.</string>
    <string lang="cs" key="INIT_RAND">Selhala inicializace generátoru náhodných čísel!</string>
    <string lang="cs" key="INIT_REGISTER">Aplikace nemohla být inicializována. Selhala registrace Dialogové třídy.</string>
    <string lang="cs" key="INTRO_HELP">\nTento průvodce vám pomůže vytvořit svazek TrueCrypt.\n\nDůležité: Sběr náhodných dat začal. Tato data budou použita ke generování hlavního klíče, druhotného klíče (mód LRW) a parametru soli pro nový svazek. Posbíraná data zahrnují pohyby vaší myši v tomto okně, stisky kláves a další data získaná ze systému. Data by měla být co nejvíce náhodná, pričemž čím náhodněji a čím déle budete pohybovat myší, tím lépe.</string>
    <string lang="cs" key="INTRO_TITLE">Průvodce vytvořením svazku TrueCrypt</string>
    <string lang="cs" key="INVALID_DEVICE">Byl zadán neplatný disk nebo oddíl. Použijte následující syntaxi pro připojení oddílů: \\Zařízení\\Harddisk0\\Oddíl4</string>
    <string lang="cs" key="MAX_HIDVOL_SIZE_BYTES">Maximální možná velikost skrytého svazku pro tento svazek je %.2f bytů.</string>
    <string lang="cs" key="MAX_HIDVOL_SIZE_KB">Maximální možná velikost skrytého svazku pro tento svazek je %.2f KB.</string>
    <string lang="cs" key="MAX_HIDVOL_SIZE_MB">Maximální možná velikost skrytého svazku pro tento svazek je %.2f MB.</string>
    <string lang="cs" key="MOUNTED_NOPWCHANGE">Heslo/souborový klíč svazku nemůže být změněn během jeho připojování. Svazek nejdříve odpojte.</string>
    <string lang="cs" key="MOUNTED_NO_PKCS5_PRF_CHANGE">Derivační algoritmus pro klíč hlavičky nemůže být změněn během připojování svazku. Svazek nejdříve odpojte.</string>
    <string lang="cs" key="MOUNT_BUTTON">&amp;Připojit</string>
    <string lang="cs" key="NEW_VERSION_REQUIRED">Pro připojení tohoto oddílu je potřeba novější verze programu TrueCrypt.</string>
    <string lang="cs" key="VOL_CREATION_WIZARD_NOT_FOUND">Chyba: Průvodce vytvořením svazku nebyl nalezen.\n\nUjistěte se prosím, že  soubor 'TrueCrypt Format.exe' je ve složce, ze které byl 'TrueCrypt.exe' spuštěn. Pokud není, přeinstalujte prosím TrueCrypt nebo najděte 'TrueCrypt Format.exe' na vašem disku a spusťte jej.</string>
    <string lang="cs" key="NEXT">&amp;Další &gt;</string>
    <string lang="cs" key="FINALIZE">&amp;Dokončit</string>
    <string lang="en" key="NODRIVER">Unable to connect to the TrueCrypt device driver. TrueCrypt cannot work if the device driver is not running.\n\nPlease note that, due to a Windows issue, it may be required to log off or restart the system before the device driver can be loaded.</string>
    <string lang="cs" key="NOFONT">Nastala chyba při nahrávání/připravování fontů.</string>
    <string lang="cs" key="NOT_FOUND">DOSové písmeno jednotky, které jste zadali, nebylo nalezeno.</string>
    <string lang="cs" key="DRIVE_LETTER_UNAVAILABLE">Písmeno jednotky není k dispozici.</string>
    <string lang="cs" key="NO_FILE_SELECTED">Nebyl vybrán žádný soubor!</string>
    <string lang="cs" key="NO_FREE_DRIVES">Žádné písmeno disku není k dispozici.</string>
    <string lang="cs" key="NO_FREE_DRIVE_FOR_OUTER_VOL">Není k dispozici žádné volné písmeno disku pro externí svazek! Vytvoření svazku nelze dokončit.</string>
    <string lang="cs" key="NO_OS_VER">Verze vašeho operačního systému nebyla rozpoznána nebo používáte nepodporovaný operační systém.</string>
    <string lang="cs" key="NO_PATH_SELECTED">Nebyla vybrána cesta!</string>
    <string lang="cs" key="NO_SPACE_FOR_HIDDEN_VOL">Pro skrytý svazek není dostatek volného místa! Vytvoření svazku nelze dokončit.</string>
    <string lang="cs" key="OPENFILES_DRIVER">Ovladač nemůže odpojit svazek. Některé soubory umístěné na svazku jsou pravděpodobně ještě otevřené.</string>
    <string lang="cs" key="OPENFILES_LOCK">Svazek nemohl být uzamknut. Na svazku jstou stále otevřené soubory. Proto nemůže být odpojen.</string>
    <string lang="cs" key="OPEN_VOL_TITLE">Vyberte svazek TrueCrypt</string>
    <string lang="cs" key="OPEN_TITLE">Zadejte cestu a jméno souboru</string>
    <string lang="cs" key="OUTOFMEMORY">Nedostatek paměti</string>
    <string lang="en" key="FORMAT_DEVICE_FOR_ADVANCED_ONLY">IMPORTANT: We strongly recommend that inexperienced users create a TrueCrypt file container on the selected device/partition, instead of attempting to encrypt the entire device/partition.\n\nWhen you create a TrueCrypt file container (as opposed to encrypting a device or partition) there is, for example, no risk of destroying a large number of files. Note that a TrueCrypt file container (even though it contains a virtual encrypted disk) is actually just like any normal file. Therefore, it can be, for example, easily renamed, moved, or copied as any normal file. To create a TrueCrypt file container, click 'No' and then click 'Select File' in the wizard window. For more information, see the chapter Beginner's Tutorial in the TrueCrypt User Guide.\n\nAre you sure you want to encrypt the entire device/partition?</string>
    <string lang="cs" key="OVERWRITEPROMPT">UPOZORNĚNÍ: Soubor '%hs' již existuje!\n\nPozn.: TrueCrypt soubor NEzašifruje, ale smaže. Opravdu chcete soubor smazat a nahradit ho novým TrueCrypt souborovým svazkem?</string>
    <string lang="en" key="OVERWRITEPROMPT_DEVICE">CAUTION: ALL FILES CURRENTLY STORED ON THE SELECTED %s '%hs'%s WILL BE ERASED AND LOST!\n\nAre you sure you want to proceed with format?</string>
    <string lang="cs" key="PASSWORD">Heslo</string>
    <string lang="cs" key="PASSWORD_CHANGED">Heslo a/nebo souborový klíč(e) byl změněn.\n\nDŮLEŽITÉ: Ujistěte se, že jste četli sekci 'Změna hesla a souborových klíčů' v kapitole 'Bezpečnostní opatření' v uživatelské příručce TrueCrypt.</string>
    <string lang="cs" key="KEYFILE_CHANGED">Souborový klíč(e) byl úspěšně přídán/odstraněn.</string>
    <string lang="cs" key="PKCS5_PRF_CHANGED">Klíč hlavičky derivačního algoritmu byl úspěšně zadán.</string>
    <string lang="cs" key="PASSWORD_HELP">Je velmi důležité zadat dobré heslo. Měli byste se vyvarovat jednoslovných hesel, která lze nalézt ve slovníku (nebo kombinace 2, 3 nebo 4 takových slov). Nemělo by obsahovat obsahovat žádná jména ani data narození. Nemělo by být lehké ho uhodnout. Dobré heslo je různá kombinace velkých a malých písmen, čísel a speciálních znaků jako např. @ ^ = $ * + atd.\n\nDoporučujeme vám vybrat heslo skládající se z více než 20 znaků (čím delší, tím lepší). Maximální délka hesla je 64 znaků.</string>
    <string lang="cs" key="PASSWORD_HIDDENVOL_HELP">Zadejte heslo pro skrytý svazek. </string>
    <string lang="cs" key="PASSWORD_HIDDENVOL_HOST_DIRECT_HELP">Zadejte prosím heslo pro svazek, ve kterém si přejete vytvořit skrytý svazek.\n\nPo kliknutí Další se TrueCrypt pokusí svazek připojit. Jakmile bude svazek připojen, jeho clusterová bitmapa bude oskenována pro zjištění velikosti nepřerušené oblasti volného místa (pokud takové vůbec je) jehož konec tvoří i konec svazku. Tato oblast bude obsahovat skrytý svazek, a proto bude jeho maximální velikost omezena. Skenování clusterové mapy je nutné, aby bylo zajištěno, že žádná data na externím disku nebudou přepsána skrytým svazkem.</string>
    <string lang="cs" key="PASSWORD_HIDDENVOL_HOST_HELP">\nZadejte prosím heslo pro externí svazek. Toto bude heslo, které které budete moci odhalit adversary pokud o to budete požádání nebo donuceni.\n\nHeslo musí být jiné než to, které si zvolíte pro skrytý svazek.\n\n\nNote: Maximální možná délka je 64 znaků.</string>
    <string lang="cs" key="PASSWORD_HIDVOL_HOST_TITLE">Heslo externího svazku</string>
    <string lang="cs" key="PASSWORD_HIDVOL_TITLE">Heslo skrytého svazku</string>
    <string lang="cs" key="PASSWORD_LENGTH_WARNING">UPOZORNĚNÍ: Krátká hesla se dají jednoduše prolomit použitím metody hrubé síly!\n\nDoporučujeme vybrat heslo skládající se z více než 20 znaků.\n\nJste si jisti, že chcete použít kratší heslo?</string>
    <string lang="cs" key="PASSWORD_TITLE">Heslo svazku</string>
    <string lang="cs" key="PASSWORD_WRONG">Nesprávné heslo nebo se nejedná o svazek TrueCrypt.</string>
    <string lang="cs" key="PASSWORD_OR_KEYFILE_WRONG">Špatný souborový klíč(y) a/nebo heslo nebo se nejedná o svazek TrueCrypt.</string>
    <string lang="cs" key="PASSWORD_WRONG_CAPSLOCK_ON">\n\nUpozornění: Caps Lock je zapnutý. Tím můžete špatně zadat heslo.</string>
    <string lang="cs" key="PASSWORD_WRONG_AUTOMOUNT">Špatné heslo nebo nebyl nalezen žádný svazek TrueCrypt.</string>
    <string lang="cs" key="PASSWORD_OR_KEYFILE_WRONG_AUTOMOUNT">Špatný souborový klíč/heslo nebo nebyl nalezen žádný svazek TrueCrypt.</string>
    <string lang="cs" key="PREV">&lt; &amp;Předchozí</string>
    <string lang="cs" key="RAWDEVICES">Seznam základních zařízení instalovaných na vašem systému nemohl být vytvořen!</string>
    <string lang="cs" key="READONLYPROMPT">Svazek '%hs' již existuje a je jen pro čtení. Jste si jistí, že hochcete nahradit?</string>
    <string lang="cs" key="SELECT_DEST_DIR">Vyberte cílový adresář</string>
    <string lang="cs" key="SELECT_KEYFILE">Vyberte souborový klíč</string>
    <string lang="cs" key="SELECT_KEYFILE_PATH">Zvolte cestu pro hledání souborového klíče. UPOZORNĚNÍ: Zapamatována bude pouze cesta, nikoliv název souboru!</string>
    <string lang="cs" key="SERPENT_HELP">Navrhnuta Rossem Andersonem, Elim Bihamem a Larsem Knudsenem. Zveřejněna v roce 1998. 256-bitový klíč, 128-bitové bloky. Operační mód je LRW. Serpent byla jedním z finalistů AES.</string>
    <string lang="cs" key="SETFILETIME_FAILED_IMPLANT">UPOZORNĚNÍ: Obnovení časového razítka souboroévho svazku selhalo (čas/datum změny/přístupu k souboru)!\n\nDůvěryhodnost zapírájí skrytého svazku může být ovlivněna.</string>
    <string lang="cs" key="SETFILETIME_FAILED_PREP_IMPLANT">UPOZORNĚNÍ: Obnovení časového razítka souborového svazku selhalo (čas/datum změny/přístupu k souboru)!\n\nPokud neresetujete časové razítko pomocí externího nástroje nedoporučujeme vám vytvářet skrytý svazek v tomto souborovém svazku.</string>
    <string lang="cs" key="SETFILETIME_FAILED_PW">UPOZORNĚNÍ: Obnovení časového razítka souborového svazku selhalo (čas/datum změny/přístupu k souboru)!\n\nPokud v tomto souborovém svazku existuje skrytý svazek, důvěryhodnost zapírání skrytého svazku může být ovlivněna.</string>
    <string lang="cs" key="SETFILETIME_FAILED_KEYFILE">UPOZORNĚNÍ: Časové razítko souborového klíče se nepodařilo obnovit! Nelze uchovat poslední datum/čas přístupu.\n\nBude možné říci, že k tomuto souboru bylo přistupováno.</string>
    <string lang="cs" key="SETUP_INCOMPLETE">Chyba: Složka 'Setup Files' nebyla nalezena.\n\nPřed instalací programu TrueCrypt musíte rozbalit všechny soubory z distribuovaného balíčku.</string>
    <string lang="cs" key="SIZE_HELP">Zadejte prosím velikost souborového svazku, který chcete vytvořit.\n\nPokud vytvoříte dynamický (rozptýlený soubor) souborový svazek, tento parametr bude specifikovat jeho maximální velikost.\n\nMinimální možná velikost FAT svazku je 19 KB. Minimální možná velikost NTFS svazku je 2526 KB.</string>
    <string lang="cs" key="SIZE_HELP_HIDDEN_HOST_VOL">Zadejte prosím velikost nového externího svazku (uvnitř kterého bude později vytvořen skrytý svazek). Minimální možná velikost svazku, uvnitř kterého má být vytvořen skrytý svazek, je 40 KB.</string>
    <string lang="cs" key="SIZE_HELP_HIDDEN_VOL">Zadejte prosím velikost skrytého svazku, který se má vytvořit. Minimální možná velikost FAT svazku je 19 KB. Minimální možná velikost NTFS svazku je 2526 KB. Maximální možná velikost, kterou můžete zadat pro skrytý svazek, je zobrazena výše.</string>
    <string lang="cs" key="SIZE_HIDVOL_HOST_TITLE">Velikost externího svazku</string>
    <string lang="cs" key="SIZE_HIDVOL_TITLE">Velikost skrytého svazku</string>
    <string lang="cs" key="SIZE_PARTITION_HELP">Velikost zařízení nebo oddílu nemůže být změněna. Ujistěte se, že velikost vybraného zařízení nebo oddílu ukázaného nahoře je správná a klikněte Další.</string>
    <string lang="cs" key="SIZE_PARTITION_HIDDEN_VOL_HELP">\n\nNezapomeňte, že minimální možná velikost svazku, uvnitř kterého se má vytvořit skrytý svazek, je 40 KB.</string>
    <string lang="cs" key="SIZE_TITLE">Velikost svazku</string>
    <string lang="cs" key="SPARSE_FILE">Dynamický</string>
    <string lang="cs" key="TESTS_FAILED">VÝSTRAHA: AUTOTEST SELHAL!</string>
    <string lang="cs" key="TESTS_PASSED">Autotesty všech šifer proběhly v pořádku</string>
    <string lang="cs" key="TEST_INCORRECT_LRW_INDEX_SIZE">Index LRW bloku, který jste zadali, je příliš dlouhý nebo krátký.</string>
    <string lang="cs" key="TEST_INCORRECT_LRW_KEY_SIZE">Druhotný klíč, který jste zadali, je příliš dlouhý nebo krátký.</string>
    <string lang="cs" key="TEST_CIPHERTEXT_SIZE">Testovací šifrovaný text, který jste zadali, je příliš dlouhý nebo krátký.</string>
    <string lang="cs" key="TEST_KEY_SIZE">Testovací klíč, který jste zadali, je příliš dlouhý nebo krátký.</string>
    <string lang="cs" key="TEST_PLAINTEXT_SIZE">Testovací čistý text, který jste zadali, je příliš dlouhý nebo krátký.</string>
    <string lang="cs" key="TEST_LRW_INDEX_OVERRUN">Chyba: TrueCrypt nepodporuje hodnoty indexu LRW bloků větší nebo rovno 2^64.\n\nMaximální podporovaná velikost svazku 2^63 bytů (8589934592 GB).</string>
    <string lang="cs" key="TWO_LAYER_CASCADE_HELP">Dvě šifry v kaskádě operujíci v LRW módu. Každý blok je nejprve zašifrován s %hs (%d-bitový klíč) a poté s %hs (%d-bitový klíč). Každá šifra použivá svůj vlastní klíč. Všechny klíče jsou vzájemně nezávislé.</string>
    <string lang="cs" key="THREE_LAYER_CASCADE_HELP">Tři šifry v kaskádě operující v módu LRW. Každý blok je nejprve zašifrován s %hs (%d-bitový klíč) a poté s %hs (%d-bitový klíč) a nakonec s %hs (%d-bitový klíč). Každá šifra použivá svůj vlastní klíč. Všechny klíče jsou vzájemně nezávislé.</string>
    <string lang="cs" key="TRAVELLER_DISK_CREATED">TrueCrypt cestovní disk byl úspěšně vytvořen.\n\nPozn.: Potřebujete administrátorská práva pro běh programu TrueCrypt v cestovním módu. Vezměte také na vědomí, že po prozkoumání souboru v registru bude možné řici, zda byl TrueCrypt spuštěn na systému Windows, i když běží v cestovním módu.</string>
    <string lang="cs" key="TC_TRAVELLER_DISK">TrueCrypt Cestovní Disk</string>
    <string lang="cs" key="TWOFISH_HELP">Navrhnuta Brucem Schneierem, Johnem Kelseyem, Dougem Whitingem, Davidem Wagnerem, Chrisem Hallem a Nielsem Fergusonem. Zveřejněna v roce 1998. 256-bitový klíč, 128-bitové bloky. Operační mód je LRW. Twofish byla jedním z finalistů AES.</string>
    <string lang="en" key="MORE_INFO_ABOUT">More information on %hs</string>
    <string lang="cs" key="UNKNOWN">Neznámý</string>
    <string lang="cs" key="ERR_UNKNOWN">Došlo k nespecifikované nebo neznámé chybě.</string>
    <string lang="cs" key="UNKNOWN_DRIVER_CODE">Ovladač zařízení vrátil nerozpoznanou chybu, kó = %d</string>
    <string lang="cs" key="UNMOUNTALL_LOCK_FAILED">Některé svazky obsahují soubory nebo adresáře používané aplikacemi nebo systémem.\n\nVynutit odpojení?</string>
    <string lang="cs" key="UNMOUNT_BUTTON">&amp;Odpojit</string>
    <string lang="cs" key="UNMOUNT_FAILED">Odpojení selhalo!</string>
    <string lang="cs" key="UNMOUNT_LOCK_FAILED">Svazek obsahuje soubory nebo složky používané aplikacemi nebo systémem.\n\nVynutit odpojení?</string>
    <string lang="cs" key="VOL_ALREADY_MOUNTED">Svazek, který se snažíte připojit, je již připojen.</string>
    <string lang="cs" key="VOL_FORMAT_BAD">Formát tohoto svazku nebyl rozpoznán. Svazek může být poškozený.</string>
    <string lang="cs" key="VOL_MOUNT_FAILED">Došlo k chybě při pokusu o připojení svazku.</string>
    <string lang="cs" key="VOL_READING">Chyba při čtení dat ze svazku.</string>
    <string lang="cs" key="VOL_SEEKING">Chyba při hledání umístění uvnitř svazku.</string>
    <string lang="cs" key="VOL_SIZE_WRONG">Chyba: Nesprávná velikost svazku.</string>
    <string lang="cs" key="VOL_TOO_SMALL">Svazek je příliš malý - jde o neplatný svazek.</string>
    <string lang="cs" key="VOL_WRITING">Chyba při zapisování dat do svazku.</string>
    <string lang="cs" key="WARN_QUICK_FORMAT">UPOZORNĚNÍ: Rychlé formátování použijte jen v těchto případech:\n\n1) Zařízení obsahuje nesouvislá data (např. již bylo úplně zašifrováno)\n2) Chcete ihned použít veškeré možné místo\n3) Nezajímá vás bezpečnost (testování)</string>
    <string lang="cs" key="CONFIRM_SPARSE_FILE">Dynamický souborový svazek je a před-přidělěný NTFS rozptýlený soubor, jehož fyzická velikost (aktuálně zabraný diskový prostor) roste s nově přidanými daty do něj.\n\nUPOZORNĚNÍ: Výkonnost svazků založených na rozptýlených souborech je podstatně horší než výkonnost běžných svazků. Jednotky založené na rozptýlených souborech jsou také méně zabezpečené, protože lze říci, které sektory svazku jsou nepoužity. Pokud jsou zapsána data do souborového svazku-rozptýleného souboru na disk, kde není dostatek volného místa na souborovém systému, zašifrovaný souborový systém může být poškozen.\n\nJste si jisti, že chcete vytvořit svazek založený na rozpýleném souboru?</string>
    <string lang="cs" key="SPARSE_FILE_SIZE_NOTE">Velikost dynamického souborového svazku oznámená systémem Windows a programem TrueCrypt se bude vždy rovnat jeho maximální velikosti. Pro zjištění současné fyzické velikosti souborového svazku (aktuální diskový prostor, který nyní používá), kliknětě pravým tlačítkem myši na souborový svazek (v Průzkumníku Windows , ne v programu TrueCrypt), poté vyberte 'Vlastnosti' a zkontrolujte hodnotu 'Velikost na disku'.</string>
    <string lang="cs" key="WIPE_CACHE">Hesla uložená v mezipaměti pro ovladač zařízení byla vymazána.</string>
    <string lang="cs" key="WRONG_VOL_TYPE">TrueCrypt nemůže změnit heslo pro cizí svazek.</string>
    <string lang="cs" key="SELECT_FREE_DRIVE">Vyberte prosím volné písmeno disku ze seznamu.</string>
    <string lang="cs" key="SELECT_A_MOUNTED_VOLUME">Vyberte prosím nejdříve připojený svazek se seznamu písmen jednotek.</string>
    <string lang="cs" key="CANT_CREATE_AUTORUN">Chyba: Nelze vytvořit autorun.inf</string>
    <string lang="cs" key="ERR_PROCESS_KEYFILE">Chyba při zpracování souborového klíče!</string>
    <string lang="cs" key="ERR_PROCESS_KEYFILE_PATH">Chyba při zpracování cesty k souborovému klíči!</string>
    <string lang="cs" key="UNSUPPORTED_OS">TrueCrypt nepodporuje tento operační systém.</string>
    <string lang="cs" key="UNSUPPORTED_BETA_OS">Chyba: TrueCrypt podporuje pouze stabilní (ne-beta) verze tohoto operačního systému.</string>
    <string lang="cs" key="ERR_MEM_ALLOC">Chyba: Nelze přidělit paměť.</string>
    <string lang="cs" key="ERR_PERF_COUNTER">Chyba: Hodnota výkonnostního čítače nemohla být zjištěna.</string>
    <string lang="cs" key="ALL_FILES">Všechny soubory</string>
    <string lang="cs" key="TC_VOLUMES">Svazky TrueCrypt</string>
    <string lang="cs" key="FORMAT_NTFS_STOP">NTFS formátování nemůže pokračovat.</string>
    <string lang="cs" key="CANT_MOUNT_VOLUME">Svazek nelze připojit.</string>
    <string lang="cs" key="CANT_DISMOUNT_VOLUME">Svazek nelze odpojit.</string>
    <string lang="cs" key="FORMAT_NTFS_FAILED">Windows nemohl zformátovat svazek jako NTFS.\n\nVyberte prosím jiný systému souborů (je-li to možné) a zkuste to znovu. Popřípadě můžete nechat svazek nenaformátovaný (vyberte 'Žádný' systém souborů), ukončete tohoto průvodce, připojte svazek a pak použijte buď systémový nástroj nebo nástroj třetí strany k zformátování připojeného svazku (svazek zůstane zašifrovaný).</string>
    <string lang="cs" key="DEFAULT">Předvolený</string>
    <string lang="cs" key="SECTOR">sektor</string>
    <string lang="cs" key="BLOCK">blok</string>
    <string lang="cs" key="PARTITION">Oddíl</string>
    <string lang="cs" key="PARTITION_LC">oddíl</string>
    <string lang="cs" key="PARTITION_UPPER_CASE">ODDÍL</string>
    <string lang="cs" key="DEVICE">Zařízení</string>
    <string lang="cs" key="DEVICE_LC">zařízení</string>
    <string lang="cs" key="DEVICE_UPPER_CASE">ZAŘÍZENÍ</string>
    <string lang="cs" key="CLUSTER_TOO_SMALL">Vybraná velikost clusteru je pro tento svazek příliš malá. Použije se větší velikost clusteru.</string>
    <string lang="cs" key="CANT_GET_VOLSIZE">Chyba: Nelze zjistit velikos svazku!\n\nUjistěte se, že vybraný svazek není používán systémem nebo aplikací.</string>
    <string lang="cs" key="HIDDEN_HOST_FAT_ONLY">Skrytý svazek může být vytvořen pouze uvnitř FAT svazku.\n\nPro více informací viz Dokumentace.</string>
    <string lang="cs" key="HIDDEN_VOL_HOST_SPARSE">Skryté svazky by neměly být vytvořeny uvnitř dynamických (rozptýlené soubory) souborových svazků. K dosažení důvěryhodnosti zapírání by měl být skrytý svazek vytvořen uvnitř běžného svazku.</string>
    <string lang="cs" key="CANT_ACCESS_VOL">Chyba: Ke svazku nelze přistoupit!\n\nUjistěte se, že vybraný svazek existuje, že není připojený používaný systémem nebo aplikací, že máte práva pro čtení/zápis ke svazku a že svazek není chráněn proti zápisu.</string>
    <string lang="cs" key="CANT_DISMOUNT_OUTER_VOL">Chyba: Externí svazek nelze odpojit!\n\nSvazek nemůže být odpojen, pokud obsahuje soubory nebo složky používané programem nebo systémem.\n\nZavřete prosím jakýkoliv program, který by mohl soubory nebo adresáře na svazku používat a klikněte Znovu.</string>
    <string lang="cs" key="CANT_LOCK_OUTER_VOL">Chyba: Nelze zamknout externí svazek!\n\nSvazek nemůže být uzamčen, pokud obsahuje soubory nebo složky používané aplikací nebo systémem.\n\nZavřete prosím jakoukoliv aplikaci, která by mohla soubory nebo adresáře na svazku používat a klikněte Znovu.\n\nUPOZORNĚNÍ: Pokud se rozhodnete toto ignorovat, musíte zajistit, aby po kliknutí Ignorovat nebyla na svazek žádná další data zapsána dokud nebude odpojen. Pokud se vám to nepodaří, můžete tím nepříznivě ovlivnit důvěryhodnost skrytého svazku!</string>
    <string lang="cs" key="CANT_ACCESS_OUTER_VOL">Chyba: Nelze přistupovat na externí svazek! Vytváření svazku nelze dokončit.</string>
    <string lang="cs" key="CANT_MOUNT_OUTER_VOL">Chyba: Nemohu připojit externí svazek! Vytváření svazku nelze dokončit.</string>
    <string lang="cs" key="CANT_GET_CLUSTER_BITMAP">Chyba: Nelze získat bitmapu clusteru svazku! Vytváření svazku nelze dokončit.</string>
    <string lang="cs" key="ALPHABETICAL_CATEGORIZED">Abecedně/dle kategorií</string>
    <string lang="cs" key="MEAN_SPEED">Průměrná rychlost (sestupně)</string>
    <string lang="cs" key="ALGORITHM">Algoritmus</string>
    <string lang="cs" key="ENCRYPTION">Šifrování</string>
    <string lang="cs" key="DECRYPTION">Dešifrování</string>
    <string lang="cs" key="MEAN">Průměr</string>
    <string lang="cs" key="DRIVE">Disk</string>
    <string lang="cs" key="VOLUME">Oddíl</string>
    <string lang="cs" key="SIZE">Velikost</string>
    <string lang="cs" key="ENCRYPTION_ALGORITHM">Šifrovací algoritmus</string>
    <string lang="cs" key="ENCRYPTION_ALGORITHM_LV">Šifrovací algoritmus</string>
    <string lang="cs" key="TYPE">Typ</string>
    <string lang="cs" key="VALUE">Hodnota</string>
    <string lang="cs" key="PROPERTY">Vlastnost</string>
    <string lang="cs" key="LOCATION">Oblast</string>
    <string lang="cs" key="BYTES">bytů</string>
    <string lang="cs" key="HIDDEN">Skrytý</string>
    <string lang="cs" key="OUTER">Externí</string>
    <string lang="cs" key="NORMAL">Normální</string>
    <string lang="cs" key="READ_ONLY">Jen pro čtení</string>
    <string lang="cs" key="HIDDEN_VOLUME">Skrytý oddíl</string>
    <string lang="cs" key="HID_VOL_DAMAGE_PREVENTED">Ano (poškození zabráněno!)</string>
    <string lang="cs" key="NONE">Žádný</string>
    <string lang="cs" key="ACTIVE">Aktivní</string>
    <string lang="cs" key="KEY_SIZE">Velikost klíče</string>
    <string lang="cs" key="BITS">bitů</string>
    <string lang="cs" key="BLOCK_SIZE">Velikost bloku</string>
    <string lang="cs" key="MODE">Mód</string>
    <string lang="cs" key="PKCS5_PRF">PKCS-5 PRF</string>
    <string lang="cs" key="PKCS5_ITERATIONS">PKCS-5 počet iterací</string>
    <string lang="cs" key="VOLUME_CREATE_DATE">Oddíl byl vytvořen</string>
    <string lang="cs" key="VOLUME_HEADER_DATE">Hlavička byla naposledy změněna</string>
    <string lang="cs" key="VOLUME_HEADER_DAYS"> (před %I64d dny)</string>
    <string lang="cs" key="FIRST_AVAILABLE">První možné</string>
    <string lang="cs" key="REMOVABLE">Výměnný</string>
    <string lang="cs" key="HARDDISK">Hard disk</string>
    <string lang="cs" key="UNCHANGED">Nezměněný</string>
    <string lang="cs" key="AFTER_UPGRADE_RELEASE_NOTES">Chcete zobrazit poznámky k vydání aktuální (poslední stabilní) verze programu TrueCrypt?</string>
    <string lang="cs" key="AFTER_INSTALL_TUTORIAL">Pokud jste ještě nikdy nepoužívali TrueCrypt, doporučujeme Vám přečíst si kapitolu Příručka pro nové uživatele v Uživatelské příručce. Chcete si přečíst průvodce?</string>
    <string lang="cs" key="SELECT_INSTALL_DIR">Zvolte prosím instalační adresář</string>
    <string lang="cs" key="SETUP_ADMIN">K úspěšné instalaci/odinstalaci programu TrueCrypt musíte mít Administrátorská práva, chcete pokračovat?</string>
    <string lang="cs" key="INSTALL_FAILED">Instalace se nezdařila!</string>
    <string lang="cs" key="UNINSTALL_FAILED">Odinstalace se nezdařila!</string>
    <string lang="cs" key="ROLLBACK">Instalace byla vrácena zpět.</string>
    <string lang="cs" key="INSTALL_OK">TrueCrypt byl úspěšně nainstalován.</string>
    <string lang="cs" key="UNINSTALL_OK">TrueCrypt byl úspěšně odinstalován.\n\nKlikněte 'Dokončit' pro odstranění instalátoru TrueCrypt a složky %hs. Složka nebude odstraněna, pokud obsahuje jakékoliv soubory, které nebyly nainstalovány instalátorem nebo programem TrueCrypt.</string>
    <string lang="cs" key="REMOVING_REG">Odstraňuji záznamy v registrech o programu TrueCrypt</string>
    <string lang="cs" key="ADDING_REG">Přidávám záznamy do registru</string>
    <string lang="cs" key="REMOVING_APPDATA">Odstraňuji specifická data aplikace</string>
    <string lang="cs" key="INSTALLING">Instaluji</string>
    <string lang="cs" key="COPYING">Kopíruji</string>
    <string lang="cs" key="STOPPING">Pozastavuji</string>
    <string lang="cs" key="REMOVING">Odstraňuji</string>
    <string lang="cs" key="SERVICE">Služba</string>
    <string lang="cs" key="ADDING_ICON">Přidávám ikonu</string>
    <string lang="cs" key="CREATING_SYS_RESTORE">Vytvářím bod obnovení</string>
    <string lang="cs" key="FAILED_SYS_RESTORE">Bod obnovení se nepodařilo vytvořit!</string>
    <string lang="cs" key="SYS_RESTORE_CREATED">Bod obnovení vytvořen</string>
    <string lang="cs" key="INSTALL_OF_FAILED">Instalace '%hs' selhala. %hs Chcete pokračovat v instalaci?</string>
    <string lang="cs" key="UNINSTALL_OF_FAILED">Odinstalace '%hs' selhala. %hs Chcete pokračovat v odinstalaci?</string>
    <string lang="cs" key="INSTALL_COMPLETED">Instalace dokončena.</string>
    <string lang="cs" key="CANT_CREATE_FOLDER">Složka '%hs' nemohla být vytvořena</string>
    <string lang="cs" key="CLOSE_TC_FIRST">Ovladač zařízení TrueCrypt nemůže být odstraněn.\n\nZavřete prosím nejdříve všechny okna TrueCrypt. Pokud to nepomůže, restartujte prosím Windows a zkuste to znovu.</string>
    <string lang="en" key="DISMOUNT_ALL_FIRST">All TrueCrypt volumes must be dismounted before installing or uninstalling TrueCrypt.</string>
    <string lang="cs" key="REG_INSTALL_FAILED">Instalace záznamů do registru selhala</string>
    <string lang="cs" key="DRIVER_INSTALL_FAILED">Instalace ovladače zařízení selhala. Restartujte prosím Windows a zkuste poté nainstalovat TrueCrypt znovu.</string>
    <string lang="cs" key="STARTING_DRIVER">Startuji ovladač TrueCrypt zařízení</string>
    <string lang="cs" key="DRIVER_UINSTALL_FAILED">Odinstalace ovladače zařízení selhala</string>
    <string lang="cs" key="INSTALLING_DRIVER">Instaluji ovladač TrueCrypt zařízení</string>
    <string lang="cs" key="STOPPING_DRIVER">Zastavuji ovladač TrueCrypt zařízení</string>
    <string lang="cs" key="REMOVING_DRIVER">Odinstalovávám ovladač TrueCrypt zařízení</string>
    <string lang="cs" key="COM_REG_FAILED">Registrace podpůrné knihovny pro kontrolu uživatelského účtu selhala.</string>
    <string lang="cs" key="COM_DEREG_FAILED">Odregistrace podpůrné knihovny pro kontrolu uživatelského účtu selhala.</string>
    <string lang="cs" key="OUTER_VOL_WRITE_PREVENTED">Externí(!)</string>
    <string lang="cs" key="DAYS">dnů</string>
    <string lang="cs" key="HOURS">hodin</string>
    <string lang="cs" key="MINUTES">minut</string>
    <string lang="cs" key="SECONDS">s</string>
    <string lang="cs" key="OPEN">Otevřít</string>
    <string lang="cs" key="DISMOUNT">Odpojit</string>
    <string lang="cs" key="SHOW_TC">Zobrazit TrueCrypt</string>
    <string lang="cs" key="HIDE_TC">Skrýt TrueCrypt</string>
    <string lang="cs" key="TOTAL_DATA_READ">Přečteno dat od připojení</string>
    <string lang="cs" key="TOTAL_DATA_WRITTEN">Zapsáno dat od připojení</string>
    <string lang="cs" key="FAVORITE_VOLUMES_SAVED">Oblíbené oddíly byly uloženy.</string>
    <string lang="cs" key="ENTER_PASSWORD_FOR">Zadejte heslo pro %hs</string>
    <string lang="cs" key="KEYFILE_CREATED">Souborový klíč byl úspěšně vytvořen.</string>
    <string lang="cs" key="VOL_HEADER_BACKED_UP">Záloha hlavičky svazku byla úspěšně vytvořena.\n\nDŮLEŽITÉ: Obnovením hlavičky svazku s použitím této zálohy se také obnoví aktuální heslo pro svazek. Navíc, pokud je/jsou potřeba souborový klíč(e) pro připojení svazku, ten samý souborový klíč/e bude potřeba pro připojení svazku znovu až bude hlavička opět vytvořena.\n\nVAROVÁNÍ: Tato záloha hlavičky svazku může být použita k obnovení JEN tohoto svazku. Pokud použijete tuto zálohu hlavičky k obnovení hlavičky jiného svazku, budete moci svazek připojit, ale NEBUDETE schopni dešifrovat jakákoliv data uložená na svazku (protože změníte jeho hlavní klíč).</string>
    <string lang="cs" key="VOL_HEADER_RESTORED">Hlavička svazku byla úspěšně obnovena.\n\nDŮLEŽITÉ: Staré heslo mohlo být obnoveno také. Navíc, pokud byl v době zálohy potřeba k připojení svazku souborový klíč(e), stejný souborový klíč(e) bude nyní potřeba opětnému připojení svazku.</string>
    <string lang="cs" key="CONFIRM_VOL_HEADER_BAK">Opravdu chcete vytvořit zálohu hlavičky svazku pro %hs?\n\nJakmile kliknete Ano, budete požádání o jméno souboru pro zálohu hlavičky.\n\nPozn.: Standardní hlavička svazku i oblast, kde kde je uložena hlavička budou zazálohovány (zkopírovány do záložního souboru), i když neexistuje žádný skrytý svazek uvnitř tohoto svazku (pro uchování plausible deniability). V případě obnovení hlavičky svazku si budete moci vybrat, který chcete obnovit (např. standardní nebo skrytý).</string>
    <string lang="cs" key="CONFIRM_VOL_HEADER_RESTORE">Opravdu chcete obnovit hlavičku svazku pro %hs?\n\nUPOZORNĚNÍ: Obnovením hlavičky svazku obnovíte také jeho heslo, které bylo platné v době vytvoření zálohy. Pokud byl potřeba souborový klíč(e) k připojení svazku v době vytvoření zálohy, stejný souborový klíč(e) bude potřeba k opětovnému připojení svazku po obnovení hlavičky svazku.\n\nJakmile kliknete Ano, zvolte záložní soubor hlavičky.</string>
    <string lang="cs" key="HEADER_RESTORE_TYPE">Prosím vyberte typ TrueCrypt svazku, jehož hlavičku chcete obnovit:</string>
    <string lang="cs" key="RESTORE_NORMAL_VOLUME_HEADER">Obnovit hlavičku běžného svazku</string>
    <string lang="cs" key="RESTORE_HIDDEN_VOLUME_HEADER">Obnovit hlavičku skrytého svazku</string>
    <string lang="cs" key="CONFIRM_SAVE_FAVORITE_VOL">Uložit všechny momentálně připojené svazky a jejich písmena disků do Seznamu oblíbených svazků?\n\nPokud nejsou připojeny žádné svazky, Seznam oblíbených svazků  bude smazán.</string>
    <string lang="cs" key="DISMOUNT_FIRST">Před pokračováním odpojte prosím svazek.</string>
    <string lang="cs" key="IDPM_CHECK_FILESYS">Zkontrolovat systém souborů</string>
    <string lang="cs" key="IDPM_REPAIR_FILESYS">Opravit systém souborů</string>
    <string lang="cs" key="IDPM_PROPERTIES">V&amp;lastnosti</string>
    <string lang="cs" key="HIDDEN_VOL_PROTECTION">Skrytý svazek je chráněn</string>
    <string lang="cs" key="N_A_UISTR">Není k dispozici</string>
    <string lang="cs" key="UISTR_YES">Ano</string>
    <string lang="cs" key="UISTR_NO">Ne</string>
    <string lang="cs" key="MODE_OF_OPERATION">Operační mód</string>
    <string lang="cs" key="UNSUPPORTED_CHARS_IN_PWD">Chyba: Heslo musí obsahovat jen ASCII znaky.\n\nNe-ASCII znaky v hesle mohou způsobit nemožnost připojení svazku při změně vaší systémová konfigurace.\n\nPovoleny jsou následující znaky:\n\n  ! " # $ % &amp; ' ( ) * + , - . / 0 1 2 3 4  5 6 7 8 9 : ; &lt; = &gt; ? @ A B C D E F  G H I J K L M N O P Q R S T U V W X  Y Z [ \\ ] ^ _ ` a b c d e f g h i j k l m  n o p q r s t u v w k y z { | } ~</string>
    <string lang="cs" key="UNSUPPORTED_CHARS_IN_PWD_RECOM">Upozornění: Heslo obsahuje ne-ASCII znaky. Toto může způsobit nemožnost připojení svazku při změně vaší systémové konfigurace.\n\nMěli byste zaměnit všechny ne-ASCII znaky v hesle za ASCII znaky. To do so, click 'Volumes' -&gt; 'Change Volume Password'.\n\nToto jsou ASCII znaky:\n\n  ! " # $ % &amp; ' ( ) * + , - . / 0 1 2 3 4  5 6 7 8 9 : ; &lt; = &gt; ? @ A B C D E F  G H I J K L M N O P Q R S T U V W X  Y Z [ \\ ] ^ _ ` a b c d e f g h i j k l m  n o p q r s t u v w k y z { | } ~</string>
    <string lang="cs" key="EXE_FILE_EXTENSION_CONFIRM">VÝSTRAHA: Doporučujeme, abyste se vyhnuli spustitelným koncovkám souborů (např. .exe, .sys nebo .dll). Použití těkovýchto koncovek často způsobuje zasahování Windows a antivirových programů do souborového svazku, což něpříznivě ovlivňuje výkon svazku a může také způsobit další vážné problémy.\n\nPokračovat?</string>
    <string lang="cs" key="EXE_FILE_EXTENSION_MOUNT_WARNING">VÝSTRAHA: Tento souborový svazek má koncovku spustitelného souboru (např. .exe, .sys nebo .dll). Toto pravděpodobně způsobí zásah Windows a antivirových programů do souborového svazku, což nepříznivě ovlivní výkon svazku a může také způsobit další vážné problémy.\n\nDoporučujeme změnit nebo odstranit koncovku souborového svazku (po odpojení svazku).</string>
    <string lang="cs" key="HOMEPAGE">Domovská stránka</string>
    <string lang="cs" key="LARGE_IDE_WARNING_XP">UPOZORNĚNÍ: Zdá se, že jste nenainstalovali žádný Service Pack ve vaší instalaci Windows. Neměli byst zapisovat na IDE disky větší než 128 GB v systému Windows XP, ve kterém jste nenainstalovali Service Pack 1 nebo novější! Pokud tak učiníte, data na disku (bez ohledu na to, zda jde o svazek TrueCrypt nebo ne) se mohou poškodit. Toto je omezení Windows, ne chyba programu TrueCrypt.</string>
    <string lang="cs" key="LARGE_IDE_WARNING_2K">UPOZORNĚNÍ: Zdá se, že jste nenainstalovali Service Pack 3 nebo novější ve vaší instalaci Windows. Neměli byste zapisovat na disky větší než 128 GB v systému Windows 2000, ve kterém jste nenainstalovali Service Pack 3 nebo novější! Pokud tak učiníte, data na disku (bez ohledu na to, zda jde o svazek TrueCrypt nebo ne) se mohou poškodit. Toto je omezení Windows, ne chyba programu TrueCrypt.\n\nPozn.: Možná také bude potřeba zapnout podporu 48-bit LBA v registrech; pro více informací viz http://support.microsoft.com/kb/305098/EN-US</string>
    <string lang="en" key="LARGE_IDE_WARNING_2K_REGISTRY">WARNING: 48-bit LBA ATAPI support is disabled on your system. Therefore, you should not write to IDE disks larger than 128 GB! If you do, data on the disk (no matter if it is a TrueCrypt volume or not) may get corrupted. Note that this is a limitation of Windows, not a limitation of TrueCrypt.\n\nTo enable the 48-bit LBA support, add the 'EnableBigLba' registry value in the registry key HKEY_LOCAL_MACHINE\\SYSTEM\\CurrentControlSet\\Services\\atapi\\Parameters and set it to 1.\n\nFor more information, see http://support.microsoft.com/kb/305098</string>
    <string lang="cs" key="VOLUME_TOO_LARGE_FOR_FAT32">Chyba: Soubory větší než 4 GB nemohou být uloženy na souborových systémech FAT32. Proto nemohou být TrueCrypt souborové svazky uložené na systému souborů FAT32 větší než 4 GB.\n\nPokud potřebujete větší svazek, vytvořte ho na systému souborů NTFS nebo místo vytváření souborového svazku zašifrujte celý oddíl.</string>
    <string lang="cs" key="FREE_SPACE_FOR_WRITING_TO_OUTER_VOLUME">UPOZORNĚNÍ: Pokud budete chtít v budoucnu přidávat více dat/souborůa/files na externí svazek, měli byste zvážit zda nevybrat menší velikost skrytého svazku.\n\nJste si jisti, že chcete pokračovat se zadanou velikostí?</string>
    <string lang="cs" key="NO_VOLUME_SELECTED">Není vybrán žádný svazek.\n\nKlikněte 'Vybrat zařízení' nebo 'Vybrat soubor' pro výběr svazku TrueCrypt.</string>
    <string lang="cs" key="CONFIRM_SAVE_DEFAULT_KEYFILES">Jste si jisti, že chcete uložit vybrané cesty/souborové klíče jako předvolené?\n\nUPOZORNĚNÍ: Pokud jsou zadány a povoleny souborové klíče, svazky, které nepoužívají tyto souborové klíče nebude možné připojit. Nezapomeňte odkšrtnout políčko 'Použít souborové klíče' kdykoli budete připojova takovéto svazky.</string>
    <string lang="cs" key="HK_AUTOMOUNT_DEVICES">Autom. připojit zařízení</string>
    <string lang="cs" key="HK_DISMOUNT_ALL">Odpojit vše</string>
    <string lang="cs" key="HK_WIPE_CACHE">Vyčistit Cache</string>
    <string lang="cs" key="HK_FORCE_DISMOUNT_ALL_AND_WIPE">Vynutit odpojení všech  &amp;  Vyčistit mezipaměť</string>
    <string lang="cs" key="HK_FORCE_DISMOUNT_ALL_AND_WIPE_AND_EXIT">Vynutit odpojení všech,  Vyčistit mezipaměť  &amp;  Konec</string>
    <string lang="cs" key="HK_MOUNT_FAVORITE_VOLUMES">Připojit oblíbené oddíly</string>
    <string lang="cs" key="HK_SHOW_HIDE_MAIN_WINDOW">Zobrazit/skrýt hlavní okno programu TrueCrypt</string>
    <string lang="cs" key="PRESS_A_KEY_TO_ASSIGN">(Klikněte sem a stiskněte klávesu)</string>
    <string lang="cs" key="ACTION">Akce</string>
    <string lang="cs" key="SHORTCUT">Klávesová zkratka</string>
    <string lang="cs" key="CANNOT_USE_RESERVED_KEY">Chyba: Tato klávesová zkratka je rezervována. Vyberte prosím jinou klávesovou zkratku.</string>
    <string lang="cs" key="SHORTCUT_ALREADY_IN_USE">Chyba: Klávesová zkratka je již používána.</string>
    <string lang="cs" key="HOTKEY_REGISTRATION_ERROR">VÝSTRAHA: Jedna nebo více TrueCrypt systémových klávesových zkratek nebude fungovat!\n\nUjistěte se, že další aplikace a operační systém nepoužívají stejné klávesové zkratky jako TrueCrypt.</string>
    <string lang="en" key="MOUNTED_VOLUMES_DISMOUNTED">All mounted TrueCrypt volumes have been dismounted.</string>
    <string lang="en" key="MOUNTED_VOLUMES_AUTO_DISMOUNTED">All mounted TrueCrypt volumes have been auto-dismounted.\n\nNote: You can disable or configure auto-dismount in the 'Auto-Dismount' section of the Preferences window (select Settings -&gt; Preferences).</string>
    <string lang="cs" key="DISMOUNT_ALL_ATTEMPT_COMPLETED">Pokus o odpojení všech připojených svazků TrueCrypt byl dokončen.</string>
    <string lang="cs" key="VOLUMES_DISMOUNTED_CACHE_WIPED">Všechny připojené svazky TrueCrypt byly odpojeny a mezipaměť pro hesla byla vymazána.</string>
    <string lang="en" key="CONFIRM_TIMESTAMP_UPDATING">WARNING: If timestamps are not preserved, plausible deniability may be adversely affected!\n\nAre you sure you do not want container timestamps to be preserved?</string>
    <string lang="cs" key="CONFIRM_BACKGROUND_TASK_DISABLED">VÝSTRAHA: Pokud je zamezena funkce TrueCrypt spuštění úkolu na pozadí, následující funkce budou zamezeny kdykoliv ukončíte TrueCrypt:\n\n1) Zkratkové klávesy\n2) Auto-odpojení (např. při odpojení, nechtěné odpojení hostitelského zařízení, time-out, atd.)\n3) Hlášky (např. když je zamezeno poškození skrytého svazku)\n4) Ikona v Tray\n\nPozn.: Úkol na pozadí můžete kdykoliv vypnout kliknutím pravým tlačítkem myši na ikonu TrueCrypt a výběrem 'Ukončit'.\n\nJste si jisti, že chcete vypnout TrueCrypt úkol na pozadí?</string>
    <string lang="cs" key="CONFIRM_NO_FORCED_AUTODISMOUNT">UPOZORNĚNÍ: Pokud je tato volba vypnuta, svazky obsahující otevřené soubory/adresře nebude možné automaticky odpojit.\n\nJste si jisti, že chcete tuto volbu vypnout?</string>
    <string lang="cs" key="WARN_PREF_AUTO_DISMOUNT">UPOZORNĚNÍ: Svazky obsahující otevřené soubory/adresáře NEBUDOU automaticky odpojeny.\n\nAbyste tomu zabránili, povolte následující volbu v tomto dialogovém okně: 'Vynutit automatické odpojení, i když svazek obsahuje otevřené soubory nebo adresáře'</string>
    <string lang="cs" key="CONFIRM_EXIT">VÝSTRAHA: Pokud ukončíte TrueCrypt nyní, následující funkce budou zamezeny:\n\n1) Zkratkové klávesy\n2) Auto-odpojení (např. při odpojení, nechtěné odpojení hostitelského zařízení, time-out, atd.)\n3) Hlášky (např. když je zamezeno poškození skrytého svazku)\n\nPozn.: Pokud nechcete, aby TrueCrypt dále běžel na pozadí poté, co zavřete toto okno, zamezte funkci spuštění úkolu na pozadí v Předvolbách.\n\nOpravdu chcete TrueCrypt ukončit?</string>
    <string lang="cs" key="HIDVOL_PROT_BKG_TASK_WARNING">UPOZORNĚNÍ: TrueCrypt možnost úkolu na pozadí je vypnuta. Po ukončení programu TrueCrypt zda je zabráněno poškození skrytého svazku.\n\nPozn.: Úkol na pozadí můžete kdykoliv zavřít kliknutím pravého tlačítka myši na ikonu proramu TrueCrypt v pravém dolním rohu a vyberte 'Konec'.\n\nPovolit TrueCrypt úkol na pozadí?</string>
    <string lang="cs" key="LANG_PACK_VERSION">Verze jazykového balíčku:  %s</string>
    <string lang="cs" key="CHECKING_FS">Kontroluji systém souboruů na svazku TrueCrypt připojeného jako %hs...</string>
    <string lang="cs" key="REPAIRING_FS">Pokouším se opravit souborový systém na svazku TrueCrypt připojeném jako %hs...</string>
    <string lang="en" key="WARN_64_BIT_BLOCK_CIPHER">Warning: This volume is encrypted with a legacy encryption algorithm.\n\nAll 64-bit-block encryption algorithms (e.g., Blowfish, CAST-128, or Triple DES) are deprecated. It will be possible to mount this volume using future versions of TrueCrypt. However, there will be no further enhancements to the implementations of these legacy encryption algorithms. We recommend that you create a new TrueCrypt volume encrypted with a 128-bit-block encryption algorithm (e.g., AES, Serpent, Twofish, etc.) and that you move all files from this volume to the new volume.</string>
    <string lang="cs" key="SYS_AUTOMOUNT_DISABLED">Váš systém není nakonfigurován k autom. připojení nových svazků. Může se stát, že svazky TrueCrypt umístěné na zařízeních nebude možné připojit. Autom. připojení může být povoleno spuštěním následujícího příkazu a restartování systému.\n\nmountvol.exe /E</string>
    <string lang="cs" key="SYS_ASSIGN_DRIVE_LETTER">Přiřaďte prosím písmeno jednotky oddílu/zařízení než budete pokračovat ('Ovládací panely' &gt; 'Systém a údržba' &gt; 'Administrativní nástroje' - 'Vytvořit a formátovar oddíly pevného disku').\n\nToto je požadavek operačního systému.</string>
    <string lang="cs" key="MOUNT_TC_VOLUME">Připojit svazek TrueCrypt</string>
    <string lang="cs" key="DISMOUNT_ALL_TC_VOLUMES">Odpojit všechny svazky TrueCrypt</string>
    <string lang="cs" key="UAC_INIT_ERROR">TrueCrypt nemohl získat Administrátorská práva.</string>
    <string lang="cs" key="ERR_ACCESS_DENIED">Přístup byl odepřen operačním systémem.\n\nMožná příčina: Operační systém vyžaduje, abyste měli práva pro čtení/zápis (nebo administrátorská oprávnění) pro určité složky, soubory a zařízení, abyste mohli číst a zapisovat data do/z nich. Uživatel bez administrátorských oprávnění může běžně vytvářet, číst a měnit soubory ve své složce s dokumenty.</string>
    <string lang="en" key="LARGE_SECTOR_UNSUPPORTED">Error: The selected device uses a sector size other than 512 bytes.\n\nIt is currently not possible to create device-hosted volumes on devices that use a sector size other than 512 bytes. However, note that you can create a file-hosted volume (container) on this device.</string>
    <string lang="cs" key="KEYFILE">Souborový klíč</string>
    <string lang="cs" key="VOLUME_LABEL">Název</string>
    <string lang="cs" key="VKEY_08">Backspace</string>
    <string lang="cs" key="VKEY_09">Tab</string>
    <string lang="cs" key="VKEY_0C">Clear</string>
    <string lang="cs" key="VKEY_0D">Enter</string>
    <string lang="cs" key="VKEY_13">Pauza</string>
    <string lang="cs" key="VKEY_14">Caps Lock</string>
    <string lang="cs" key="VKEY_20">Mezernk</string>
    <string lang="cs" key="VKEY_21">Page Up</string>
    <string lang="cs" key="VKEY_22">Page Down</string>
    <string lang="cs" key="VKEY_23">End</string>
    <string lang="cs" key="VKEY_24">Home</string>
    <string lang="cs" key="VKEY_25">Šipka vlevo</string>
    <string lang="cs" key="VKEY_26">Šipka nahoru</string>
    <string lang="cs" key="VKEY_27">Šipka doprava</string>
    <string lang="cs" key="VKEY_28">Šipka dolů</string>
    <string lang="cs" key="VKEY_29">Vybrat</string>
    <string lang="cs" key="VKEY_2A">Klávesa pro tisk</string>
    <string lang="cs" key="VKEY_2B">Klávesa spustit</string>
    <string lang="cs" key="VKEY_2C">Print Screen</string>
    <string lang="cs" key="VKEY_2D">Insert</string>
    <string lang="cs" key="VKEY_2E">Delete</string>
    <string lang="cs" key="VKEY_5D">Aplikační klávesa</string>
    <string lang="cs" key="VKEY_5F">Uspat počítač</string>
    <string lang="cs" key="VKEY_90">Num Lock</string>
    <string lang="cs" key="VKEY_91">Scroll Lock</string>
    <string lang="cs" key="VKEY_A6">Prohlížeč - zpět</string>
    <string lang="cs" key="VKEY_A7">Prohlížeč - vpřed</string>
    <string lang="cs" key="VKEY_A8">Prohlížeč - obnovit</string>
    <string lang="cs" key="VKEY_A9">Prohlížeč - stop</string>
    <string lang="cs" key="VKEY_AA">Prohlížeč - hledat</string>
    <string lang="cs" key="VKEY_AB">Prohlížeč - oblíbené</string>
    <string lang="cs" key="VKEY_AC">Domovská stránka prohlížeče</string>
    <string lang="cs" key="VKEY_AD">Vypnout zvuk</string>
    <string lang="cs" key="VKEY_AE">Snížit hlasitost</string>
    <string lang="cs" key="VKEY_AF">Zvýšit hlasitost</string>
    <string lang="cs" key="VKEY_B0">Další stopa</string>
    <string lang="cs" key="VKEY_B1">Předchozí stopa</string>
    <string lang="cs" key="VKEY_B2">Stop</string>
    <string lang="cs" key="VKEY_B3">Hrát/Pauza</string>
    <string lang="cs" key="VKEY_B4">Emailový prohlížeč</string>
    <string lang="cs" key="VKEY_B5">Klávesa pro výběr média</string>
    <string lang="cs" key="VKEY_B6">Aplikace 1</string>
    <string lang="cs" key="VKEY_B7">Aplikace 2</string>
    <string lang="cs" key="VKEY_F6">Attn</string>
    <string lang="cs" key="VKEY_F7">CrSel</string>
    <string lang="cs" key="VKEY_F8">ExSel</string>
    <string lang="cs" key="VKEY_FA">Přehrát</string>
    <string lang="cs" key="VKEY_FB">Zvětšit</string>
    <string lang="cs" key="VK_NUMPAD">NumPad</string>
    <string lang="cs" key="VK_SHIFT">Shift</string>
    <string lang="cs" key="VK_CONTROL">Control</string>
    <string lang="cs" key="VK_ALT">Alt</string>
    <string lang="cs" key="VK_WIN">Win</string>
    <string lang="cs" key="BYTE">B</string>
    <string lang="cs" key="KB">KB</string>
    <string lang="cs" key="MB">MB</string>
    <string lang="cs" key="GB">GB</string>
    <string lang="cs" key="TB">TB</string>
    <string lang="cs" key="PB">PB</string>
    <string lang="cs" key="B_PER_SEC">B/s</string>
    <string lang="cs" key="KB_PER_SEC">KB/s</string>
    <string lang="cs" key="MB_PER_SEC">MB/s</string>
    <string lang="cs" key="GB_PER_SEC">GB/s</string>
    <string lang="cs" key="TB_PER_SEC">TB/s</string>
    <string lang="cs" key="PB_PER_SEC">PB/s</string>
  </localization>
</TrueCrypt>
