﻿<?xml version="1.0" encoding="utf-8"?>
<TrueCrypt>
  <localization prog-version="4.3a">
    <!-- Languages -->
    <language langid="es" name="Español" en-name="Spanish" version="0.1.0" translators=" Mario Gilberto López Avila, José David Ruiz Gallardo, Francisco Roca Martinez " />
    <!-- Fonts -->
    <font lang="es" class="normal" size="11" face="default" />
    <font lang="es" class="bold" size="13" face="Arial" />
    <font lang="es" class="fixed" size="12" face="Lucida Console" />
    <font lang="es" class="title" size="21" face="Times New Roman" />
    <!-- Controls -->
    <control lang="es" key="IDCANCEL">Cancelar</control>
    <control lang="es" key="IDC_ALL_USERS">Instalar para todos los usuarios</control>
    <control lang="es" key="IDC_BROWSE">&amp;Explorar...</control>
    <control lang="es" key="IDC_DESKTOP_ICON">Añadir icono de TrueCrypt al e&amp;scritorio</control>
    <control lang="es" key="IDC_FILE_TYPE">Asociar la &amp;extensión de archivo '.tc' con TrueCrypt</control>
    <control lang="es" key="IDC_INSTALL">&amp;Instalar</control>
    <control lang="es" key="IDC_PROG_GROUP">Añadir TrueCrypt al Menú &amp;Inicio</control>
    <control lang="es" key="IDC_SYSTEM_RESTORE">Crear Punto de &amp;Restauración de Sistema</control>
    <control lang="es" key="IDC_UNINSTALL">&amp;Desinstalar</control>
    <control lang="es" key="IDD_INSTALL">Instalación de TrueCrypt</control>
    <control lang="es" key="IDD_UNINSTALL">Desinstalación de TrueCrypt</control>
    <control lang="es" key="IDT_INSTALL_DIR">Instalar &amp;en:</control>
    <control lang="es" key="IDT_INSTALL_OPTIONS">Opciones de Instalación</control>
    <control lang="es" key="IDT_UNINSTALL_DIR">Desinstalar TrueCrypt &amp;de:</control>
    <control lang="es" key="IDC_ABORT_BUTTON">Abortar</control>
    <control lang="es" key="IDC_CIPHER_TEST">&amp;Probar</control>
    <control lang="es" key="IDC_HIDDEN_VOL">Crear un volumen TrueCrypt &amp;oculto </control>
    <control lang="es" key="IDC_HIDDEN_VOL_HELP">¿Qué es un volumen oculto?</control>
    <control lang="es" key="IDC_HIDVOL_WIZ_MODE_DIRECT">Crear volumen &amp;oculto dentro de un volumen TrueCrypt existente</control>
    <control lang="es" key="IDC_HIDVOL_WIZ_MODE_FULL">Crear volumen TrueCrypt y despues un volumen oculto en su interior</control>
    <control lang="es" key="IDC_KB">&amp;KB</control>
    <control lang="es" key="IDC_KEYFILES_ENABLE">U&amp;se archivo llave</control>
    <control lang="es" key="IDC_KEY_FILES">A&amp;rch.llave..</control>
    <control lang="en" key="IDC_LINK_HASH_INFO">Information on hash algorithms</control>
    <control lang="en" key="IDC_LINK_MORE_INFO_ABOUT_CIPHER">More information</control>
    <control lang="es" key="IDC_MB">&amp;MB</control>
    <control lang="es" key="IDC_NO_HISTORY">Nunca &amp;guardar historial</control>
    <control lang="es" key="IDC_OPEN_OUTER_VOLUME">Abrir Volumen Exterior</control>
    <control lang="es" key="IDC_QUICKFORMAT">Formato Rápido</control>
    <control lang="es" key="IDC_SELECT_DEVICE">Selecc. &amp;Dispositivo</control>
    <control lang="es" key="IDC_SELECT_FILE">Selecc. &amp;Archivo...</control>
    <control lang="es" key="IDC_SHOW_PASSWORD">&amp; Mostrar contraseña </control>
    <control lang="es" key="IDC_SHOW_PASSWORD_HIDVOL_HOST">&amp;Mostrar contraseña</control>
    <control lang="es" key="IDC_STD_VOL">Crear un volumen TrueCrypt normal</control>
    <control lang="es" key="IDC_WIZ_BENCHMARK">&amp;Comparación</control>
    <control lang="es" key="IDD_MKFS_DLG">Asistente para la Creación de un Volumen TrueCrypt</control>
    <control lang="es" key="IDHELP">&amp;Ayuda</control>
    <control lang="es" key="IDT_CLUSTER">Cluster </control>
    <control lang="es" key="IDT_CONFIRM">&amp;Confirmar:</control>
    <control lang="es" key="IDT_DONE">Hecho </control>
    <control lang="es" key="IDT_ENCRYPTION_ALGO">Algoritmo de Encripción</control>
    <control lang="es" key="IDT_FILESYSTEM">Sistema de archivos. </control>
    <control lang="es" key="IDT_FORMAT_OPTIONS">Opciones</control>
    <control lang="es" key="IDT_HASH_ALGO">Algoritmo Hash</control>
    <control lang="es" key="IDT_HEADER_KEY">Llave Maestra: </control>
    <control lang="es" key="IDT_LEFT">Quedan </control>
    <control lang="es" key="IDT_MASTER_KEY">Llave Maestra: </control>
    <control lang="es" key="IDT_PASSWORD">Contraseña:</control>
    <control lang="es" key="IDT_RANDOM_POOL">Pool Aleatorio: </control>
    <control lang="es" key="IDT_SPEED">Velocidad </control>
    <control lang="es" key="IDCLOSE">Cerrar</control>
    <control lang="es" key="IDC_AUTORUN_DISABLE">No hacer nada</control>
    <control lang="es" key="IDC_AUTORUN_MOUNT">&amp;Auto-montar volumen TrueCrypt (especificado debajo)</control>
    <control lang="es" key="IDC_AUTORUN_START">&amp;Iniciar TrueCrypt</control>
    <control lang="es" key="IDC_BROWSE_DIRS">Explorar...</control>
    <control lang="es" key="IDC_BROWSE_FILES">Explorar...</control>
    <control lang="es" key="IDC_CACHE">Caché contraseña y arch.-llave en memoria</control>
    <control lang="es" key="IDC_CLOSE_BKG_TASK_WHEN_NOVOL">Cerrar cuando no haya vols. montados</control>
    <control lang="es" key="IDC_COPY_WIZARD">Incluir el Asistente de Creación de Volumen</control>
    <control lang="es" key="IDC_CREATE">Crear</control>
    <control lang="es" key="IDC_CREATE_VOLUME">&amp;Crear Volumen</control>
    <control lang="es" key="IDC_DISMOUNT_CONFIRM_MSG_BOX">Mostrar mensaje de confirmación después de desmontar</control>
    <control lang="es" key="IDC_DISMOUNT_CONFIRM_PLAY_SOUND">Reproducir sonido de notificación del sistema después de montar/desmontar</control>
    <control lang="es" key="IDC_ENABLE_KEYFILES">Usar Archivo Llave</control>
    <control lang="es" key="IDC_ENABLE_NEW_KEYFILES">Usar Archivo Llave</control>
    <control lang="es" key="IDC_EXIT">&amp;Salir</control>
    <control lang="es" key="IDC_HK_MOD_ALT">Alt</control>
    <control lang="es" key="IDC_HK_MOD_CTRL">Control</control>
    <control lang="es" key="IDC_HK_MOD_SHIFT">Mayus.</control>
    <control lang="es" key="IDC_HK_MOD_WIN">Win</control>
    <control lang="es" key="IDC_HOTKEY_ASSIGN">Asignar</control>
    <control lang="es" key="IDC_HOTKEY_REMOVE">Eliminar</control>
    <control lang="es" key="IDC_KEYFILES">Archivos Llave...</control>
    <control lang="es" key="IDC_MOUNTALL">&amp;Auto-Montar Unidades</control>
    <control lang="es" key="IDC_MOUNT_OPTIONS">Opciones Montaje</control>
    <control lang="es" key="IDC_MOUNT_READONLY">Montar volumen como sól&amp;o-lectura</control>
    <control lang="es" key="IDC_NEW_KEYFILES">Archivos Llave...</control>
    <control lang="es" key="IDC_PREFS_HOTKEY_SETTINGS">Ajuste de Teclas Dir.</control>
    <control lang="es" key="IDC_PREFS_KEYFILE_SETTINGS">Arch.-llave Pred.</control>
    <control lang="es" key="IDC_PREF_BKG_TASK_ENABLE">Activado</control>
    <control lang="es" key="IDC_PREF_CACHE_PASSWORDS">Memorizar contraseñas en caché</control>
    <control lang="es" key="IDC_PREF_CLOSE_DISMOUNTED_WINDOWS">Cerrar todas las ventanas del volumen que va ser desmontado</control>
    <control lang="es" key="IDC_PREF_DISMOUNT_INACTIVE">Auto-desmontar volumen cuando no se lean/escriban datos en él.</control>
    <control lang="es" key="IDC_PREF_DISMOUNT_LOGOFF">Usuario cierra sesión</control>
    <control lang="es" key="IDC_PREF_DISMOUNT_POWERSAVING">Se entra en "ahorro de energía"</control>
    <control lang="es" key="IDC_PREF_DISMOUNT_SCREENSAVER">Se activa el protector de pantalla</control>
    <control lang="es" key="IDC_PREF_FORCE_AUTO_DISMOUNT">Forzar auto-desmontaje aunque el volumen tenga archivos abiertos</control>
    <control lang="es" key="IDC_PREF_LOGON_MOUNT_DEVICES">Montar todos volúmenes dispositivos y/o contenedores TrueCrypt</control>
    <control lang="es" key="IDC_PREF_LOGON_MOUNT_FAVORITES">Montar volúmenes favoritos</control>
    <control lang="es" key="IDC_PREF_LOGON_START">Iniciar TrueCrypt</control>
    <control lang="es" key="IDC_PREF_MOUNT_READONLY">Montar volúmenes como sólo-lectura</control>
    <control lang="es" key="IDC_PREF_MOUNT_REMOVABLE">Montar volúmenes como medios extraíbles</control>
    <control lang="es" key="IDC_PREF_OPEN_EXPLORER">Abrir ventana de Explorador para volumen correctamente montado</control>
    <control lang="es" key="IDC_PREF_WIPE_CACHE_ON_AUTODISMOUNT">Cuando se auto-desmonte eliminar contraseñas memorizadas</control>
    <control lang="es" key="IDC_PREF_WIPE_CACHE_ON_EXIT">Al salir eliminar contraseñas memorizadas</control>
    <control lang="en" key="IDC_PRESERVE_TIMESTAMPS">Preserve timestamps of file containers</control>
    <control lang="es" key="IDC_RESET_HOTKEYS">Reset</control>
    <control lang="es" key="IDC_SHOW_PASSWORD_CHPWD_NEW">Mostrar contraseña</control>
    <control lang="es" key="IDC_SHOW_PASSWORD_CHPWD_ORI">Mostrar contraseña</control>
    <control lang="es" key="IDC_TRAVEL_OPEN_EXPLORER">Abrir ventana de &amp;Explorador para volumen montado</control>
    <control lang="es" key="IDC_TRAV_CACHE_PASSWORDS">Memorizar &amp;contraseña en caché</control>
    <control lang="es" key="IDC_UNMOUNTALL">De&amp;smontar Todo</control>
    <control lang="es" key="IDC_VOLUME_PROPERTIES">Propiedades de &amp; Volumen</control>
    <control lang="es" key="IDC_VOLUME_TOOLS">&amp;Herramientas de volumen</control>
    <control lang="es" key="IDC_WIPE_CACHE">&amp;Borrar Caché</control>
    <control lang="es" key="IDD_HOTKEYS_DLG">TrueCrypt - Accesos rápidos Por todo el sistema</control>
    <control lang="es" key="IDD_MOUNT_DLG">TrueCrypt</control>
    <control lang="es" key="IDD_PASSWORDCHANGE_DLG">Cambiar Contraseña y Archivos-llave de Volumen</control>
    <control lang="es" key="IDD_PASSWORD_DLG">Introducir Contraseña de Volumen TrueCrypt</control>
    <control lang="es" key="IDD_PREFERENCES_DLG">TrueCrypt - Preferencias</control>
    <control lang="es" key="IDD_TRAVELLER_DLG">Creación de Disco de Viaje TrueCrypt</control>
    <control lang="es" key="IDD_VOLUME_PROPERTIES">Propiedades Volumen TrueCrypt</control>
    <control lang="es" key="IDM_ABOUT">Acerca de...</control>
    <control lang="es" key="IDM_ADD_REMOVE_VOL_KEYFILES">Añadir/Eliminar Archivos-llave a/de Volumen...</control>
    <control lang="es" key="IDM_BACKUP_VOL_HEADER">Copia de Seguridad de Cabecera de Volumen...</control>
    <control lang="es" key="IDM_BENCHMARK">Comparación...</control>
    <control lang="es" key="IDM_BUGREPORT">Informar de un fallo (bug)...</control>
    <control lang="es" key="IDM_CHANGE_HEADER_KEY_DERIV_ALGO">Seleccionar Algoritmo de derivación de llave de encabezado...</control>
    <control lang="es" key="IDM_CHANGE_PASSWORD">Cambiar Contraseña de Volumen...</control>
    <control lang="es" key="IDM_CLEAR_HISTORY">Borrar Historial de Volúmenes</control>
    <control lang="es" key="IDM_CONTACT">Contacto...</control>
    <control lang="es" key="IDM_CREATE_VOLUME">Crear Nuevo Volumen...</control>
    <control lang="es" key="IDM_DEFAULT_KEYFILES">Archivos-llave Predefinidos...</control>
    <control lang="en" key="IDM_DONATIONS">Donations...</control>
    <control lang="es" key="IDM_EXIT">Salir</control>
    <control lang="es" key="IDM_FAQ">Preguntas Frecuentes</control>
    <control lang="es" key="IDM_FORUMS">Foros</control>
    <control lang="es" key="IDM_GENERATE_KEYFILE">Generar Archivo-llave Aleatorio...</control>
    <control lang="es" key="IDM_HELP">Guia del Usuario</control>
    <control lang="es" key="IDM_HOMEPAGE">Página &amp;Web </control>
    <control lang="es" key="IDM_HOTKEY_SETTINGS">Teclas de Acceso Directo...</control>
    <control lang="es" key="IDM_KEYFILE_GENERATOR">Generador de Archivo-llave</control>
    <control lang="es" key="IDM_LANGUAGE">Idioma...</control>
    <control lang="es" key="IDM_LICENSE">Información Legal</control>
    <control lang="es" key="IDM_MOUNTALL">Auto-Montar todos los volúmenes/dispositivos-alojados</control>
    <control lang="es" key="IDM_MOUNT_FAVORITE_VOLUMES">Montar Volúmenes Favoritos</control>
    <control lang="es" key="IDM_MOUNT_VOLUME">Montar Volumen</control>
    <control lang="es" key="IDM_MOUNT_VOLUME_OPTIONS">Montar Volumen con Opciones</control>
    <control lang="es" key="IDM_NEWS">Noticias</control>
    <control lang="es" key="IDM_ONLINE_HELP">Ayuda en linea</control>
    <control lang="es" key="IDM_ONLINE_TUTORIAL">Tutorial del principiante</control>
    <control lang="es" key="IDM_PREFERENCES">Preferencias...</control>
    <control lang="es" key="IDM_REFRESH_DRIVE_LETTERS">Actualizar Letras de Unidad</control>
    <control lang="es" key="IDM_REMOVE_ALL_KEYFILES_FROM_VOL">Eliminar Todos los Archivos-llave de un Volumen...</control>
    <control lang="es" key="IDM_RESTORE_VOL_HEADER">Restaurar Cabecera de Volumen...</control>
    <control lang="es" key="IDM_SAVE_FAVORITE_VOLUMES">Guardar Volúmenes Actualmente Montados como Favoritos</control>
    <control lang="es" key="IDM_SELECT_DEVICE">Seleccionar Dispositivo...</control>
    <control lang="es" key="IDM_SELECT_FILE">Seleccionar Archivo...</control>
    <control lang="es" key="IDM_SET_DEFAULT_KEYFILES">Ajustar Archivos-llave/Rutas Predeterminados...</control>
    <control lang="es" key="IDM_TC_DOWNLOADS">Descargas</control>
    <control lang="es" key="IDM_TEST_VECTORS">Test Vectores...</control>
    <control lang="es" key="IDM_TRAVELLER">Crear Disco de Viaje...</control>
    <control lang="es" key="IDM_UNMOUNTALL">Desmontar Todos los Volúmenes Montados</control>
    <control lang="es" key="IDM_UNMOUNT_VOLUME">Desmontar Volumen</control>
    <control lang="es" key="IDM_VERSION_HISTORY">Historial de Versiones</control>
    <control lang="es" key="IDM_VOLUME_PROPERTIES">Propiedades de Volumen</control>
    <control lang="es" key="IDM_VOLUME_WIZARD">Asistente de Creación de Volumen</control>
    <control lang="es" key="IDM_WEBSITE">Sitio Web de TrueCrypt</control>
    <control lang="es" key="IDM_WIPE_CACHE">Borrar Caché de Contraseñas Memorizadas</control>
    <control lang="es" key="IDOK">Aceptar</control>
    <control lang="es" key="IDT_ASSIGN_HOTKEY">Acceso Directo</control>
    <control lang="es" key="IDT_AUTORUN">Configuración de Autoarranque (autorun.inf)</control>
    <control lang="es" key="IDT_AUTO_DISMOUNT">Auto-Desmontaje</control>
    <control lang="es" key="IDT_AUTO_DISMOUNT_ON">Desmontar Todo Cuando:</control>
    <control lang="es" key="IDT_CONFIRM_PASSWORD">Confirmar Contraseña:</control>
    <control lang="es" key="IDT_CURRENT">Actual</control>
    <control lang="es" key="IDT_DEFAULT_MOUNT_OPTIONS">Opciones de Montaje Predeterminadas</control>
    <control lang="es" key="IDT_DISMOUNT_ACTION">Opciones de Teclas Directas</control>
    <control lang="es" key="IDT_FILE_SETTINGS">Opciones de Archivo</control>
    <control lang="es" key="IDT_HOTKEY_KEY">Tecla a asignar:</control>
    <control lang="es" key="IDT_LOGON">Acciones a realizar al iniciar sesión en Windows</control>
    <control lang="es" key="IDT_MINUTES">minutos</control>
    <control lang="es" key="IDT_MOUNT_LETTER">Montar volumen en letra de unidad:</control>
    <control lang="es" key="IDT_MOUNT_SETTINGS">Ajustes de Montaje</control>
    <control lang="es" key="IDT_NEW">Nueva</control>
    <control lang="es" key="IDT_NEW_PASSWORD">Contraseña:</control>
    <control lang="es" key="IDT_PKCS5_PRF">PKCS-5 PRF:</control>
    <control lang="es" key="IDT_PW_CACHE_OPTIONS">Caché de Contraseñas</control>
    <control lang="es" key="IDT_TASKBAR_ICON">Aplicación TrueCrypt en Segundo Plano</control>
    <control lang="es" key="IDT_TRAVELLER_MOUNT">Volumen TrueCrypt a montar (relativo a la raíz del disco de viaje):</control>
    <control lang="es" key="IDT_TRAVEL_INSERTION">Al introducir el disco de viaje: </control>
    <control lang="es" key="IDT_TRAVEL_ROOT">Crear archivos del disco de viaje en (directorio raíz del disco de viaje):</control>
    <control lang="es" key="IDT_VOLUME">Volumen</control>
    <control lang="es" key="IDT_WINDOWS_RELATED_SETTING">Windows</control>
    <control lang="es" key="IDC_ADD_KEYFILE_PATH">Add &amp;Path...</control>
    <control lang="es" key="IDC_AUTO">&amp;Auto-Probar Todo</control>
    <control lang="es" key="IDC_DECRYPT">&amp;Desencriptar</control>
    <control lang="es" key="IDC_DISPLAY_POOL_CONTENTS">Desplegar el contenido del pool</control>
    <control lang="en" key="IDC_DONATIONS">Donations...</control>
    <control lang="es" key="IDC_ENCRYPT">&amp;Encriptar</control>
    <control lang="es" key="IDC_GENERATE_AND_SAVE_KEYFILE">Generar y Guardar Archivo-llave...</control>
    <control lang="es" key="IDC_GENERATE_KEYFILE">&amp;Generar archivo llave aleatorio...</control>
    <control lang="es" key="IDC_GET_LANG_PACKS">Descargar paquete de idioma</control>
    <control lang="es" key="IDC_KEYADD">Añadir archi&amp;vo...</control>
    <control lang="es" key="IDC_KEYFILES_ENABLE_HIDVOL_PROT">Usar Archivos-llave</control>
    <control lang="es" key="IDC_KEYFILES_HIDVOL_PROT">&amp;Archivos-llave...</control>
    <control lang="es" key="IDC_KEYREMOVE">&amp;Remover</control>
    <control lang="es" key="IDC_KEYREMOVEALL">Remover &amp;todo</control>
    <control lang="en" key="IDC_LINK_HIDVOL_PROTECTION_INFO">What is hidden volume protection?</control>
    <control lang="en" key="IDC_LINK_KEYFILES_INFO">What is a keyfile?</control>
    <control lang="es" key="IDC_LRW_INDEX_LSB">Primero el bit menos significativo</control>
    <control lang="es" key="IDC_LRW_MODE_ENABLED">Modo LRW</control>
    <control lang="es" key="IDC_MOUNT_REMOVABLE">Montar volumen como unidad &amp;extraíble</control>
    <control lang="es" key="IDC_PERFORM_BENCHMARK">Comparación</control>
    <control lang="es" key="IDC_PROTECT_HIDDEN_VOL">&amp;Proteger volumen oculto contra daños por escritura en el volumen exterior</control>
    <control lang="es" key="IDC_RESET">&amp;Resetear</control>
    <control lang="es" key="IDC_SHOW_PASSWORD_MO">Mostrar Contraseña</control>
    <control lang="es" key="IDD_ABOUT_DLG">Acerca de TrueCrypt</control>
    <control lang="es" key="IDD_BENCHMARK_DLG">TrueCrypt - Comparación del algoritmo de encripción</control>
    <control lang="es" key="IDD_CIPHER_TEST_DLG">TrueCrypt - Probar Vectores</control>
    <control lang="es" key="IDD_COMMANDHELP_DLG">Ayuda sobre línea de comandos</control>
    <control lang="es" key="IDD_KEYFILES">TrueCrypt - Archivos-llave</control>
    <control lang="es" key="IDD_KEYFILE_GENERATOR">TrueCrypt - Generador de Archivos-llave</control>
    <control lang="es" key="IDD_LANGUAGE">TrueCrypt - Idioma</control>
    <control lang="es" key="IDD_LEGAL_NOTICES_DLG">TrueCrypt - Información Legal</control>
    <control lang="es" key="IDD_MOUNT_OPTIONS">TrueCrypt - Opciones de Montaje</control>
    <control lang="es" key="IDD_RAWDEVICES_DLG">Seleccionar Partición o Dispositivo</control>
    <control lang="es" key="IDT_ACTIVE_LANG_PACK">Paquete de idioma activo</control>
    <control lang="es" key="IDT_BOX_BENCHMARK_INFO">La velocidad se ve afectada por la carga de la CPU y las características del dispositivo de almacenamiento.\n\nÉstas pruebas tienen lugar en RAM.</control>
    <control lang="es" key="IDT_BUFFER_SIZE">Tamaño de Buffer:</control>
    <control lang="es" key="IDT_CIPHER">Encriptor:</control>
    <control lang="es" key="IDT_HIDDEN_PROT_PASSWD">Contr&amp;aseña volumen oculto:\n(si vacío, se usará caché)</control>
    <control lang="es" key="IDT_HIDDEN_VOL_PROTECTION">Protección de Volumen Oculto</control>
    <control lang="es" key="IDT_KEY">Tamaño de la Llave:</control>
    <control lang="es" key="IDT_KEYFILE_GENERATOR_NOTE">Mueva el ratón aleatoriamente dentro de esta ventana. Cuanto más mueva el ratón mejor.</control>
    <control lang="en" key="IDT_KEYFILE_WARNING">WARNING: If you lose a keyfile or if any bit of its first 1024 kilobytes changes, it will be impossible to mount volumes that use the keyfile!</control>
    <control lang="es" key="IDT_KEY_UNIT">bits</control>
    <control lang="es" key="IDT_LANGPACK_AUTHORS">Traducido por:</control>
    <control lang="es" key="IDT_LRW_BLOCK_INDEX">Índice de bloque (hexadecimal)</control>
    <control lang="es" key="IDT_LRW_KEY">Llave Secundaria (hexadecimal)</control>
    <control lang="es" key="IDT_LRW_MODE">Modo LRW</control>
    <control lang="es" key="IDT_PLAINTEXT">Tamaño del texto plano:</control>
    <control lang="es" key="IDT_PLAINTEXT_SIZE_UNIT">bits</control>
    <control lang="es" key="IDT_POOL_CONTENTS">Contenido de Pool Actual</control>
    <control lang="es" key="IDT_PRF">Mezcla PRF:</control>
    <control lang="es" key="IDT_SORT_METHOD">Método de Ordenamiento:</control>
    <control lang="es" key="IDT_TEST_CIPHERTEXT">Texto de cifrado (hexadecimal)</control>
    <control lang="es" key="IDT_TEST_KEY">Llave (hexadecimal)</control>
    <control lang="es" key="IDT_TEST_PLAINTEXT">Texto Plano (hexadecimal)</control>
    <control lang="es" key="IDT_KEYFILES_NOTE">Cualquier tipo de archivo (p.ej., .mp3, .jpg, .zip, .avi) puede usarse como arch.-llave. TrueCrypt nunca modifica el contenido de los archivos-llave. Puede usar más de un archivo-llave (el orden no importa). Si añade una carpeta todos los archivos que haya en ella se usarán de archivo-llave.</control>
    <control lang="es" key="IDT_TEST_CONFIG">Configuración del Cifrado (todos los tamaños en bytes)</control>
    <control lang="es" key="IDD_PCDM_CHANGE_PKCS5_PRF">Configuración de la llave maestra del Algoritmo de Derivación</control>
    <control lang="es" key="IDD_PCDM_ADD_REMOVE_VOL_KEYFILES">Añadir/Eliminar Archivos-llave a/de un Volumen</control>
    <control lang="es" key="IDD_PCDM_REMOVE_ALL_KEYFILES_FROM_VOL">Eliminar Todos los Archivos-llave de un Volumen</control>
    <control lang="es" key="IDT_EXPLORER_OPTIONS">Explorador de Windows</control>
    <control lang="es" key="IDC_BROWSE_KEYFILES">Explorar...</control>
    <control lang="es" key="IDD_KEYFILE_GENERATOR_DLG">TrueCrypt - Generador de Archivos-llave</control>
    <control lang="es" key="IDT_LICENSE">Acuerdo de Licencia:</control>
    <control lang="en" key="IDT_UNINSTALL_INFO">No TrueCrypt volume will be deleted. The registry entries at HKLM\\SYSTEM\\ControlSet001\\Enum\\Root\\LEGACY_TRUECRYPT cannot be removed as Windows does not allow their deletion.</control>
    <control lang="es" key="MENU_FILE">Archivo</control>
    <control lang="es" key="MENU_VOLUMES">&amp;Volúmenes</control>
    <control lang="es" key="MENU_KEYFILES">&amp;Archivos-llave</control>
    <control lang="es" key="MENU_TOOLS">&amp;Herramientas</control>
    <control lang="es" key="MENU_SETTINGS">A&amp;justes</control>
    <control lang="es" key="MENU_HELP">A&amp;yuda</control>
    <control lang="es" key="MENU_WEBSITE">Página &amp;Web</control>
    <!-- Strings -->
    <string lang="es" key="ABOUTBOX">&amp;Acerca de...</string>
    <string lang="es" key="ACCESSMODEFAIL">El atributo de sólo lectura sobre sus ‘volúmenes viejos’ no podrá ser cambiado. Compruebe los permisos de acceso de archivo.</string>
    <string lang="es" key="ACCESS_DENIED">Error: Acceso Denegado\n\nLa partición a la que trata de tener acceso de 0 sectores de largo, o es el u dispositivo de autoarranque.</string>
    <string lang="es" key="ADMIN_PRIVILEGES_DRIVER">Para cargar el controlador de TrueCrypt necesita iniciar sesión con privilegios de administrador.</string>
    <string lang="es" key="ADMIN_PRIVILEGES_WARN_DEVICES">Note que para encriptar/formatear una partición/unidad de disco necesita iniciar sesión con privilegios de administrador.\n\nEsto no aplica a los volúmenes de contenedores de archivos.</string>
    <string lang="es" key="ADMIN_PRIVILEGES_WARN_HIDVOL">Para crear un volumen oculto necesita iniciar sesión con privilegios de administrador.\n\n¿Desea continuar?</string>
    <string lang="es" key="ADMIN_PRIVILEGES_WARN_NTFS">Para formatear el volumen como NTFS necesita iniciar sesión con privilegios de administrador.\n\nSin los privilegios de administrador, solo puede formatear el volumen como FAT.</string>
    <string lang="en" key="AES_HELP">FIPS-approved cipher (Rijndael, published in 1998) that may be used by U.S. government departments and agencies to protect classified information up to the Top Secret level. 256-bit key, 128-bit block, 14 rounds (AES-256). Mode of operation is LRW.</string>
    <string lang="es" key="ALREADY_MOUNTED">El Volumen montado esta listo.</string>
    <string lang="es" key="ERR_SELF_TESTS_FAILED">PRECAUCIÓN: Por lo menos un algoritmo de encripción o hash falló durante el proceso automático de autoanálisis!\n\nLa instalación de TrueCrypt quizá esté corrupta.</string>
    <string lang="es" key="ERR_NOT_ENOUGH_RANDOM_DATA">PRECAUCIÓN: No hay suficiente información en el Generador de Números Aleatorios para proporcionar la cantidad suficiente de datos aleatorios solicitados.\n\nNo debería continuar. Seleccione 'Reportar un fallo' del Menú Ayuda, y reporte este error.</string>
    <string lang="es" key="BAD_DRIVE_LETTER">Letra inválida para la unidad.</string>
    <string lang="es" key="CANCEL">Cancelar</string>
    <string lang="es" key="CANNOT_CALC_SPACE">No se puede accesar la unidad. Asegurese de que la unidad seleccionada existe y que no está siendo utilizada por el sistema.</string>
    <string lang="es" key="CAPSLOCK_ON">Precaución: El candado de mayúsculas está encendido. Esto puede provocar que introduzca su contraseña incorrectamente.</string>
    <string lang="es" key="CIPHER_HIDVOL_HOST_TITLE">Opciones externas de encripción de volumen</string>
    <string lang="es" key="CIPHER_HIDVOL_TITLE">Opciones de encripción de volumen oculto</string>
    <string lang="es" key="CIPHER_TITLE">Opciones de encripción</string>
    <string lang="es" key="CLEAN_WINMRU_FAILED">PRECAUCIÓN: Falla al limpiar la ruta del último volumen/archivo seleccionado (almacenado por el selector de archivos)!</string>
    <string lang="en" key="COMPRESSION_NOT_SUPPORTED">Error: The container has been compressed at the filesystem level. TrueCrypt does not support compressed containers (note that compression of encrypted data is ineffective and redundant).\n\nPlease disable compression for the container by following these steps:\n1) Right-click the container in Windows Explorer (not in TrueCrypt).\n2) Select 'Properties'.\n3) In the 'Properties' dialog box, click 'Advanced'.\n4) In the 'Advanced Attributes' dialog box, disable the option 'Compress contents to save disk space' and click 'OK'.\n5) In the 'Properties' dialog box, click 'OK'.</string>
    <string lang="es" key="CREATE_FAILED">Falla al crear el volumen %hs</string>
    <string lang="es" key="DEVICE_FREE_BYTES">Tamaño de %hs es %.2f bytes</string>
    <string lang="es" key="DEVICE_FREE_GB">Tamaño de %hs es %d GB</string>
    <string lang="es" key="DEVICE_FREE_KB">Tamaño de %hs es %.2f KB</string>
    <string lang="es" key="DEVICE_FREE_MB">Tamaño de %hs es %.2f MB</string>
    <string lang="es" key="DEVICE_FREE_PB">Tamaño de %hs es %d PB</string>
    <string lang="es" key="DEVICE_FREE_TB">Tamaño de %hs es %d TB</string>
    <string lang="es" key="DEVICE_IN_USE">PRECAUCIÓN: El dispositivo/partición está en uso!\n\nIgnorar esto puede ocasionar resultados indeseables incluyendo inestabilidad del sistema. Todas las aplicaciones que estén utilizando el dispositivo/partición deben ser cerradas antes de montar el volumen.\n\n¿Continuar montando el dispositivo/partición?</string>
    <string lang="en" key="DEVICE_IN_USE_FORMAT">WARNING: The device/partition is in use by the operating system or applications. Formatting the device/partition might cause data corruption and system instability.\n\nContinue?</string>
    <string lang="en" key="FORMAT_CANT_DISMOUNT_FILESYS">Error: The device/partition contains a file system that could not be dismounted. The file system may be in use by the operating system. Formatting the device/partition would very likely cause data corruption and system instability.\n\nTo solve this issue, we recommend that you first delete the partition and then recreate it without formatting. To do so, follow these steps:\n1) Right-click the 'Computer' (or 'My Computer') icon in the 'Start Menu' and select 'Manage'. The 'Computer Management' window should appear.\n2) In the 'Computer Management' window, select 'Storage' &gt; 'Disk Management'.\n3) Right-click the partition you want to encrypt and select either 'Delete Partition', or 'Delete Volume', or 'Delete Logical Drive'.\n4) Click 'Yes'. If Windows asks you to restart the computer, do so. Then repeat the steps 1 and 2 and continue from the step 5.\n5) Right-click the unallocated/free space area and select either 'New Partition', or 'New Simple Volume', or 'New Logical Drive'.\n6) The 'New Partition Wizard' or 'New Simple Volume Wizard' window should appear now; follow its instructions. On the wizard page entitled 'Format Partition', select either 'Do not format this partition' or 'Do not format this volume'. In the same wizard, click 'Next' and then 'Finish'.\n7) Note that the device path you have selected in TrueCrypt may be wrong now. Therefore, exit the TrueCrypt Volume Creation Wizard (if it is still running) and then start it again.\n8) Try encrypting the device/partition again.\n\nIf TrueCrypt repeatedly fails to encrypt the device/partition, you may want to consider creating a file container instead.</string>
    <string lang="es" key="DEVICE_IN_USE_INFO">PRECAUCIÓN: Algunos de los dispositivos/particiones estan en uso!\n\nIgnorar esto puede ocasionar resultados indeseables incluyendo inestabilidad del sistema.\n\nSe recomienda que cierre todas las aplicaciones que estén utilizando el dispositivo/partición.</string>
    <string lang="en" key="DEVICE_PARTITIONS_ERR">The selected device contains partitions.\n\nFormatting the device might cause system instability and/or data corruption. Please either select a partition on the device, or remove all partitions on the device to enable TrueCrypt to format it safely.</string>
    <string lang="en" key="WHOLE_DEVICE_WARNING">IMPORTANT: If you encrypt the entire device, the operating system will consider the device as new and unformatted (as it will contain no partition table). This will make the volume susceptible to accidental initialization, which may cause it to be impossible to mount.\n\nIt is preferable to create a partition on the device and encrypt the partition instead.\n\nAre you sure want to encrypt the entire device?</string>
    <string lang="en" key="WHOLE_DEVICE_NOTE">IMPORTANT: Keep in mind to answer 'No', whenever Windows asks you whether you want to initialize this device (even if Windows tells you that you must do so). Otherwise, you may damage the volume and make it impossible to mount.\n\nWe also recommend that you backup the volume header after the volume is created (Tools -&gt; Backup Volume Header).</string>
    <string lang="en" key="AFTER_FORMAT_DRIVE_LETTER_WARN">IMPORTANT: Please keep in mind that this partition/device can NOT be mounted using the drive letter %c:, which is currently assigned to it!\n\nTo mount this partition/device, click 'Auto-Mount Devices' in the main TrueCrypt window. Alternatively, in the main TrueCrypt window, click 'Select Device', then select this partition/device, and click 'Mount'. The partition/device will be mounted to a different drive letter, which you will select from the list in the main TrueCrypt window.\n\nThe original drive letter %c: should be used only in case you need to remove encryption from the partition/device (e.g., if you no longer need encryption). In such a case, right-click the drive letter %c: in the 'Computer' (or 'My Computer') list and select 'Format'. Otherwise, the drive letter %c: should never be used (unless you remove it and assign it to another partition/device).</string>
    <string lang="es" key="DISK_FREE_BYTES">Espacio libre en unidad %hs es %.2f bytes.</string>
    <string lang="es" key="DISK_FREE_GB">Espacio libre en unidad %hs es %d GB.</string>
    <string lang="es" key="DISK_FREE_KB">Espacio libre en unidad %hs es %.2f KB.</string>
    <string lang="es" key="DISK_FREE_MB">Espacio libre en unidad %hs es %.2f MB.</string>
    <string lang="es" key="DISK_FREE_PB">Espacio libre en unidad %hs es %d PB.</string>
    <string lang="es" key="DISK_FREE_TB">Espacio libre en unidad %hs es %d TB.</string>
    <string lang="es" key="DRIVELETTERS">No se pudieron obtener letras disponibles para la unidad.</string>
    <string lang="es" key="DRIVER_NOT_FOUND">Controlador de TrueCrypt no encontrado!\n\nCopie los archivos 'truecrypt.sys' y 'truecrypt-x64.sys' al mismo directorio donde está ubicada la aplicación.</string>
    <string lang="es" key="DRIVER_VERSION">Una versión no compatible del controlador de dispositivos TrueCrypt está corriendo.\n\nVersión requerida: TrueCrypt %hs</string>
    <string lang="es" key="ERR_CIPHER_INIT_FAILURE">Error: Falla de inicio de cifrado.</string>
    <string lang="es" key="ERR_CIPHER_INIT_WEAK_KEY">Error: Se han detectado llaves débiles! Intente nuevamente.</string>
    <string lang="en" key="EXCEPTION_REPORT">A critical error has occured and TrueCrypt must be terminated. If this is caused by a bug in TrueCrypt, we would like to fix it. To help us, you can send us an automatically generated error report containing the following items:\n\n- Program version\n- Operating system version\n- TrueCrypt component name\n- Checksum of TrueCrypt executable\n- TrueCrypt dialog identifier\n- Error category\n- Error address\n- TrueCrypt call stack\n\nIf you select 'Yes', the following URL (which contains the entire error report) will be opened in your default Internet browser (note that in some cases this may take up to 30 seconds).\n\n%hs\n\nDo you want to send us the above error report?</string>
    <string lang="es" key="EXCEPTION_REPORT_EXT">Ha ocurrido un error en su sistema provocando que TrueCrypt se cerrara.\n\nNote que este error no ha sido causado por TrueCrypt (por lo que los desarrolladores de TrueCrypt no pueden resolverlo). Por favor cheque su por posibles problemas (e.g., configuración de sistema, conexión de red, fallas en los componentes de hardware).</string>
    <string lang="es" key="EXCEPTION_REPORT_TITLE">Error Crítico de TrueCrypt</string>
    <string lang="es" key="EXIT">Salir</string>
    <string lang="es" key="EXT_PARTITION">Cree una unidad lógica para esta partición extendida, y trate nuevamente.</string>
    <string lang="es" key="FILE_HELP">Puede crear volúmenes archivo-anfitrión o encriptar completamente las particiones enteras del disco duro, disquete, USB memory sticks, y otros dispositivos de almacenamiento. Pulse en 'Seleccionar Archivo...' para especificar el nombre y la dirección del archivo que va a crear y que alojará el volumen nuevo, o pulse 'Seleccione unida del Dispositivo...' para elegir una partición o un dispositivo para cifrar. PRECAUCIÓN: Si encripta una partición o un dispositivo, toda la información almacenada actualmente en la partición o dispositivo será eliminada, todos los datos almacenados actualmente en la partición o el dispositivo serán borrados.</string>
    <string lang="es" key="FILE_HELP_HIDDEN_HOST_VOL">Seleccione la ubicación del volumen externo que será creado (el volumen oculto será creado posteriormente en él).\n\nPuede crear volúmenes en un archivo anfitrión o encriptar completamente particiones del disco duro, disquetes y otros medios de almacenamiento. Pulse en 'Seleccionar archivo...' para especificar el nombre y ruta del archivo que va a crear y que contendrá el volumen nuevo, o pulse en 'Seleccione dispositivo...' para elegir una partición o dispositivo a para encriptar.\n\nPRECAUCIÓN: Si encripta una partición o un dispositivo, toda la información almacenada actualmente en la partición o en el dispositivo será eliminada.</string>
    <string lang="es" key="FILE_HELP_HIDDEN_HOST_VOL_DIRECT">Seleccione la ubicación del volumen TrueCrypt en el que desea crear el volumen oculto.</string>
    <string lang="es" key="FILE_IN_USE">PRECAUCIÓN: El archivo anfitrión/dispositivo ya está en uso!\n\nIgnorar esto puede ocasionar resultados indeseables o inclusive inestabilidad del sistema. Todas las aplicaciones que estén utilizando el archivo anfitrión/dispositivo deben ser cerradas antes de montar el volumen.\n\n¿Continuar montando el archivo anfitrión/dispositivo?</string>
    <string lang="es" key="FILE_IN_USE_FAILED">Error: No se puede montar el volumen. El archivo/dispositivo ya está en uso. El intento de montarlo sin acceso exclusivo también falló.</string>
    <string lang="es" key="FILE_OPEN_FAILED">No se pudo abrir el archivo.</string>
    <string lang="es" key="FILE_TITLE">Ubicación del volumen</string>
    <string lang="en" key="FORMAT">&amp;Format</string>
    <string lang="es" key="FORMAT_ABORT">¿Abortar formato?</string>
    <string lang="en" key="FORMAT_FINISHED_HELP">\n\nThe TrueCrypt volume has been created and is ready for use. If you wish to create another TrueCrypt volume, click Next. Otherwise, click Exit.</string>
    <string lang="en" key="FORMAT_FINISHED_INFO">The TrueCrypt volume has been successfully created.</string>
    <string lang="es" key="FORMAT_FINISHED_TITLE">Volumen creado</string>
    <string lang="en" key="FORMAT_HELP">Here you can set additional options that will affect the format of the new volume. Please refer to the documentation for more information. When done, click 'Format' to create your new volume.</string>
    <string lang="en" key="FORMAT_HIDVOL_HOST_HELP">Note that a hidden volume can only be created within a FAT volume. For more information, please refer to the documentation. When ready, click 'Format' to create the outer volume.</string>
    <string lang="es" key="FORMAT_HIDVOL_HOST_TITLE">Formato de volumen externo</string>
    <string lang="es" key="FORMAT_HIDVOL_TITLE">Formato de volumen oculto</string>
    <string lang="es" key="FORMAT_TITLE">Formato de volumen</string>
    <string lang="es" key="GETFILETIME_FAILED">PRECAUCIÓN: No se pudo obtener el dato de hora-fecha!</string>
    <string lang="es" key="GETFILETIME_FAILED_GENERIC">PRECAUCIÓN: No se pudo obtener el dato de hora-fecha del contenedor!\n\nSi existe un volumen oculto dentro de este contenedor, la disponibilidad del volumen oculto pudo haber sido afectada.</string>
    <string lang="es" key="GETFILETIME_FAILED_IMPLANT">PRECAUCIÓN: No se pudo obtener el dato de hora-fecha del contenedor!\n\nSi no establece el dato hora-fecha con una herramienta externa, se recomienda que no genere un volumen oculto dentro de este contenedor.</string>
    <string lang="es" key="GETFILETIME_FAILED_PW">PRECAUCIÓN: No se pudo obtener el dato de hora-fecha del contenedor!\n\nSi existe un volumen oculto dentro de este contenedor su disponibilidad pudo haber sido afectada después de cambiar o intentar cambiar la contraseña.</string>
    <string lang="es" key="GETFILETIME_FAILED_KEYFILE">PRECAUCIÓN: No se pudo obtener el dato de hora-fecha del archivo-llave! No se conservó la fecha/hora de último acceso.\n\nNo será posible decir si hubo un acceso a este archivo.</string>
    <string lang="es" key="HELP_READER_ERROR">Se necesita Adobe Reader (o una herramienta compatible) para visualizar el Manual de usuario de TrueCrypt. Puede descargar Adobe Reader (freeware) de: www.adobe.com\n\n¿En su lugar desea ver la documentacion en linea?</string>
    <string lang="es" key="HIDDEN_VOL_WIZARD_MODE_HELP">Usuarios sin experiencia deben seleccionar la primera opción. Si selecciona la segunda opción, se asume que ya ha creado un volumen TrueCrypt que puede contener el volumen oculto.</string>
    <string lang="es" key="HIDDEN_VOL_WIZARD_MODE_TITLE">Modo asistente</string>
    <string lang="en" key="HIDVOL_FORMAT_FINISHED_HELP">The hidden TrueCrypt volume has been successfully created and is ready for use. If all the instructions have been followed and if precautions mentioned in the section "Security Precautions Pertaining to Hidden Volumes" in the TrueCrypt User's Guide are followed, it will be impossible to prove that the hidden volume exists, even when the outer volume is mounted.\n\nWARNING: IF YOU DO NOT PROTECT THE HIDDEN VOLUME (FOR INFORMATION ON HOW TO DO SO, REFER TO THE SECTION "PROTECTION OF HIDDEN VOLUMES AGAINST DAMAGE" IN THE TRUECRYPT USER'S GUIDE), DO NOT WRITE TO THE OUTER VOLUME. OTHERWISE, YOU MAY OVERWRITE AND DAMAGE THE HIDDEN VOLUME!</string>
    <string lang="es" key="HIDVOL_FORMAT_FINISHED_TITLE">Volumen oculto creado</string>
    <string lang="en" key="HIDVOL_HOST_FILLING_HELP">Outer volume has been successfully created and mounted as drive %hc:. To this volume you should now copy some sensitive-looking files that you actually do NOT want to hide. The files will be there for anyone forcing you to disclose your password. You will reveal only the password for this outer volume, not for the hidden one. The files that you really care about will be stored in the hidden volume, which will be created later on. When you finish copying, click Next. Do not dismount the volume.\n\nNote: After you click Next, cluster bitmap of the outer volume will be scanned to determine the size of uninterrupted area of free space whose end is aligned with the end of the volume. This area will accommodate the hidden volume, so it will limit its maximum possible size. Cluster bitmap scanning ensures that no data on the outer volume are overwritten by the hidden volume.</string>
    <string lang="es" key="HIDVOL_HOST_FILLING_TITLE">Contenido del volumen externo</string>
    <string lang="es" key="HIDVOL_HOST_PRE_CIPHER_HELP">\n\nEn los pasos siguientes establecerá las opciones para el volumen externo (dento del que se creará el volumen oculto posteriormente).</string>
    <string lang="es" key="HIDVOL_HOST_PRE_CIPHER_TITLE">Volumen exterior</string>
    <string lang="es" key="HIDVOL_PRE_CIPHER_HELP">\n\nEl cluster del volumen ha sido escaneado y el tamaño máximo posible del volumen oculto ha sido determinado. En los pasos siguientes establecerá las opciones de tamaño y contraseña para el volumen oculto.</string>
    <string lang="es" key="HIDVOL_PRE_CIPHER_TITLE">Volumen oculto</string>
    <string lang="en" key="HIDVOL_PROT_WARN_AFTER_MOUNT">The hidden volume is now protected against damage until the outer volume is dismounted.\n\nWARNING: If any data is attempted to be saved to the hidden volume area, TrueCrypt will start write-protecting the entire volume (both the outer and the hidden part) until it is dismounted. This may cause filesystem corruption on the outer volume. Any data being saved to the hidden volume area will NOT be saved and will be lost! Windows may report this as a write error ("Delayed Write Failed" or "The parameter is incorrect").</string>
    <string lang="en" key="HIDVOL_PROT_WARN_AFTER_MOUNT_PLURAL">Each of the hidden volumes within the newly mounted volumes is now protected against damage until dismounted.\n\nWARNING: If any data is attempted to be saved to protected hidden volume area of any of these volumes, TrueCrypt will start write-protecting the entire volume (both the outer and the hidden part) until it is dismounted. This may cause filesystem corruption on the outer volume. Any data being saved to protected hidden volume areas will NOT be saved and will be lost! Windows may report this as a write error ("Delayed Write Failed" or "The parameter is incorrect").</string>
    <string lang="en" key="DAMAGE_TO_HIDDEN_VOLUME_PREVENTED">WARNING: Data were attempted to be saved to the hidden volume area of the volume mounted as %c:!\n\nTrueCrypt prevented these data from being saved in order to protect the hidden volume. This may have caused filesystem corruption on the outer volume and Windows may have reported a write error ("Delayed Write Failed" or "The parameter is incorrect"). The entire volume (both the outer and the hidden part) will be write-protected until it is dismounted.\n\nWe strongly recommend that you restart the operating system now.</string>
    <string lang="es" key="INIT_MUTEX">No se pudo iniciar la aplicación. Falla al crear un objeto mutex requerido.</string>
    <string lang="es" key="INIT_RAND">Falla al iniciar el generador de números aleatorios!</string>
    <string lang="es" key="INIT_REGISTER">No se pudo iniciar la aplicación. Falla al registrar la clase de diálogo.</string>
    <string lang="es" key="INTRO_HELP">\nEste asistente le ayudará a crear un nuevo volumen de TrueCrypt.\n\nIMPORTANTE: Ha iniciado la recolección de información aleatoria. La información será utilizada para generar la llave maestra, la llave secundaria (modo  LRW), y ‘sal’, para el volumen nuevo. La información recabada incluye los movimientos del ratón dentro de esta ventana, golpes de teclado, y otros datos obtenidos del sistema. La información debe ser tan al azar como sea posible, por eso la llave será mejor mientras más mueva el ratón.</string>
    <string lang="es" key="INTRO_TITLE">Asistente para crear volúmenes TrueCrypt</string>
    <string lang="es" key="INVALID_DEVICE">La unidad o partición especificada es inválida. Utilice la siguiente sintaxis para montar las particiones: \\Unidad\\DiscoDuro0\\Partición4</string>
    <string lang="es" key="MAX_HIDVOL_SIZE_BYTES">El tamaño máximo posible del volumen oculto para este volumen es %.2f bytes.</string>
    <string lang="es" key="MAX_HIDVOL_SIZE_KB">El tamaño máximo posible del volumen oculto para este volumen es %.2f KB.</string>
    <string lang="es" key="MAX_HIDVOL_SIZE_MB">El tamaño máximo posible del volumen oculto para este volumen es %.2f MB.</string>
    <string lang="es" key="MOUNTED_NOPWCHANGE">La contraseña/Archivo-Llave del volumen no puede ser cambiado mientras que el volumen esté montado. Primero desmonte el volumen.</string>
    <string lang="es" key="MOUNTED_NO_PKCS5_PRF_CHANGE">La llave maestra derivada del algoritmo utilizado no puede ser cambiada mientras el volumen esté montado. Primero desmonte el volumen.</string>
    <string lang="es" key="MOUNT_BUTTON">&amp;Montar</string>
    <string lang="es" key="NEW_VERSION_REQUIRED">Se requiere una versión más reciente de TrueCrypt para montar este volumen.</string>
    <string lang="es" key="VOL_CREATION_WIZARD_NOT_FOUND">Error: Asistente para la creación del volumen, no encontrado\n\nVerifique que el archivo 'TrueCryptFormat.exe' este en la misma carpeta que el archivo ' TrueCrypt.exe'. Si no es así, reinstale TrueCrypt o localice el archivo 'TrueCryptFormat.exe' en su disco y ejecútelo.</string>
    <string lang="es" key="NEXT">&amp;Siguiente &gt;</string>
    <string lang="en" key="FINALIZE">&amp;Finish</string>
    <string lang="en" key="NODRIVER">Unable to connect to the TrueCrypt device driver. TrueCrypt cannot work if the device driver is not running.\n\nPlease note that, due to a Windows issue, it may be required to log off or restart the system before the device driver can be loaded.</string>
    <string lang="es" key="NOFONT">Ocurrió un error al cargar/preparar las fuentes.</string>
    <string lang="es" key="NOT_FOUND">La letra de unidad de DOS que especificó no se ha encontrado.</string>
    <string lang="en" key="DRIVE_LETTER_UNAVAILABLE">Drive letter not available.</string>
    <string lang="es" key="NO_FILE_SELECTED">¡No seleccionó ningún archivo!</string>
    <string lang="es" key="NO_FREE_DRIVES">Ninguna letra de unidad disponible.</string>
    <string lang="es" key="NO_FREE_DRIVE_FOR_OUTER_VOL">¡Ninguna letra de unidad esta libre para el volumen externo! La creación del Volumen no puede continuar.</string>
    <string lang="es" key="NO_OS_VER">No se pudo determinar la versión del sistema operativo o está utilizando un sistema operativo no soportado.</string>
    <string lang="es" key="NO_PATH_SELECTED">¡No se seleccionó la trayectoria!</string>
    <string lang="es" key="NO_SPACE_FOR_HIDDEN_VOL">¡No cuenta con suficiente espacio libre para de volumen oculto! La creación del volumen no puede continuar.</string>
    <string lang="es" key="OPENFILES_DRIVER">El controlador no puede desmontar el volumen. Algunos archivos situados en el volumen probablemente todavía están abiertos.</string>
    <string lang="es" key="OPENFILES_LOCK">Incapaz bloquear el volumen. Todavía hay archivos abiertos del volumen. Por lo tanto, no puede ser desmontado.</string>
    <string lang="es" key="OPEN_VOL_TITLE">Seleccione un volumen TrueCrypt</string>
    <string lang="es" key="OPEN_TITLE">Especifique la ubicación y el nombre del archivo</string>
    <string lang="es" key="OUTOFMEMORY">Memoria Insuficiente</string>
    <string lang="en" key="FORMAT_DEVICE_FOR_ADVANCED_ONLY">IMPORTANT: We strongly recommend that inexperienced users create a TrueCrypt file container on the selected device/partition, instead of attempting to encrypt the entire device/partition.\n\nWhen you create a TrueCrypt file container (as opposed to encrypting a device or partition) there is, for example, no risk of destroying a large number of files. Note that a TrueCrypt file container (even though it contains a virtual encrypted disk) is actually just like any normal file. Therefore, it can be, for example, easily renamed, moved, or copied as any normal file. To create a TrueCrypt file container, click 'No' and then click 'Select File' in the wizard window. For more information, see the chapter Beginner's Tutorial in the TrueCrypt User Guide.\n\nAre you sure you want to encrypt the entire device/partition?</string>
    <string lang="es" key="OVERWRITEPROMPT">ADVERTENCIA: ¡El volumen ' %hs' ya existe! ¿Desea substituirla y perder todos los datos que contiene?</string>
    <string lang="en" key="OVERWRITEPROMPT_DEVICE">CAUTION: ALL FILES CURRENTLY STORED ON THE SELECTED %s '%hs'%s WILL BE ERASED AND LOST!\n\nAre you sure you want to proceed with format?</string>
    <string lang="es" key="PASSWORD">Contraseña</string>
    <string lang="es" key="PASSWORD_CHANGED">Contraseña y/o archivo(s) llave cambiados exitosamente.\n\nIMPORTANTE: Asegúrese de haber leído la sección 'Cambiar contraseñas y archivos llave' en el capítulo 'Precauciones de Seguridad' en el Manual de Usuarioe de TrueCrypt.</string>
    <string lang="es" key="KEYFILE_CHANGED">Los archivo llave han sido agregados/removidos exitosamente.</string>
    <string lang="es" key="PKCS5_PRF_CHANGED">La llave maestra derivada del algoritmo fue configurada exitosamente.</string>
    <string lang="es" key="PASSWORD_HELP">Es muy importante que elija una buena contraseña. Debe evitar elegir una que contenga solamente una palabra que se pueda encontrar en un diccionario (o una combinación de 2, 3 o 4 palabras). No debe contener ningún nombre o fechas de nacimiento. No debe ser fácil de adivinar. Una buena contraseña es una combinación al azar de letras mayúsculas, minúsculas, números y caracteres especiales, por ejemplo @ ^ = $ * + etc.\n\nSe recomienda elegir una contraseña que consista en más de 20 caracteres (cuanto más larga, es mejor). La longitud máxima de la contraseña es 64 caracteres.</string>
    <string lang="es" key="PASSWORD_HIDDENVOL_HELP">Elija una contraseña para el volumen oculto. </string>
    <string lang="es" key="PASSWORD_HIDDENVOL_HOST_DIRECT_HELP">Proporcione la contraseña para el volumen en que desee crear un volumen oculto.\n\nDespués de click en Siguiente, TrueCrypt montará el volumen. Tan pronto como se monte el volumen, la distribución del cluster será explorada para determinar el tamaño del espacio libre continuo (si existe) y el final del espacio libre se alineará con el final del volumen. En el espacio libre se colocará el volumen oculto y por lo tanto limitará su tamaño al máximo posible. La exploración del cluster es necesaria para asegurarse de que el volumen externo no sobrescriba en el volumen oculto.</string>
    <string lang="es" key="PASSWORD_HIDDENVOL_HOST_HELP">\nElija una contraseña para el volumen externo. Ésta será la contraseña que podrá revelar a un adversario si le piden o lo forzan a hacerlo.\n\nLa contraseña debe ser diferente de la que eligió para del volumen oculto\n\n\nNOTA: La longitud máxima de la contraseña es 64 caracteres.</string>
    <string lang="es" key="PASSWORD_HIDVOL_HOST_TITLE"> Contraseña del Volumen Externo</string>
    <string lang="es" key="PASSWORD_HIDVOL_TITLE">Contraseña del Volumen Oculto</string>
    <string lang="es" key="PASSWORD_LENGTH_WARNING">ADVERTENCIA: ¡Las contraseñas cortas son fáciles de romper usando técnicas de fuerza bruta!\n\nSe le recomienda elegir una contraseña de más de 20 caracteres.\n\n¿Desea utilizar una contraseña corta?</string>
    <string lang="es" key="PASSWORD_TITLE">Contraseña del Volumen</string>
    <string lang="es" key="PASSWORD_WRONG">Contraseña incorrecta o el volumen no es TrueCrypt.</string>
    <string lang="es" key="PASSWORD_OR_KEYFILE_WRONG">Llave(s) y/o contraseña incorrecta o el volumen no es TrueCrypt.</string>
    <string lang="es" key="PASSWORD_WRONG_CAPSLOCK_ON">\n\nAdvertencia: El bloqueo de mayúsculas está activa. Esto puede ocasionar errores al introducir la contraseña.</string>
    <string lang="es" key="PASSWORD_WRONG_AUTOMOUNT">La contraseña es incorrecta o no se encontró el volumen TrueCrypt.</string>
    <string lang="es" key="PASSWORD_OR_KEYFILE_WRONG_AUTOMOUNT">Archivo(s) Llave(s)/Contraseña incorrecta o no se encontró el volumen TrueCrypt.</string>
    <string lang="es" key="PREV">&lt; &amp;Anterior</string>
    <string lang="es" key="RAWDEVICES">No se puede listar los dispositivos raw de su sistema!</string>
    <string lang="es" key="READONLYPROMPT">El volumen '%hs' existe y es de solo lectura. ¿Desea reemplazarlo?</string>
    <string lang="es" key="SELECT_DEST_DIR">Seleccione el directorio destino</string>
    <string lang="es" key="SELECT_KEYFILE">Seleccione Archivo-llave</string>
    <string lang="es" key="SELECT_KEYFILE_PATH">Seleccione la ruta para buscar el archivo-llave. PRECAUCIÓN: Note qUE sólo se recordará la ruta y no el nombre del archivo!</string>
    <string lang="es" key="SERPENT_HELP">Diseñado por Ross Anderson, Eli Biham, y Lars Knudsen. Publcado en 1998. llave de 256-bit, bloque de 128-bit. Modo de operación LRW. Serpent fue uno de los finalistas AES.</string>
    <string lang="es" key="SETFILETIME_FAILED_IMPLANT">PRECAUCIÓN: Falla al restaurar la hora-fecha del contenedor (modificación/acceso fecha/hora del archivo)!\n\nla disponibilidad del volumen oculto quizá se vea afectada.</string>
    <string lang="es" key="SETFILETIME_FAILED_PREP_IMPLANT">PRECAUCIÓN: Falla al restaurar la hora-fecha del contenedor!\n\nSi no restaura la hora-fecha utilizando una herramienta externa, se recomienda que no genere un volumen oculto en este contenedor.</string>
    <string lang="es" key="SETFILETIME_FAILED_PW">PRECAUCIÓN: Falla al restaurar la hora-fecha del contenedor (modificación/acceso fecha/hora del archivo)!\n\nSi hay un volumen oculto dentro de este contenedor, la disponibilidad del volumen oculto quizá se vea afectada..</string>
    <string lang="es" key="SETFILETIME_FAILED_KEYFILE">PRECAUCIÓN: Falla al restaurar la hora-fecha del Archivo-llave! No se pudo preservar la hora-fecha del último acceso.\n\nNo es posible determinar si este archivo fue accesado.</string>
    <string lang="en" key="SETUP_INCOMPLETE">Error: 'Setup Files' folder not found.\n\nNote that before you can install TrueCrypt, you must extract all files from the distribution package.</string>
    <string lang="es" key="SIZE_HELP">Especifique el tamaño del volumen a crear. El tamaño mínimo de un volumen FAT es 19 KB. El tamaño mínimo de un volumen NTFS es 2526 KB. El tamaño máximo del volumen esta limitado por de la capacidad del disco duro y del sistema de archivos. El tamaño máximo en FAT32 es de 4 GB.</string>
    <string lang="en" key="SIZE_HELP_HIDDEN_HOST_VOL">Please specify the size of the new outer volume (within which the hidden volume will be created later on). The minimum possible size of a volume within which a hidden volume is intended to be created is 40 KB.</string>
    <string lang="es" key="SIZE_HELP_HIDDEN_VOL">Especifique el tamaño del volumen oculto a crear. El tamaño mínimo de un volumen FAT es 19 KB. El tamaño mínimo de un volumen NTFS es 2526 KB. El tamaño máximo del volumen oculto se muestra arriba.</string>
    <string lang="es" key="SIZE_HIDVOL_HOST_TITLE">Tamaño del volumen externo</string>
    <string lang="es" key="SIZE_HIDVOL_TITLE">Tamaño del volumen oculto</string>
    <string lang="en" key="SIZE_PARTITION_HELP">Size of a device or partition cannot be modified. Please verify that the size of the selected device or partition shown above is correct and click Next.</string>
    <string lang="en" key="SIZE_PARTITION_HIDDEN_VOL_HELP">\n\nNote that the minimum possible size of a volume within which a hidden volume is intended to be created is 40 KB.</string>
    <string lang="es" key="SIZE_TITLE">Tamaño del volumen</string>
    <string lang="es" key="SPARSE_FILE">Dinámico</string>
    <string lang="es" key="TESTS_FAILED"> PRECAUCIÓN; FALLÓ LA AUTO PRUEBA!</string>
    <string lang="es" key="TESTS_PASSED">Se pasó la auto-prueba de todos los algoritmos</string>
    <string lang="es" key="TEST_INCORRECT_LRW_INDEX_SIZE">El índice de bloque LRW que proporcionó es muy largo o muy corto.</string>
    <string lang="es" key="TEST_INCORRECT_LRW_KEY_SIZE">La llave secundaria que proporcionó es muy larga o muy corta.</string>
    <string lang="es" key="TEST_CIPHERTEXT_SIZE">El texto que proporcionó para la prueba de cifrado es muy largo o muy corto.</string>
    <string lang="es" key="TEST_KEY_SIZE">La llave que proporcionó para la prueba de cifrado es muy larga o muy corta.</string>
    <string lang="es" key="TEST_PLAINTEXT_SIZE">El texto plano que proporcionó para la prueba de cifrado es muy largo o muy corto.</string>
    <string lang="es" key="TEST_LRW_INDEX_OVERRUN">Error: Actualmente TrueCrypt no soporta el indexado de bloques LRW block con alores mayores a 2^64.\n\nTambién note que el tamaño máximo de volumen soportado es 2^63 bytes.</string>
    <string lang="es" key="TWO_LAYER_CASCADE_HELP">Dos algoritmos de encripción en cascada operando en modo LRW. Cada bloque primero es encriptado con %hs (llave de %d-bit) y después con %hs (llave de %d-bit). Cada algoritmo utiliza su propia llave. Todas la llaves son independientes entres sí.</string>
    <string lang="es" key="THREE_LAYER_CASCADE_HELP">Tres algoritmos de encripción en cascada operando en modo LRW. Cada bloque primero es encriptado con %hs (llave de %d-bit), después con %hs (llave de %d-bit) y finalmente con %hs (llave de %d-bit). Cada algoritmo utiliza su propia llave. Todas la llaves son independientes entres sí.</string>
    <string lang="es" key="TRAVELLER_DISK_CREATED">Se creó con éxito el disco de viajero de TrueCrypt.\n\nNote que necesita privilegios de administrador para ejecutar TrueCrypt en modo viajero. También note que, después de examinar el archivo de registro, quizá sea posible decir que TrueCrypt fue ejecutado en un sistema Windows aún si se ejecuta en modo viajero.</string>
    <string lang="en" key="TC_TRAVELLER_DISK">TrueCrypt Traveller Disk</string>
    <string lang="es" key="TWOFISH_HELP">Diseñado por Bruce Schneier, John Kelsey, Doug Whiting, David Wagner, Chris Hall, y Niels Ferguson. Publicado en 1998. Llave de 256-bit, bloque de 128-bit. Opera en modo LRW. Twofish fue uno de los finalistas de AES.</string>
    <string lang="en" key="MORE_INFO_ABOUT">More information on %hs</string>
    <string lang="es" key="UNKNOWN">Desconocido</string>
    <string lang="es" key="ERR_UNKNOWN">Ocurrió un error desconocido o no especificado.</string>
    <string lang="es" key="UNKNOWN_DRIVER_CODE">El controlador de dispositivo regresó un error no reconocido, código = %d</string>
    <string lang="es" key="UNMOUNTALL_LOCK_FAILED">Algunos volúmenes contienen carpetas o archivos que estan siendo utilizados por una aplicación o sistema.\n\n¿Forzar su desmontada?</string>
    <string lang="es" key="UNMOUNT_BUTTON">&amp;Desmontar</string>
    <string lang="es" key="UNMOUNT_FAILED">¡Falla al desmontar!</string>
    <string lang="es" key="UNMOUNT_LOCK_FAILED">Algunos volúmenes contienen carpetas o archivos que estan siendo utilizados por una aplicación o sistema.\n\n¿Forzar su desmontada?</string>
    <string lang="es" key="VOL_ALREADY_MOUNTED">El volumen que trata de montar ya está montado.</string>
    <string lang="es" key="VOL_FORMAT_BAD">El formato de este volumen no se reconoce. El volumen quizá esté corrupto.</string>
    <string lang="es" key="VOL_MOUNT_FAILED">Ocurrió un error cuando se intentaba montar el volumen.</string>
    <string lang="es" key="VOL_READING">Error al leer información del volumen.</string>
    <string lang="es" key="VOL_SEEKING">Error al buscar información dentro del volumen.</string>
    <string lang="es" key="VOL_SIZE_WRONG">Error: Tamaño incorrecto de volumen.</string>
    <string lang="es" key="VOL_TOO_SMALL">El volumen es muy pequeño - es un volumen inválido.</string>
    <string lang="es" key="VOL_WRITING">Error al escribir en el volumen.</string>
    <string lang="es" key="WARN_QUICK_FORMAT">PRECAUCIÓN: Sólo debería usar el Formato Rápido en los siguientes casos:\n\n1) El dispositivo contiene información aleatoria (p. ej. ya ha sido encriptado completamente)\n2) Va a utilizar todo el espacio disponible inmediatamente\n3) No le preocupa la seguridad (prueba)</string>
    <string lang="es" key="CONFIRM_SPARSE_FILE">Un archivo contenedor dinámico está pre-asignado en un espacio NTFS y su tamaño físico (espacio usado en disco actual) crece conforme se le añade información.\n\nPRECAUCIÓN: El desempeño de los volúmenes en archivos contenedores pre-asignados es significativamente peor que el desempeño de los volúmenes regulares. Archivos contenedores pre-asignados también son menos seguros, porque es posible decir cuales sectores del volumen no están siendo utilizados. Además, se se escribe información en un archivo contenedor dinámico cuando no hay suficiente espacio libre en el sistema de archivos, el sistema de archivos encriptado puede corromperse.\n\n¿Quiere crear un volumen en un archivo contenedor pre-asignado?</string>
    <string lang="es" key="SPARSE_FILE_SIZE_NOTE">Note que el reporte del tamaño del contenedor dinámico de Windows y de TrueCrypt siempre será igual a su tamaño máximo. Para conocer el tamaño físico de contenedor (espacio actual que está utilizando), de clic derecho en el archivo contenedor (en una ventana del Explorador de Windows, y no en TrueCrypt), seleccione 'Propiedades' y vea el valor 'Tamaño en disco'.</string>
    <string lang="es" key="WIPE_CACHE">Las contraseñas almacenadas en el cache del dispositivo han sido eliminadas.</string>
    <string lang="es" key="WRONG_VOL_TYPE">TrueCrypt no puede cambiar la contraseña de un volumen extraño.</string>
    <string lang="es" key="SELECT_FREE_DRIVE">Seleccione una letra libre de la lista para la unidad.</string>
    <string lang="es" key="SELECT_A_MOUNTED_VOLUME">Seleccione un volumen montado en la lista de letras.</string>
    <string lang="es" key="CANT_CREATE_AUTORUN">Error: No se puede crear el archivo autorun.inf</string>
    <string lang="es" key="ERR_PROCESS_KEYFILE">Error durante el procesamiento del archivo-llave!</string>
    <string lang="es" key="ERR_PROCESS_KEYFILE_PATH">Error al procesar la ruta del archivo-llave!</string>
    <string lang="es" key="UNSUPPORTED_OS">TrueCrypt no soporta este sistema operativo.</string>
    <string lang="en" key="UNSUPPORTED_BETA_OS">Error: TrueCrypt supports only stable (non-beta) versions of this operating system.</string>
    <string lang="es" key="ERR_MEM_ALLOC">Error: No puede utilizar la localidad de memoria.</string>
    <string lang="es" key="ERR_PERF_COUNTER">Error: No se puede obtener el valor del contador de desempeño.</string>
    <string lang="es" key="ALL_FILES">Todos los Archivos</string>
    <string lang="es" key="TC_VOLUMES">Volumenes TrueCrypt</string>
    <string lang="es" key="FORMAT_NTFS_STOP">El formateo NTFS no pudo continuar.</string>
    <string lang="es" key="CANT_MOUNT_VOLUME">No se pudo montar el volumen.</string>
    <string lang="es" key="CANT_DISMOUNT_VOLUME">No se puede desmontar el volumen.</string>
    <string lang="en" key="FORMAT_NTFS_FAILED">Windows failed to format the volume as NTFS.\n\nPlease select a different type of file system (if possible) and try again. Alternatively, you could leave the volume unformatted (select 'None' as the filesystem), exit this wizard, mount the volume, and then use either a system or a third-party tool to format the mounted volume (the volume will remain encrypted).</string>
    <string lang="es" key="DEFAULT">Por defecto</string>
    <string lang="es" key="SECTOR">sector</string>
    <string lang="es" key="BLOCK">block</string>
    <string lang="es" key="PARTITION">Partición</string>
    <string lang="es" key="PARTITION_LC">partición</string>
    <string lang="en" key="PARTITION_UPPER_CASE">PARTITION</string>
    <string lang="es" key="DEVICE">Dispositivo</string>
    <string lang="es" key="DEVICE_LC">dispositivo</string>
    <string lang="en" key="DEVICE_UPPER_CASE">DEVICE</string>
    <string lang="es" key="CLUSTER_TOO_SMALL">El tamaño de cluster seleccionado es muy pequeño para el tamaño del volumen. En su lugar use un cluster mas grande.</string>
    <string lang="es" key="CANT_GET_VOLSIZE">Error: No se puede obtener el tamaño del volumen!\n\nAsegurese de que el volumen no está siendo utilizado por el sistema o una aplicación.</string>
    <string lang="es" key="HIDDEN_HOST_FAT_ONLY">Un volumen oculto sólo puede ser creado dentro de un volumen FAT.\n\nPara mayor información, consulte la documentation.</string>
    <string lang="en" key="HIDDEN_VOL_HOST_SPARSE">Hidden volumes shall not be created within dynamic (sparse file) containers. To achieve plausible deniability, the hidden volume shall be created within a regular volume.</string>
    <string lang="en" key="CANT_ACCESS_VOL">Error: Cannot access the volume!\n\nMake sure that the selected volume exists, that it is not mounted or being used by the system or an application, that you have read/write permission for the volume, and that it is not write-protected.</string>
    <string lang="es" key="CANT_DISMOUNT_OUTER_VOL">Error: No se puede desmontar el volumen externo!\n\nEl volumen no puede ser desmontado si contiene carpetas o archivos que estén siendo utilizados por el systema o una aplicación.\n\nCierre los programas que puedan estar utilizando los directorios o archivos del volumen y reintente desmontar.</string>
    <string lang="es" key="CANT_LOCK_OUTER_VOL">Error: No se puede bloquear el volumen externo!\n\nEl volumen no se puede bloquear si contiene carpetas o archivos que esten siendo utilizados por el sistema o una aplicación.\n\nCierre los programas que puedan estar usando los archivos o directorios del volumen y pulse Reintentar.\n\nPRECAUCIÓN: Si decide ignorar esto, asegurese de que después de pulsar Ignorar, no se escribirá información en el volumen hasta que se desmonte. El no hacerlo puede afectar egativamente la disponibilidad del volumen oculto!</string>
    <string lang="es" key="CANT_ACCESS_OUTER_VOL">Error: ¡No puede tener acceso al volumen externo! la creación del volumen de no puede continuar.</string>
    <string lang="es" key="CANT_MOUNT_OUTER_VOL">Error: ¡No puede montar el volumen externo! la creación del volumen de no puede continuar.</string>
    <string lang="es" key="CANT_GET_CLUSTER_BITMAP">Error: ¡No pudo obtener el mapeo de cluster del volumen! la creación del volumen de no puede continuar.</string>
    <string lang="es" key="ALPHABETICAL_CATEGORIZED">Alfabético/Categorizado</string>
    <string lang="es" key="MEAN_SPEED">Velocidad Media (Descendiendo)</string>
    <string lang="es" key="ALGORITHM">Algoritmo</string>
    <string lang="es" key="ENCRYPTION">Encripción</string>
    <string lang="es" key="DECRYPTION">Desencriptar</string>
    <string lang="es" key="MEAN">Medio</string>
    <string lang="es" key="DRIVE">Unidad</string>
    <string lang="es" key="VOLUME">Volumen</string>
    <string lang="es" key="SIZE">Tamaño</string>
    <string lang="es" key="ENCRYPTION_ALGORITHM">Algoritmo de Encripción</string>
    <string lang="en" key="ENCRYPTION_ALGORITHM_LV">Encryption algorithm</string>
    <string lang="es" key="TYPE">Tipo</string>
    <string lang="es" key="VALUE">Valor</string>
    <string lang="es" key="PROPERTY">Propiedades</string>
    <string lang="es" key="LOCATION">Localización</string>
    <string lang="es" key="BYTES">bytes</string>
    <string lang="es" key="HIDDEN">Oculto</string>
    <string lang="es" key="OUTER">Externo</string>
    <string lang="es" key="NORMAL">Normal</string>
    <string lang="es" key="READ_ONLY">Sólo Lectura</string>
    <string lang="es" key="HIDDEN_VOLUME">Volumen Oculto</string>
    <string lang="es" key="HID_VOL_DAMAGE_PREVENTED">Sí (¡prevenir daños!)</string>
    <string lang="es" key="NONE">Ninguno</string>
    <string lang="es" key="ACTIVE">Activo</string>
    <string lang="es" key="KEY_SIZE">Tamaño de la llave</string>
    <string lang="es" key="BITS">bits</string>
    <string lang="es" key="BLOCK_SIZE">Tamaño del bloque</string>
    <string lang="es" key="MODE">Modo</string>
    <string lang="es" key="PKCS5_PRF">PKCS-5 PRF</string>
    <string lang="es" key="PKCS5_ITERATIONS">PKCS-5 Cuenta de las iteraciones</string>
    <string lang="es" key="VOLUME_CREATE_DATE">Volumen Creado</string>
    <string lang="es" key="VOLUME_HEADER_DATE">Ultimo encabezado modificado</string>
    <string lang="es" key="VOLUME_HEADER_DAYS"> (hace %I64d dias)</string>
    <string lang="es" key="FIRST_AVAILABLE">Primero disponible</string>
    <string lang="es" key="REMOVABLE">Removible</string>
    <string lang="es" key="HARDDISK">Disco Duro</string>
    <string lang="es" key="UNCHANGED">Sin cambios</string>
    <string lang="en" key="AFTER_UPGRADE_RELEASE_NOTES">Do you want to view release notes for the current (latest stable) version of TrueCrypt?</string>
    <string lang="en" key="AFTER_INSTALL_TUTORIAL">If you have never used TrueCrypt before, we recommend that you read the chapter Beginner's Tutorial in the TrueCrypt User Guide. Do you want to view the tutorial?</string>
    <string lang="es" key="SELECT_INSTALL_DIR">Seleccione el directorio de instalación</string>
    <string lang="es" key="SETUP_ADMIN">Para instalar/desinstalar exitosamente TrueCrypt debe tener privilegios de Administrador, ¿Desea continuar?</string>
    <string lang="es" key="INSTALL_FAILED">Falló la instalación!</string>
    <string lang="es" key="UNINSTALL_FAILED">Falló la desinstalación!</string>
    <string lang="en" key="ROLLBACK">The installation has been rolled back.</string>
    <string lang="es" key="INSTALL_OK">TrueCrypt se ha instalado exitosamente.</string>
    <string lang="en" key="UNINSTALL_OK">TrueCrypt has been successfully uninstalled.\n\nClick 'Finish' to remove the TrueCrypt installer and the folder %hs. Note that the folder will not be removed if it contains any files that were not installed by the TrueCrypt installer or created by TrueCrypt.</string>
    <string lang="en" key="REMOVING_REG">Removing TrueCrypt registry entries</string>
    <string lang="es" key="ADDING_REG">Añadiendo entradas de registro</string>
    <string lang="es" key="REMOVING_APPDATA">Eliminando información específica de la aplicación</string>
    <string lang="en" key="INSTALLING">Installing</string>
    <string lang="es" key="COPYING">Copiando</string>
    <string lang="es" key="STOPPING">Deteniendo</string>
    <string lang="es" key="REMOVING">Removiendo</string>
    <string lang="es" key="SERVICE">Servicio</string>
    <string lang="es" key="ADDING_ICON">Agregando icono</string>
    <string lang="es" key="CREATING_SYS_RESTORE">Creando punto de restauración del sistema</string>
    <string lang="es" key="FAILED_SYS_RESTORE">¡No pudo crear el punto de restauración del sistema!</string>
    <string lang="es" key="SYS_RESTORE_CREATED">Se creo el punto de restauración</string>
    <string lang="es" key="INSTALL_OF_FAILED">La instalación de '%hs' ha fallado. %hs ¿Desea continuar instalando?</string>
    <string lang="es" key="UNINSTALL_OF_FAILED">La desinstalación de '%hs' ha fallado. %hs ¿Desea continuar la desinstalación?</string>
    <string lang="es" key="INSTALL_COMPLETED">La instalación completa.</string>
    <string lang="es" key="CANT_CREATE_FOLDER">La carpeta '%hs' no pudo ser creada</string>
    <string lang="en" key="CLOSE_TC_FIRST">The TrueCrypt device driver cannot be unloaded.\n\nPlease close all open TrueCrypt windows first. If it does not help, please restart Windows and then try again.</string>
    <string lang="en" key="DISMOUNT_ALL_FIRST">All TrueCrypt volumes must be dismounted before installing or uninstalling TrueCrypt.</string>
    <string lang="es" key="REG_INSTALL_FAILED">La instalación de las entradas del registro ha fallado</string>
    <string lang="en" key="DRIVER_INSTALL_FAILED">The installation of the device driver has failed. Please restart Windows and then try installing TrueCrypt again.</string>
    <string lang="es" key="STARTING_DRIVER">Iniciando el controlador del dispositivo TrueCrypt</string>
    <string lang="es" key="DRIVER_UINSTALL_FAILED">La desinstalación del controlador del dispositivo ha fallado</string>
    <string lang="es" key="INSTALLING_DRIVER">Instalar el controlador del dispositivo de TrueCrypt</string>
    <string lang="es" key="STOPPING_DRIVER">Deteniendo el controlador del dispositivo de TrueCrypt</string>
    <string lang="es" key="REMOVING_DRIVER">Desinstalando el controlador del dispositivo de TrueCrypt</string>
    <string lang="en" key="COM_REG_FAILED">Registration of the User Account Control support library failed.</string>
    <string lang="en" key="COM_DEREG_FAILED">Unregistration of the User Account Control support library failed.</string>
    <string lang="es" key="OUTER_VOL_WRITE_PREVENTED">Externo!</string>
    <string lang="es" key="DAYS">dias</string>
    <string lang="es" key="HOURS">horas</string>
    <string lang="es" key="MINUTES">minutos</string>
    <string lang="es" key="SECONDS">s</string>
    <string lang="es" key="OPEN">Abrir</string>
    <string lang="es" key="DISMOUNT">Desmontar</string>
    <string lang="es" key="SHOW_TC">Mostrar TrueCrypt</string>
    <string lang="es" key="HIDE_TC">Ocultar TrueCrypt</string>
    <string lang="es" key="TOTAL_DATA_READ">Datos leídos desde el montaje</string>
    <string lang="es" key="TOTAL_DATA_WRITTEN">Datos escritos desde el montaje</string>
    <string lang="es" key="FAVORITE_VOLUMES_SAVED">Volumenes Favoritos salvados.</string>
    <string lang="es" key="ENTER_PASSWORD_FOR">Introduzca contraseña para %hs</string>
    <string lang="es" key="KEYFILE_CREATED">Se ha creado con éxito el Archivo Llave.</string>
    <string lang="en" key="VOL_HEADER_BACKED_UP">Volume header backup has been successfully created.\n\nIMPORTANT: Restoring the volume header using this backup will also restore the current volume password. Moreover, if keyfile(s) are/is necessary to mount the volume, the same keyfile(s) will be necessary to mount the volume again when the volume header is restored.\n\nWARNING: This volume header backup may be used to restore the header ONLY of this particular volume. If you use this header backup to restore a header of a different volume, you will be able to mount the volume, but you will NOT be able to decrypt any data stored in the volume (because you will change its master key).</string>
    <string lang="es" key="VOL_HEADER_RESTORED">El encabezado del volumen ha sido restaurado exitosamente.\n\nIMPORTANT: Note que una contraseña antigua también pudo haber sido restaurada.</string>
    <string lang="es" key="CONFIRM_VOL_HEADER_BAK">¿Desea crear un respaldo del encabezado del volumen %hs ?\n\nDespués de aceptar, se le pedirá el nombre del archivo para el respaldo del encabezado de volumen. El encabezado del volumen y el área donde se encuentra el encabezado del volumen oculto\n\nserán respaldados (copiados en el archivo de respaldo), aún si no existen volúmenes ocultos en este volumen a fin de preservar la disponibilidad.</string>
    <string lang="es" key="CONFIRM_VOL_HEADER_RESTORE">¿Quiere restaurar el encabezado del volumen %hs ?\n\nPRECAUCIÓN: Restaurar un encabezado de volumen también restaura la contraseña del volumen que era válida en el momento en que se realizó el respaldo.\n\nDespués de aceptar, debe seleccionar el archivo de respaldo.</string>
    <string lang="en" key="HEADER_RESTORE_TYPE">Please select the type of TrueCrypt volume whose header you want to restore:</string>
    <string lang="en" key="RESTORE_NORMAL_VOLUME_HEADER">Restore header of standard volume</string>
    <string lang="en" key="RESTORE_HIDDEN_VOLUME_HEADER">Restore header of hidden volume</string>
    <string lang="es" key="CONFIRM_SAVE_FAVORITE_VOL">Guarde todos los volúmenes montados y su letra de unidad a la lista de Volúmenes Favoritos\n\nNota: Si no hay volúmenes montados, la lista de Volúmenes Favoritos será borrada.</string>
    <string lang="es" key="DISMOUNT_FIRST">Desmonte el volumen antes de proceder.</string>
    <string lang="es" key="IDPM_CHECK_FILESYS">Compruebe el Sistema de Archivos</string>
    <string lang="es" key="IDPM_REPAIR_FILESYS">Reparar el Sistemas de Archivos</string>
    <string lang="es" key="IDPM_PROPERTIES">C&amp;aracterísticas</string>
    <string lang="es" key="HIDDEN_VOL_PROTECTION">Volumen Oculto Protegido</string>
    <string lang="es" key="N_A_UISTR">N/A</string>
    <string lang="es" key="UISTR_YES">Si</string>
    <string lang="es" key="UISTR_NO">No</string>
    <string lang="es" key="MODE_OF_OPERATION">Modo de operación</string>
    <string lang="es" key="UNSUPPORTED_CHARS_IN_PWD">Error: La contraseña debe contener solamente de caracteres ASCII.\n\nlos caracteres de No-ASCII en contraseña pude ocasionar que el volumen sea imposible de montar cundo la configuración de su sistema cambie\n\nlos caracteres siguientes son permitidos:\n\n ! " # $ % &amp; ' ( ) * + , - . / 0 1 2 3 4  5 6 7 8 9 : ; &lt; = &gt; ? @ A B C D E F  G H I J K L M N O P Q R S T U V W X  Y Z [ \\ ] ^ _ ` a b c d e f g h i j k l m  n o p q r s t u v w k y z { | } ~</string>
    <string lang="es" key="UNSUPPORTED_CHARS_IN_PWD_RECOM">Advertencia: La contraseña contiene caracteres de no-ASCII. Esto puede causar que el volumen sea imposible montar cuando la configuración de de su sistema cambie.\n\nUsted debe sustituir todos los caracteres de no-ASCII en la contraseña por los caracteres  ASCII. Debe hacer click  en 'Volumenes' -&gt;  'Cambie La contraseña del Volumen';\n\nLos siguientes  caracteres son ASCII:\n\n  ! " # $ % &amp; ' ( ) * + , - . / 0 1 2 3 4  5 6 7 8 9 : ; &lt; = &gt; ? @ A B C D E F  G H I J K L M N O P Q R S T U V W X  Y Z [ \\ ] ^ _ ` a b c d e f g h i j k l m  n o p q r s t u v w k y z { | } ~</string>
    <string lang="en" key="EXE_FILE_EXTENSION_CONFIRM">WARNING: We recommend that you avoid file extensions that are used for executable files (such as .exe, .sys, or .dll). Using such file extensions often causes Windows and antivirus software to interfere with the container, which adversely affects the performance of the volume and may also cause other serious problems.\n\nContinue?</string>
    <string lang="en" key="EXE_FILE_EXTENSION_MOUNT_WARNING">WARNING: This container has a file extension that is used for executable files (such as .exe, .sys, or .dll). It will very likely cause Windows and antivirus software to interfere with the container, which will adversely affect the performance of the volume and may also cause other serious problems.\n\nWe recommend that you change or remove the file extension of the container (after you dismount the volume).</string>
    <string lang="es" key="HOMEPAGE">Pagina Inicial</string>
    <string lang="es" key="LARGE_IDE_WARNING_XP">ADVERTENCIA: Parece que no ha instalado el Service Pack 1 para su instalación de Windows. TrueCrypt No escribirá en discos IDE mayores de 128 GB bajo Windows XP si no se aplica el Service Pack 1 ¡más adelante! Si tiene datos sobre en el disco se pueden corromper (No importa si este es un volumen de TrueCrypt o no) . Observe que ésta es una limitación de Windows y no un fallo "bug” de TrueCrypt.</string>
    <string lang="es" key="LARGE_IDE_WARNING_2K">ADVERTENCIA: Parece que no ha instalado el Service Pack 3 o posteriores para su instalación de Windows. No debe escribir en discos IDE mayores a 128 GB bajo Windows 2000 en los que no ha instalado Service Pack 3 o posteriores! Si lo hace, la información del disco (no importa si es o no un volumen de TrueCrypt) puede corromperse. Note que esta es una limitación de Windows, y no un fallo "bug" de TrueCrypt.\n\nNota: Quizá sea necesario que habilite el soporte LBA de 48-bit en el registro; para mayor información consulte http://support.microsoft.com/kb/305098/EN-US</string>
    <string lang="en" key="LARGE_IDE_WARNING_2K_REGISTRY">WARNING: 48-bit LBA ATAPI support is disabled on your system. Therefore, you should not write to IDE disks larger than 128 GB! If you do, data on the disk (no matter if it is a TrueCrypt volume or not) may get corrupted. Note that this is a limitation of Windows, not a limitation of TrueCrypt.\n\nTo enable the 48-bit LBA support, add the 'EnableBigLba' registry value in the registry key HKEY_LOCAL_MACHINE\\SYSTEM\\CurrentControlSet\\Services\\atapi\\Parameters and set it to 1.\n\nFor more information, see http://support.microsoft.com/kb/305098</string>
    <string lang="en" key="VOLUME_TOO_LARGE_FOR_FAT32">Error: Files larger than 4 GB cannot be stored on a FAT32 file system. Therefore, file-hosted TrueCrypt volumes (containers) stored on a FAT32 file system cannot be larger than 4 GB.\n\nIf you need a larger volume, create it on an NTFS file system or, instead of creating a file-hosted volume, encrypt a partition.</string>
    <string lang="es" key="FREE_SPACE_FOR_WRITING_TO_OUTER_VOLUME">PRECAUCIÓN: Si desea poder añadir más información al volumen externo en un futuro, debería considerar seleccionar un tamaño de volumen oculto menor.\n\n¿Desea continuar con el tamaño especificado?</string>
    <string lang="es" key="NO_VOLUME_SELECTED">No seleccionó un volumen.\n\nPulse en 'Seleccione dispositivo' o en 'Seleccione archivo' para elegir un volumen TrueCrypt.</string>
    <string lang="es" key="CONFIRM_SAVE_DEFAULT_KEYFILES">¿Quiere guardar los archivos-llave/ruta como predeterminadas?\n\nPRECAUCIÓN: Si los archivos-llave estan como predeterminados y habilitados, los volúmenes que no utilicen estos archivos-llave no se podrán montar. Recuerde deshabilitar la casilla 'Usar archivos-llave' cuando monte esos volúmenes</string>
    <string lang="es" key="HK_AUTOMOUNT_DEVICES">Auto-montar los dispositivos</string>
    <string lang="es" key="HK_DISMOUNT_ALL">Desmontar Todo</string>
    <string lang="en" key="HK_WIPE_CACHE">Wipe Cache</string>
    <string lang="es" key="HK_FORCE_DISMOUNT_ALL_AND_WIPE">Forzar el desmontado de todo y limpiar Cache</string>
    <string lang="es" key="HK_FORCE_DISMOUNT_ALL_AND_WIPE_AND_EXIT">Forzar el desmontado de todo, limpiar el cache &amp; y Salir</string>
    <string lang="es" key="HK_MOUNT_FAVORITE_VOLUMES">Montar los Volumenes Favoritos</string>
    <string lang="es" key="HK_SHOW_HIDE_MAIN_WINDOW">Mostrar/Ocultar la ventana principal de TrueCrypt</string>
    <string lang="es" key="PRESS_A_KEY_TO_ASSIGN">(Click aquí y presione una tecla)</string>
    <string lang="es" key="ACTION">Acción</string>
    <string lang="es" key="SHORTCUT">Atajo</string>
    <string lang="es" key="CANNOT_USE_RESERVED_KEY">Error: Este atajo está reservado. Elija uno diferente.</string>
    <string lang="es" key="SHORTCUT_ALREADY_IN_USE">Error: Atajo actualmente en uso.</string>
    <string lang="en" key="HOTKEY_REGISTRATION_ERROR">WARNING: One or more TrueCrypt system-wide hot keys will not work!\n\nPlease make sure that other applications and the operating system do not use the same shortcut(s) as TrueCrypt.</string>
    <string lang="en" key="MOUNTED_VOLUMES_DISMOUNTED">All mounted TrueCrypt volumes have been dismounted.</string>
    <string lang="en" key="MOUNTED_VOLUMES_AUTO_DISMOUNTED">All mounted TrueCrypt volumes have been auto-dismounted.\n\nNote: You can disable or configure auto-dismount in the 'Auto-Dismount' section of the Preferences window (select Settings -&gt; Preferences).</string>
    <string lang="es" key="DISMOUNT_ALL_ATTEMPT_COMPLETED">Intento de desmontar todos los volúmenes de TrueCrypt que haya montado y dejo de usar.</string>
    <string lang="es" key="VOLUMES_DISMOUNTED_CACHE_WIPED">Se han desmontado todos los volúmenes montados de TrueCrypt y se han limpiado las contraseñas del cache.</string>
    <string lang="en" key="CONFIRM_TIMESTAMP_UPDATING">WARNING: If timestamps are not preserved, plausible deniability may be adversely affected!\n\nAre you sure you do not want container timestamps to be preserved?</string>
    <string lang="en" key="CONFIRM_BACKGROUND_TASK_DISABLED">WARNING: If the TrueCrypt Background Task is disabled, the following functions will be disabled whenever you exit TrueCrypt:\n\n1) Hot keys\n2) Auto-dismount (e.g., upon log off, inadvertent host device removal, time-out, etc.)\n3) Notifications (e.g., when damage to hidden volume is prevented)\n4) Tray icon\n\nNote: You may shut down the Background Task anytime by right-clicking the TrueCrypt tray icon and selecting 'Exit'.\n\nAre you sure you want to disable the TrueCrypt Background Task?</string>
    <string lang="es" key="CONFIRM_NO_FORCED_AUTODISMOUNT">ADVERTENCIA: Si esta opción es deshabilitada, el contenedor de los volúmenes abiertos  archivos/directorios no será posible auto desmontarlos.\n\n¿Desea deshabilitar esta opción?</string>
    <string lang="es" key="WARN_PREF_AUTO_DISMOUNT">ADVERTENCIA: los Volúmenes que contienen archivos/directorios no serán  auto-desmontados\n\n Para prevenir esto, ejecute la siguiente opción en esta misma ventana:  'Forzar auto-desmontar incluso si el volumen contiene archivos o directorios abiertos'</string>
    <string lang="en" key="CONFIRM_EXIT">WARNING: If TrueCrypt exits now, the following functions will be disabled:\n\n1) Hot keys\n2) Auto-dismount (e.g., upon log off, inadvertent host device removal, time-out, etc.)\n3) Notifications (e.g., when damage to hidden volume is prevented)\n\nNote: If you do not wish TrueCrypt to continue running in background after you close its window, disable the Background Task in the Preferences.\n\nAre you sure you want TrueCrypt to exit?</string>
    <string lang="es" key="HIDVOL_PROT_BKG_TASK_WARNING">PRECAUCIÓN: La tarea TrueCrypt en segundo plano es deshabilitada. Después de que salga de TrueCrypt, no será notificado si el daño al volumen oculto es prevenido.\n\nNota: Puede cerrar la tarea en segundo plano en cualquier momento, pulsando el botón derecho del ratón en el icono de TrueCrypt y seleccionar 'Salir'.\n\n¿Habilitar la Tarea TrueCrypt en Segundo Plano?</string>
    <string lang="es" key="LANG_PACK_VERSION">Ver. del paquete del Leng.: %s</string>
    <string lang="es" key="CHECKING_FS">Comprobando el sistema de archivos del volumen TrueCrypt montado como %hs...</string>
    <string lang="es" key="REPAIRING_FS">Se Intentó reparar el sistema de archivos sobre el volumen TrueCrypt montado como %hs...</string>
    <string lang="en" key="WARN_64_BIT_BLOCK_CIPHER">Warning: This volume is encrypted with a legacy encryption algorithm.\n\nAll 64-bit-block encryption algorithms (e.g., Blowfish, CAST-128, or Triple DES) are deprecated. It will be possible to mount this volume using future versions of TrueCrypt. However, there will be no further enhancements to the implementations of these legacy encryption algorithms. We recommend that you create a new TrueCrypt volume encrypted with a 128-bit-block encryption algorithm (e.g., AES, Serpent, Twofish, etc.) and that you move all files from this volume to the new volume.</string>
    <string lang="es" key="SYS_AUTOMOUNT_DISABLED">Su sistema no esta configurado para automontar volúmenes nuevos . Puede ser imposble montar dispositivos-hospedados de los volumenes TrueCrypt. Para el Automontaje puede ejecute el siguiente comando y reinicie el sistema.\n\nmountvol.exe /E</string>
    <string lang="en" key="SYS_ASSIGN_DRIVE_LETTER">Please assign a drive letter to the partition/device before proceeding ('Control Panel' &gt; 'System and Maintenance' &gt; 'Administrative Tools' - 'Create and format hard disk partitions').\n\nNote that this is a requirement of the operating system.</string>
    <string lang="en" key="MOUNT_TC_VOLUME">Mount TrueCrypt volume</string>
    <string lang="en" key="DISMOUNT_ALL_TC_VOLUMES">Dismount all TrueCrypt volumes</string>
    <string lang="en" key="UAC_INIT_ERROR">TrueCrypt failed to obtain Administrator privileges.</string>
    <string lang="en" key="ERR_ACCESS_DENIED">Access was denied by the operating system.\n\nPossible cause: The operating system requires that you have read/write permission (or administrator privileges) for certain folders, files, and devices, in order for you to be allowed to read and write data to/from them. Normally, a user without administrator privileges is allowed to create, read and modify files in his or her Documents folder.</string>
    <string lang="en" key="LARGE_SECTOR_UNSUPPORTED">Error: The selected device uses a sector size other than 512 bytes.\n\nIt is currently not possible to create device-hosted volumes on devices that use a sector size other than 512 bytes. However, note that you can create a file-hosted volume (container) on this device.</string>
    <string lang="es" key="KEYFILE">Archivo Llave</string>
    <string lang="en" key="VOLUME_LABEL">Name</string>
    <string lang="es" key="VKEY_08">Retroceso</string>
    <string lang="es" key="VKEY_09">Tabulador</string>
    <string lang="es" key="VKEY_0C">Limpiar</string>
    <string lang="es" key="VKEY_0D">Enter</string>
    <string lang="es" key="VKEY_13">Pausa</string>
    <string lang="es" key="VKEY_14">Bloquear Selección (Mayús./Minús.)</string>
    <string lang="es" key="VKEY_20">Barra Espaciadora</string>
    <string lang="es" key="VKEY_21">Página Arriba</string>
    <string lang="es" key="VKEY_22">Página Abajo</string>
    <string lang="es" key="VKEY_23">Fin</string>
    <string lang="es" key="VKEY_24">Inicio</string>
    <string lang="es" key="VKEY_25">Flecha Izquierda</string>
    <string lang="es" key="VKEY_26">Flecha Arriba</string>
    <string lang="es" key="VKEY_27">Flecha Derecha</string>
    <string lang="es" key="VKEY_28">Flecha Abajo</string>
    <string lang="es" key="VKEY_29">Seleccionar Llave</string>
    <string lang="es" key="VKEY_2A">Imprimir Llave</string>
    <string lang="es" key="VKEY_2B">Ejecutar Llave</string>
    <string lang="es" key="VKEY_2C">Imprimir Pantalla</string>
    <string lang="es" key="VKEY_2D">Insertar</string>
    <string lang="es" key="VKEY_2E">Borrar</string>
    <string lang="es" key="VKEY_5D">Llave de la Aplicación</string>
    <string lang="es" key="VKEY_5F">Detener/Sleep</string>
    <string lang="es" key="VKEY_90">Bloquear Num Lock</string>
    <string lang="es" key="VKEY_91">Bloquear el desplazamiento</string>
    <string lang="es" key="VKEY_A6">Atras Navegador</string>
    <string lang="es" key="VKEY_A7">Navegador adelante</string>
    <string lang="es" key="VKEY_A8">Refrescar el Navegador</string>
    <string lang="es" key="VKEY_A9">Parar el Navegador</string>
    <string lang="es" key="VKEY_AA">Buscador del Navegador</string>
    <string lang="es" key="VKEY_AB">Favoritos Navegador</string>
    <string lang="es" key="VKEY_AC">Inicio Navegador</string>
    <string lang="es" key="VKEY_AD">Silencio</string>
    <string lang="es" key="VKEY_AE">Bajar Volumen</string>
    <string lang="es" key="VKEY_AF">Levantar Volume</string>
    <string lang="es" key="VKEY_B0">Pista Siguientes</string>
    <string lang="es" key="VKEY_B1">Pista Anterior</string>
    <string lang="es" key="VKEY_B2">Parar Media</string>
    <string lang="es" key="VKEY_B3">Reproducir/Pausa Media</string>
    <string lang="es" key="VKEY_B4">Inicio de la Llave de Correo</string>
    <string lang="es" key="VKEY_B5">Seleccione Llave de Medios</string>
    <string lang="es" key="VKEY_B6">Aplicación 1</string>
    <string lang="es" key="VKEY_B7">Aplicación 2</string>
    <string lang="es" key="VKEY_F6">Attn</string>
    <string lang="es" key="VKEY_F7">CrSel</string>
    <string lang="es" key="VKEY_F8">ExSel</string>
    <string lang="es" key="VKEY_FA">Reproducir</string>
    <string lang="es" key="VKEY_FB">Zoom</string>
    <string lang="es" key="VK_NUMPAD">NumPadBloq Num</string>
    <string lang="es" key="VK_SHIFT">Shift</string>
    <string lang="es" key="VK_CONTROL">Control</string>
    <string lang="es" key="VK_ALT">Alt</string>
    <string lang="es" key="VK_WIN">Win</string>
    <string lang="es" key="BYTE">B</string>
    <string lang="es" key="KB">KB</string>
    <string lang="es" key="MB">MB</string>
    <string lang="es" key="GB">GB</string>
    <string lang="es" key="TB">TB</string>
    <string lang="es" key="PB">PB</string>
    <string lang="es" key="B_PER_SEC">B/s</string>
    <string lang="es" key="KB_PER_SEC">KB/s</string>
    <string lang="es" key="MB_PER_SEC">MB/s</string>
    <string lang="es" key="GB_PER_SEC">GB/s</string>
    <string lang="es" key="TB_PER_SEC">TB/s</string>
    <string lang="es" key="PB_PER_SEC">PB/s</string>
  </localization>
</TrueCrypt>
