﻿<?xml version="1.0" encoding="utf-8"?>
<TrueCrypt>
  <localization prog-version="4.3a">
    <!-- Languages -->
    <language langid="fr" name="Français" en-name="French" version="1.0.0" translators="Stéphane S." />
    <!-- Fonts -->
    <font lang="fr" class="normal" size="11" face="default" />
    <font lang="fr" class="bold" size="13" face="Arial" />
    <font lang="fr" class="fixed" size="12" face="Lucida Console" />
    <font lang="fr" class="title" size="21" face="Times New Roman" />
    <!-- Controls -->
    <control lang="fr" key="IDCANCEL">Annuler</control>
    <control lang="fr" key="IDC_ALL_USERS">Installer pour tous les utilisateurs</control>
    <control lang="fr" key="IDC_BROWSE">Parcourir...</control>
    <control lang="fr" key="IDC_DESKTOP_ICON">Icône de TrueCrypt sur le Bureau</control>
    <control lang="fr" key="IDC_FILE_TYPE">Associer l'extension '.tc' à TrueCrypt</control>
    <control lang="fr" key="IDC_INSTALL">Installer</control>
    <control lang="fr" key="IDC_PROG_GROUP">Ajouter TrueCrypt au menu Démarrer</control>
    <control lang="fr" key="IDC_SYSTEM_RESTORE">Créer un point de restauration système</control>
    <control lang="fr" key="IDC_UNINSTALL">Désinstaller</control>
    <control lang="fr" key="IDD_INSTALL">Installer TrueCrypt</control>
    <control lang="fr" key="IDD_UNINSTALL">Désinstaller TrueCrypt</control>
    <control lang="fr" key="IDT_INSTALL_DIR">Dans:</control>
    <control lang="fr" key="IDT_INSTALL_OPTIONS">Options d'installation</control>
    <control lang="fr" key="IDT_UNINSTALL_DIR">Désinstaller TrueCrypt de:</control>
    <control lang="fr" key="IDC_ABORT_BUTTON">Arrêter</control>
    <control lang="fr" key="IDC_CIPHER_TEST">Tester</control>
    <control lang="fr" key="IDC_HIDDEN_VOL">Créer un volume TrueCrypt caché </control>
    <control lang="fr" key="IDC_HIDDEN_VOL_HELP">Définition d'un volume caché</control>
    <control lang="fr" key="IDC_HIDVOL_WIZ_MODE_DIRECT">Créer un volume caché dans un volume TrueCrypt existant</control>
    <control lang="fr" key="IDC_HIDVOL_WIZ_MODE_FULL">Créer un volume TrueCrypt puis un volume caché à l'intérieur</control>
    <control lang="fr" key="IDC_KB">Ko</control>
    <control lang="fr" key="IDC_KEYFILES_ENABLE">Fichiers clé</control>
    <control lang="fr" key="IDC_KEY_FILES">Fichiers clé...</control>
    <control lang="fr" key="IDC_LINK_HASH_INFO">Infos : algorithmes de hachage</control>
    <control lang="fr" key="IDC_LINK_MORE_INFO_ABOUT_CIPHER">Plus d'informations</control>
    <control lang="fr" key="IDC_MB">Mo</control>
    <control lang="fr" key="IDC_NO_HISTORY">Ne jamais enregistrer l'historique</control>
    <control lang="fr" key="IDC_OPEN_OUTER_VOLUME">Ouvrir le volume externe</control>
    <control lang="fr" key="IDC_QUICKFORMAT">Formatage rapide</control>
    <control lang="fr" key="IDC_SELECT_DEVICE">Périphérique...</control>
    <control lang="fr" key="IDC_SELECT_FILE">Fichier...</control>
    <control lang="fr" key="IDC_SHOW_PASSWORD">Afficher mot de passe</control>
    <control lang="fr" key="IDC_SHOW_PASSWORD_HIDVOL_HOST">Afficher mot de passe</control>
    <control lang="fr" key="IDC_STD_VOL">Créer un volume TrueCrypt standard</control>
    <control lang="fr" key="IDC_WIZ_BENCHMARK">Banc de test</control>
    <control lang="fr" key="IDD_MKFS_DLG">Assistant de création de volume TrueCrypt</control>
    <control lang="fr" key="IDHELP">Aide</control>
    <control lang="fr" key="IDT_CLUSTER">Cluster </control>
    <control lang="fr" key="IDT_CONFIRM">Confirmer:</control>
    <control lang="fr" key="IDT_DONE">Terminé </control>
    <control lang="fr" key="IDT_ENCRYPTION_ALGO">Algorithme de chiffrement</control>
    <control lang="fr" key="IDT_FILESYSTEM">Système </control>
    <control lang="fr" key="IDT_FORMAT_OPTIONS">Options</control>
    <control lang="fr" key="IDT_HASH_ALGO">Algorithme de hachage</control>
    <control lang="fr" key="IDT_HEADER_KEY">Clé d'en-tête: </control>
    <control lang="fr" key="IDT_LEFT">Reste </control>
    <control lang="fr" key="IDT_MASTER_KEY">Clé principale: </control>
    <control lang="fr" key="IDT_PASSWORD">Mot de passe:</control>
    <control lang="fr" key="IDT_RANDOM_POOL">Nb aléatoire: </control>
    <control lang="fr" key="IDT_SPEED">Vitesse </control>
    <control lang="fr" key="IDCLOSE">Fermer</control>
    <control lang="fr" key="IDC_AUTORUN_DISABLE">Ne rien faire</control>
    <control lang="fr" key="IDC_AUTORUN_MOUNT">Montage automatique d'un volume TrueCrypt (ci-dessous)</control>
    <control lang="fr" key="IDC_AUTORUN_START">Exécuter TrueCrypt</control>
    <control lang="fr" key="IDC_BROWSE_DIRS">Parcourir...</control>
    <control lang="fr" key="IDC_BROWSE_FILES">Parcourir...</control>
    <control lang="fr" key="IDC_CACHE">Mots de passe et fichiers de clé en cache</control>
    <control lang="fr" key="IDC_CLOSE_BKG_TASK_WHEN_NOVOL">Quitter quand il n'y a aucun volume monté</control>
    <control lang="fr" key="IDC_COPY_WIZARD">Inclure l'assistant de création de volume TrueCrypt</control>
    <control lang="fr" key="IDC_CREATE">Créer</control>
    <control lang="fr" key="IDC_CREATE_VOLUME">Créer un volume</control>
    <control lang="fr" key="IDC_DISMOUNT_CONFIRM_MSG_BOX">Afficher la boîte de confirmation après le démontage</control>
    <control lang="fr" key="IDC_DISMOUNT_CONFIRM_PLAY_SOUND">Jouer un son après le montage/démontage</control>
    <control lang="fr" key="IDC_ENABLE_KEYFILES">Fichiers clé</control>
    <control lang="fr" key="IDC_ENABLE_NEW_KEYFILES">Fichiers clé</control>
    <control lang="fr" key="IDC_EXIT">Quitter</control>
    <control lang="fr" key="IDC_HK_MOD_ALT">Alt</control>
    <control lang="fr" key="IDC_HK_MOD_CTRL">Ctrl</control>
    <control lang="fr" key="IDC_HK_MOD_SHIFT">Shift</control>
    <control lang="fr" key="IDC_HK_MOD_WIN">Win</control>
    <control lang="fr" key="IDC_HOTKEY_ASSIGN">Affecter</control>
    <control lang="fr" key="IDC_HOTKEY_REMOVE">Supprimer</control>
    <control lang="fr" key="IDC_KEYFILES">Fichiers clé...</control>
    <control lang="fr" key="IDC_MOUNTALL">Montage automatique</control>
    <control lang="fr" key="IDC_MOUNT_OPTIONS">Options...</control>
    <control lang="fr" key="IDC_MOUNT_READONLY">Monter le volume en lecture seule</control>
    <control lang="fr" key="IDC_NEW_KEYFILES">Fichiers clé...</control>
    <control lang="fr" key="IDC_PREFS_HOTKEY_SETTINGS">Raccourcis...</control>
    <control lang="fr" key="IDC_PREFS_KEYFILE_SETTINGS">Fichiers clé par défaut</control>
    <control lang="fr" key="IDC_PREF_BKG_TASK_ENABLE">Activer</control>
    <control lang="fr" key="IDC_PREF_CACHE_PASSWORDS">Mots de passe en cache</control>
    <control lang="fr" key="IDC_PREF_CLOSE_DISMOUNTED_WINDOWS">Fermer toutes les fenêtres de l'Explorateur du volume à démonter</control>
    <control lang="fr" key="IDC_PREF_DISMOUNT_INACTIVE">Auto-démontage quand aucune donnée n'a été lue/écrite durant</control>
    <control lang="fr" key="IDC_PREF_DISMOUNT_LOGOFF">L'utilisateur se déconnecte</control>
    <control lang="fr" key="IDC_PREF_DISMOUNT_POWERSAVING">PC en mode économie d'énergie</control>
    <control lang="fr" key="IDC_PREF_DISMOUNT_SCREENSAVER">Activation écran de veille</control>
    <control lang="fr" key="IDC_PREF_FORCE_AUTO_DISMOUNT">Forcer l'auto-démontage même s'il y a encore des fichiers ouverts</control>
    <control lang="fr" key="IDC_PREF_LOGON_MOUNT_DEVICES">Monter tous les volumes TrueCrypt</control>
    <control lang="fr" key="IDC_PREF_LOGON_MOUNT_FAVORITES">Monter les volumes favoris</control>
    <control lang="fr" key="IDC_PREF_LOGON_START">Exécuter TrueCrypt</control>
    <control lang="fr" key="IDC_PREF_MOUNT_READONLY">Monter les volumes en lecture seule</control>
    <control lang="fr" key="IDC_PREF_MOUNT_REMOVABLE">Monter les volumes comme des médias amovibles</control>
    <control lang="fr" key="IDC_PREF_OPEN_EXPLORER">Ouvrir la fenêtre de l'Explorateur des volumes montés avec succès</control>
    <control lang="fr" key="IDC_PREF_WIPE_CACHE_ON_AUTODISMOUNT">Vider cache des mots de passe au démontage</control>
    <control lang="fr" key="IDC_PREF_WIPE_CACHE_ON_EXIT">Vider le cache des mots de passe en quittant</control>
    <control lang="fr" key="IDC_PRESERVE_TIMESTAMPS">Préserver l'horodatage des fichiers des conteneurs</control>
    <control lang="fr" key="IDC_RESET_HOTKEYS">Réinitialiser</control>
    <control lang="fr" key="IDC_SHOW_PASSWORD_CHPWD_NEW">Afficher mot de passe</control>
    <control lang="fr" key="IDC_SHOW_PASSWORD_CHPWD_ORI">Afficher mot de passe</control>
    <control lang="fr" key="IDC_TRAVEL_OPEN_EXPLORER">Ouvrir l'Explorateur pour le volume monté</control>
    <control lang="fr" key="IDC_TRAV_CACHE_PASSWORDS">Mot de passe en cache</control>
    <control lang="fr" key="IDC_UNMOUNTALL">Tout démonter</control>
    <control lang="fr" key="IDC_VOLUME_PROPERTIES">Propriétés du volume</control>
    <control lang="fr" key="IDC_VOLUME_TOOLS">Outils pour le volume</control>
    <control lang="fr" key="IDC_WIPE_CACHE">Vider le cache</control>
    <control lang="fr" key="IDD_HOTKEYS_DLG">TrueCrypt - Raccourcis système</control>
    <control lang="fr" key="IDD_MOUNT_DLG">TrueCrypt</control>
    <control lang="fr" key="IDD_PASSWORDCHANGE_DLG">Modifier le mot de passe et les fichiers clé du volume</control>
    <control lang="fr" key="IDD_PASSWORD_DLG">Entrer le mot de passe du volume TrueCrypt</control>
    <control lang="fr" key="IDD_PREFERENCES_DLG">TrueCrypt - Préférences</control>
    <control lang="fr" key="IDD_TRAVELLER_DLG">Paramétrage du disque de voyage TrueCrypt</control>
    <control lang="fr" key="IDD_VOLUME_PROPERTIES">Propriétés du volume TrueCrypt</control>
    <control lang="fr" key="IDM_ABOUT">A propos...</control>
    <control lang="fr" key="IDM_ADD_REMOVE_VOL_KEYFILES">Ajouter/Supprimer des fichiers clé au/du volume...</control>
    <control lang="fr" key="IDM_BACKUP_VOL_HEADER">Sauvegarder l'en-tête du volume...</control>
    <control lang="fr" key="IDM_BENCHMARK">Banc de test...</control>
    <control lang="fr" key="IDM_BUGREPORT">Signaler un bogue...</control>
    <control lang="fr" key="IDM_CHANGE_HEADER_KEY_DERIV_ALGO">Paramétrer l'algorithme de dérivation de la clé d'en-tête...</control>
    <control lang="fr" key="IDM_CHANGE_PASSWORD">Modifier le mot de passe du volume</control>
    <control lang="fr" key="IDM_CLEAR_HISTORY">Effacer l'historique du volume</control>
    <control lang="fr" key="IDM_CONTACT">Contact...</control>
    <control lang="fr" key="IDM_CREATE_VOLUME">Créer un nouveau volume...</control>
    <control lang="fr" key="IDM_DEFAULT_KEYFILES">Fichiers clé par défaut...</control>
    <control lang="fr" key="IDM_DONATIONS">Dons...</control>
    <control lang="fr" key="IDM_EXIT">Quitter</control>
    <control lang="fr" key="IDM_FAQ">Foire aux questions</control>
    <control lang="fr" key="IDM_FORUMS">Forums</control>
    <control lang="fr" key="IDM_GENERATE_KEYFILE">Générer aléatoirement un fichier clé</control>
    <control lang="fr" key="IDM_HELP">Guide de l'utilisateur</control>
    <control lang="fr" key="IDM_HOMEPAGE">Site web </control>
    <control lang="fr" key="IDM_HOTKEY_SETTINGS">Raccourcis...</control>
    <control lang="fr" key="IDM_KEYFILE_GENERATOR">Générateur de fichier clé</control>
    <control lang="fr" key="IDM_LANGUAGE">Langue...</control>
    <control lang="fr" key="IDM_LICENSE">Notices légales</control>
    <control lang="fr" key="IDM_MOUNTALL">Monter automatiquement tous les volumes à périphérique hébergé</control>
    <control lang="fr" key="IDM_MOUNT_FAVORITE_VOLUMES">Monter les volumes favoris</control>
    <control lang="fr" key="IDM_MOUNT_VOLUME">Monter le volume</control>
    <control lang="fr" key="IDM_MOUNT_VOLUME_OPTIONS">Monter le volume avec options</control>
    <control lang="fr" key="IDM_NEWS">Quoi de neuf</control>
    <control lang="fr" key="IDM_ONLINE_HELP">Aide en ligne</control>
    <control lang="fr" key="IDM_ONLINE_TUTORIAL">Didactitiel pour débuter</control>
    <control lang="fr" key="IDM_PREFERENCES">Préférences...</control>
    <control lang="fr" key="IDM_REFRESH_DRIVE_LETTERS">Actualiser les lettres de lecteur</control>
    <control lang="fr" key="IDM_REMOVE_ALL_KEYFILES_FROM_VOL">Supprimer tous les fichiers clé du volume...</control>
    <control lang="fr" key="IDM_RESTORE_VOL_HEADER">Restaurer l'en-tête du volume...</control>
    <control lang="fr" key="IDM_SAVE_FAVORITE_VOLUMES">Sauvegarder les volumes montés actuellement comme favoris</control>
    <control lang="fr" key="IDM_SELECT_DEVICE">Périphérique...</control>
    <control lang="fr" key="IDM_SELECT_FILE">Fichier...</control>
    <control lang="fr" key="IDM_SET_DEFAULT_KEYFILES">Définir les fichiers clé/emplacements par défaut...</control>
    <control lang="fr" key="IDM_TC_DOWNLOADS">Téléchargements</control>
    <control lang="fr" key="IDM_TEST_VECTORS">Test des vecteurs...</control>
    <control lang="fr" key="IDM_TRAVELLER">Paramétrer le disque de voyage...</control>
    <control lang="fr" key="IDM_UNMOUNTALL">Démonter tous les volumes montés</control>
    <control lang="fr" key="IDM_UNMOUNT_VOLUME">Démonter le volume</control>
    <control lang="fr" key="IDM_VERSION_HISTORY">Historique</control>
    <control lang="fr" key="IDM_VOLUME_PROPERTIES">Propriétés du volume</control>
    <control lang="fr" key="IDM_VOLUME_WIZARD">Assistant de création de volume</control>
    <control lang="fr" key="IDM_WEBSITE">Site web TrueCrypt</control>
    <control lang="fr" key="IDM_WIPE_CACHE">Vider le cache des mots de passe</control>
    <control lang="fr" key="IDOK">OK</control>
    <control lang="fr" key="IDT_ASSIGN_HOTKEY">Raccourci</control>
    <control lang="fr" key="IDT_AUTORUN">Configuration de l'autorun (autorun.inf)</control>
    <control lang="fr" key="IDT_AUTO_DISMOUNT">Démontage automatique</control>
    <control lang="fr" key="IDT_AUTO_DISMOUNT_ON">Tout démonter quand:</control>
    <control lang="fr" key="IDT_CONFIRM_PASSWORD">Confirmer:</control>
    <control lang="fr" key="IDT_CURRENT">Actuel</control>
    <control lang="fr" key="IDT_DEFAULT_MOUNT_OPTIONS">Options de montage par défaut</control>
    <control lang="fr" key="IDT_DISMOUNT_ACTION">Options de raccourci</control>
    <control lang="fr" key="IDT_FILE_SETTINGS">Paramètres de fichier</control>
    <control lang="fr" key="IDT_HOTKEY_KEY">Touche:</control>
    <control lang="fr" key="IDT_LOGON">Actions à effectuer à l'ouverture d'une session Windows</control>
    <control lang="fr" key="IDT_MINUTES">minutes</control>
    <control lang="fr" key="IDT_MOUNT_LETTER">Monter le volume avec la lettre de lecteur:</control>
    <control lang="fr" key="IDT_MOUNT_SETTINGS">Paramètres de montage</control>
    <control lang="fr" key="IDT_NEW">Nouveau</control>
    <control lang="fr" key="IDT_NEW_PASSWORD">Mot de passe:</control>
    <control lang="fr" key="IDT_PKCS5_PRF">PKCS-5 PRF:</control>
    <control lang="fr" key="IDT_PW_CACHE_OPTIONS">Mots de passe en cache</control>
    <control lang="fr" key="IDT_TASKBAR_ICON">Tâche TrueCrypt en arrière-plan </control>
    <control lang="fr" key="IDT_TRAVELLER_MOUNT">Volume TrueCrypt à monter (par rapport à la racine du disque de voyage):</control>
    <control lang="fr" key="IDT_TRAVEL_INSERTION">A l'insertion du disque de voyage: </control>
    <control lang="fr" key="IDT_TRAVEL_ROOT">Créer des fichiers de disque de voyage sur (racine du disque de voyage):</control>
    <control lang="fr" key="IDT_VOLUME">Volume</control>
    <control lang="fr" key="IDT_WINDOWS_RELATED_SETTING">Windows</control>
    <control lang="fr" key="IDC_ADD_KEYFILE_PATH">Ajouter un chemin</control>
    <control lang="fr" key="IDC_AUTO">Auto-tests</control>
    <control lang="fr" key="IDC_DECRYPT">Déchiffrer</control>
    <control lang="fr" key="IDC_DISPLAY_POOL_CONTENTS">Afficher le nombre aléatoire</control>
    <control lang="fr" key="IDC_DONATIONS">Dons...</control>
    <control lang="fr" key="IDC_ENCRYPT">Chiffrer</control>
    <control lang="fr" key="IDC_GENERATE_AND_SAVE_KEYFILE">Générer et sauvegarder le fichier clé...</control>
    <control lang="fr" key="IDC_GENERATE_KEYFILE">Générer aléatoirement un fichier clé</control>
    <control lang="fr" key="IDC_GET_LANG_PACKS">Télécharger un pack de langue</control>
    <control lang="fr" key="IDC_KEYADD">Ajouter un fichier</control>
    <control lang="fr" key="IDC_KEYFILES_ENABLE_HIDVOL_PROT">Utiliser les fichiers clé</control>
    <control lang="fr" key="IDC_KEYFILES_HIDVOL_PROT">Fichiers clé...</control>
    <control lang="fr" key="IDC_KEYREMOVE">Supprimer</control>
    <control lang="fr" key="IDC_KEYREMOVEALL">Tout supprimer</control>
    <control lang="fr" key="IDC_LINK_HIDVOL_PROTECTION_INFO">Qu'est-ce que la protection d'un volume caché?</control>
    <control lang="fr" key="IDC_LINK_KEYFILES_INFO">Qu'est-ce qu'un fichier clé?</control>
    <control lang="fr" key="IDC_LRW_INDEX_LSB">Bit le moins significatif en 1er</control>
    <control lang="fr" key="IDC_LRW_MODE_ENABLED">Mode LRW</control>
    <control lang="fr" key="IDC_MOUNT_REMOVABLE">Monter le volume comme un média amovible</control>
    <control lang="fr" key="IDC_PERFORM_BENCHMARK">Test</control>
    <control lang="fr" key="IDC_PROTECT_HIDDEN_VOL">Empêcher les dommages causés en écrivant dans le volume externe</control>
    <control lang="fr" key="IDC_RESET">Réinitialiser</control>
    <control lang="fr" key="IDC_SHOW_PASSWORD_MO">Afficher mot de passe</control>
    <control lang="fr" key="IDD_ABOUT_DLG">A propos de TrueCrypt</control>
    <control lang="fr" key="IDD_BENCHMARK_DLG">TrueCrypt - Banc de test de l'algorithme de chiffrement</control>
    <control lang="fr" key="IDD_CIPHER_TEST_DLG">TrueCrypt - Test des vecteurs</control>
    <control lang="fr" key="IDD_COMMANDHELP_DLG">Aide sur la commande en ligne</control>
    <control lang="fr" key="IDD_KEYFILES">TrueCrypt - Fichiers clé</control>
    <control lang="fr" key="IDD_KEYFILE_GENERATOR">TrueCrypt - Générateur de fichier clé</control>
    <control lang="fr" key="IDD_LANGUAGE">TrueCrypt - Langue</control>
    <control lang="fr" key="IDD_LEGAL_NOTICES_DLG">TrueCrypt - Notices légales</control>
    <control lang="fr" key="IDD_MOUNT_OPTIONS">TrueCrypt - Options de montages</control>
    <control lang="fr" key="IDD_RAWDEVICES_DLG">Sélectionner une partition ou un périphérique</control>
    <control lang="fr" key="IDT_ACTIVE_LANG_PACK">Fichier de la langue en cours d'utilisation</control>
    <control lang="fr" key="IDT_BOX_BENCHMARK_INFO">La vitesse est affectée par la charge du CPU et ainsi que par les caractéristiques du périphérique de stockage.\n\nCes tests ont lieu en RAM.</control>
    <control lang="fr" key="IDT_BUFFER_SIZE">Tampon:</control>
    <control lang="fr" key="IDT_CIPHER">Chiffrement:</control>
    <control lang="fr" key="IDT_HIDDEN_PROT_PASSWD">Mot de passe du volume caché:\n(s'il est vide, celui en cache sera utilisé)</control>
    <control lang="fr" key="IDT_HIDDEN_VOL_PROTECTION">Protection du volume caché</control>
    <control lang="fr" key="IDT_KEY">Taille de la clé:</control>
    <control lang="fr" key="IDT_KEYFILE_GENERATOR_NOTE">Déplacez aléatoirement la souris dans cette fenêtre. Plus longtemps vous le faites, mieux c'est.</control>
    <control lang="fr" key="IDT_KEYFILE_WARNING">AVERTISSEMENT: Si vous perdez un fichier clé ou si tout bit de ses 1024 premiers kilooctets change, il sera impossible de monter les volumes utilisant ce fichier clé!</control>
    <control lang="fr" key="IDT_KEY_UNIT">bits</control>
    <control lang="fr" key="IDT_LANGPACK_AUTHORS">Traduit par:</control>
    <control lang="fr" key="IDT_LRW_BLOCK_INDEX">Index de bloc (hexadécimal)</control>
    <control lang="fr" key="IDT_LRW_KEY">Clé secondaire (hexadécimal)</control>
    <control lang="fr" key="IDT_LRW_MODE">Mode LRW</control>
    <control lang="fr" key="IDT_PLAINTEXT">Taille:</control>
    <control lang="fr" key="IDT_PLAINTEXT_SIZE_UNIT">bits</control>
    <control lang="fr" key="IDT_POOL_CONTENTS">Nombre aléatoire actuel</control>
    <control lang="fr" key="IDT_PRF">Mélange PRF:</control>
    <control lang="fr" key="IDT_SORT_METHOD">Méthode de tri:</control>
    <control lang="fr" key="IDT_TEST_CIPHERTEXT">Cryptogramme (hexadécimal)</control>
    <control lang="fr" key="IDT_TEST_KEY">Clé (hexadécimal)</control>
    <control lang="fr" key="IDT_TEST_PLAINTEXT">Texte en clair (hexadecimal)</control>
    <control lang="fr" key="IDT_KEYFILES_NOTE">Tout type de fichier (ex: MP3/JPG/ZIP/AVI) peut être utilisé comme fichier clé. Le contenu des fichiers clé n'est jamais modifié. Vous pouvez sélectionner plus d'un fichier clé (sans ordre). Si vous ajoutez un dossier, tous les fichiers qui y sont contenus seront utilisés comme fichiers clé.</control>
    <control lang="fr" key="IDT_TEST_CONFIG">Configuration (taille en octets)</control>
    <control lang="fr" key="IDD_PCDM_CHANGE_PKCS5_PRF">Paramétrer l'algorithme de dérivation de la clé d'en-tête</control>
    <control lang="fr" key="IDD_PCDM_ADD_REMOVE_VOL_KEYFILES">Ajouter/Supprimer les fichiers clé au/du volume</control>
    <control lang="fr" key="IDD_PCDM_REMOVE_ALL_KEYFILES_FROM_VOL">Supprimer tous les fichiers clé du volume</control>
    <control lang="fr" key="IDT_EXPLORER_OPTIONS">Explorateur Windows</control>
    <control lang="fr" key="IDC_BROWSE_KEYFILES">Parcourir...</control>
    <control lang="fr" key="IDD_KEYFILE_GENERATOR_DLG">TrueCrypt - Générateur de fichier clé</control>
    <control lang="fr" key="IDT_LICENSE">Accord de licence:</control>
    <control lang="fr" key="IDT_UNINSTALL_INFO">Aucun volume TrueCrypt ne sera effacé. Les entrées de la base de registre HKLM\\SYSTEM\\ControlSet001\\Enum\\Root\\LEGACY_TRUECRYPT ne peuvent pas être enlevées car Windows n'autorise pas leur suppression.</control>
    <control lang="fr" key="MENU_FILE">Fichier</control>
    <control lang="fr" key="MENU_VOLUMES">&amp;Volumes</control>
    <control lang="fr" key="MENU_KEYFILES">Fichiers &amp;clé</control>
    <control lang="fr" key="MENU_TOOLS">&amp;Outils</control>
    <control lang="fr" key="MENU_SETTINGS">&amp;Paramètres</control>
    <control lang="fr" key="MENU_HELP">&amp;Aide</control>
    <control lang="fr" key="MENU_WEBSITE">   &amp;Site Web   </control>
    <!-- Strings -->
    <string lang="fr" key="ABOUTBOX">A propos...</string>
    <string lang="fr" key="ACCESSMODEFAIL">L'attribut lecture seule sur votre ancien volume n'a pas pû être changé. Vérifez les permissions d'accès.</string>
    <string lang="fr" key="ACCESS_DENIED">Erreur: Accès refusé.\n\nLa partition à laquelle vous essayez d'accéder fait soit 0 secteur de long, soit elle n'est pas bootable.</string>
    <string lang="fr" key="ADMIN_PRIVILEGES_DRIVER">Pour charger le pilote TrueCrypt vous avez besoin d'être connecté avec un compte ayant des privilèges d'administrateur.</string>
    <string lang="fr" key="ADMIN_PRIVILEGES_WARN_DEVICES">Notez que pour chiffrer/formater une partition/périphérique vous devez être connecté avec un compte possédant des droits d'administrateur.\n\nCela ne s'applique pas aux volumes à fichier hébergé (file-hosted volumes).</string>
    <string lang="fr" key="ADMIN_PRIVILEGES_WARN_HIDVOL">Pour créer un volume caché vous devez  être connecté à un compte possédant des droits d'administrateur.\n\nContinuer?</string>
    <string lang="fr" key="ADMIN_PRIVILEGES_WARN_NTFS">Notez que pour formater le volume en NTFS vous devez être connecté avec un compte possédant des droits d'administrateur.\n\nSans droits d'administrateur, vous pouvez formater le volume en FAT.</string>
    <string lang="fr" key="AES_HELP">Algorithme cryptographique (Rijndael, publié en 1998) approuvé par la FIPS qui peut être utilisé par les agences/départements fédéraux américains pour protéger cryptographiquement les informations sensibles. Clé à 256 bits, bloc de 128 bits, 14 rondes (AES-256). Le mode opératoire est LRW.</string>
    <string lang="fr" key="ALREADY_MOUNTED">Le volume est déjà monté.</string>
    <string lang="fr" key="ERR_SELF_TESTS_FAILED">ATTENTION: Au moins un algorithme de chiffrement ou de hachage a échoué aux tests automatiques! L'installation de TrueCrypt peut être corrompue.</string>
    <string lang="fr" key="ERR_NOT_ENOUGH_RANDOM_DATA">ATTENTION: Il n'y a pas assez de données dans la réserve du générateur de nombres aléatoires pour fournir la quantité de données aléatoires demandée.\n\nVous ne devriez pas continuer. Sélectionnez 'Signaler un bogue' depuis le menu d'aide.</string>
    <string lang="fr" key="BAD_DRIVE_LETTER">Lettre de lecteur invalide.</string>
    <string lang="fr" key="CANCEL">Annuler</string>
    <string lang="fr" key="CANNOT_CALC_SPACE">Impossible d'accéder au périphérique. Vérifiez qu'il existe et qu'il n'est pas utilisé par le système.</string>
    <string lang="fr" key="CAPSLOCK_ON">Avertissement: Majuscules activées. Ceci peut vous empêcher de saisir correctement votre mot de passe.</string>
    <string lang="fr" key="CIPHER_HIDVOL_HOST_TITLE">Options de chiffrement du volume externe</string>
    <string lang="fr" key="CIPHER_HIDVOL_TITLE">Options de chiffrement du volume caché</string>
    <string lang="fr" key="CIPHER_TITLE">Options de chiffrement</string>
    <string lang="fr" key="CLEAN_WINMRU_FAILED">AVERTISSEMENT: L'effacement de l'emplacement du dernier volume/fichier clé sélectionné a échoué (enregistré par le sélecteur de fichiers)!</string>
    <string lang="fr" key="COMPRESSION_NOT_SUPPORTED">Erreur: Le volume a été compressé au niveau du système d'exploitation. TrueCrypt ne supporte pas les conteneurs compressés (notez que la compression de données chiffrées est inefficace et redondante).\n\nDésactivez la compression du conteneur en suivant ces étapes: 1) Cliquez-droit sur le conteneur (dans l'Explorateur de Windows). 2) Sélectionnez 'Propriétés'. 3) Sur l'onglet 'Général', cliquez sur 'Avancé'. 4) Dans 'Attributs avancés' décochez 'Compresser le contenu pour minimiser l'espace disque nécessaire'. Cliquez 'OK'. 5) Dans 'Propriétés', cliquez 'OK'.</string>
    <string lang="fr" key="CREATE_FAILED">La création du volume %hs a échoué</string>
    <string lang="fr" key="DEVICE_FREE_BYTES">La taille de %hs est de %.2f octets</string>
    <string lang="fr" key="DEVICE_FREE_GB">La taille de %hs est de %d Go</string>
    <string lang="fr" key="DEVICE_FREE_KB">La taille de %hs est de %.2f Ko</string>
    <string lang="fr" key="DEVICE_FREE_MB">La taille de %hs est de %.2f Mo</string>
    <string lang="fr" key="DEVICE_FREE_PB">La taille de %hs est de %d Po</string>
    <string lang="fr" key="DEVICE_FREE_TB">La taille de %hs est de %d To</string>
    <string lang="fr" key="DEVICE_IN_USE">AVERTISSEMENT: Périphérique/partition en cours d'utilisation!\n\nL'ignorer peut causer des résultats indésirables. Fermez les applications qui utilisent le périphérique/la partition avant de monter le volume.\n\nContinuer le montage?</string>
    <string lang="fr" key="DEVICE_IN_USE_FORMAT">AVERTISSEMENT: La partition/le périphérique est utilisé par le système ou une application. Formater peut conduire à une perte de données ou une instabilité du système.\n\nContinuer?</string>
    <string lang="fr" key="FORMAT_CANT_DISMOUNT_FILESYS">Erreur: Le périphérique/la partition contient un système de fichiers qui n'a pas pû être démonté. Le système de fichiers peut être utilisé par le système d'exploitation. Formater le périphérique/la partition peut conduire à la corruption des données et à l'instabilité du système.\n\n Pour résoudre ce problème, il est recommandé de supprimer la partition puis de la recréer sans la formater. Pour se faire, faites comme suit:\n1)Cliquez-droit sur 'Poste de Travail', sélectionnez 'Gérer'. La fenêtre 'Gestion de l'ordinateur' devrait apparaître.\n2) Dans 'Gestion de l'ordinateur' sélectionnez 'Stockage' &gt; 'Gestion des disques'.\n3) Cliquez-droit sur la partition à chiffrer puis choisissez soit 'Supprimer la partition' ou 'Supprimer le volume' ou 'Supprimer le disque logique'.\n4) Cliquez 'Oui'. Si Windows propose de redémarrer, faites-le. Puis répétez les étapes 1 et 2 puis continuez à partir de l'étape 5.\n5) Cliquez-droit sur l'espace libre et choisissez soit 'Nouvelle partition' ou 'Nouveau volume simple' ou 'Nouveau disque logique'.\n6) La fenêtre d'un assistant apparaît, suivez ses instructions. Sur la page de l'assistant intitulée 'Formater la partition' choisissez soit 'Ne pas formater cette partition' ou 'Ne pas formater ce volume'. Cliquez sur 'Suivant'. Puis sur 'Terminer'.\n7) Notez que le chemin du périphérique sélectionné dans TrueCrypt peut être désormais erroné. Aussi quittez l'assistant de Création de Volume TrueCrypt si besoin est et relancez-le.\n8) Dans TrueCrypt, essayez à nouveau de chiffrer le périphérique/la partition.\n\nSi TrueCrypt continue d'échouer le chiffrement, pensez alors à créer un fichier conteneur à la place.</string>
    <string lang="fr" key="DEVICE_IN_USE_INFO">AVERTISSEMENT: Certains périphériques/partitions étaient déjà en cours d'utilisation!\n\nL'ignorer peut causer des résultats indésirables.\n\nNous vous recommandons de fermer toutes les applications pouvant utiliser les périphériques/partitions.</string>
    <string lang="fr" key="DEVICE_PARTITIONS_ERR">Le périphérique contient des partitions.\n\nFormater le périphérique peut conduire à l'instabilité du système et/ou la corruption des données. Sélectionnez soit une partition sur le périphérique ou enlevez toutes les partitions du périphérique pour permettre à TrueCrypt de formater en toute sécurité.</string>
    <string lang="fr" key="WHOLE_DEVICE_WARNING">ATTENTION: Si vous chiffrez l'intégralité du périphérique, le système d'exploitation considérera le périphérique comme nouveau et non formaté (puisqu'il n'y aura pas de table de partition). Cela rendra donc le volume susceptible d'être initialisé par accident, le rendant ainsi impossible à monter.\n\nA la place, il est préférable de créer une partition sur le périphérique et de la chiffrer.\n\nEtes-vous sûr de vouloir chiffrer l'intégralité du périphérique?</string>
    <string lang="fr" key="WHOLE_DEVICE_NOTE">IMPORTANT: N'oubliez pas de répondre 'Non', à chaque fois que Windows vous demande si vous désirez initialiser ce périphérique. Sinon vous endommagerez le volume, le rendant impossible à monter.\n\nIl est recommandé de faire une sauvegarde de l'en-tête du volume après sa création (Outils -&gt; Sauvegarder l'en-tête du volume).</string>
    <string lang="fr" key="AFTER_FORMAT_DRIVE_LETTER_WARN">IMPORTANT: N'oubliez pas que cette partition/ce périphérique ne peut PAS être monté en utilisant la lettre de lecteur %c:, qui lui est actuellement assigné!\n\nPour monter cette partition/ce périphérique, cliquez sur 'Montage automatique' dans la fenêtre principale de TrueCrypt. Sinon, cliquez sur 'Périphérique...' puis sélectionnez cette partition/ce périphérique, et cliquez sur 'Monter'. La partition/le périphérique sera monté avec une lettre de lecteur différente, que vous choisirez dans la liste depuis la fenêtre principale de TrueCrypt.\n\nLa lettre de lecteur %c: ne devrait être utilisée qu'au cas où vous désiriez supprimer le chiffrement de la partition/du périphérique (ex: si vous ne voulez plus de chiffrement). Dans un tel cas, cliquez-droit sur la lettre de lecteur %c: dans 'Poste de Travail' puis sélectionnez 'Formater'. Sinon la lettre de lecteur %c: ne devrait pas être utilisée (à moins de la supprimer ou de l'assigner à une autre partition/un autre périphérique).</string>
    <string lang="fr" key="DISK_FREE_BYTES">L'espace libre sur le disque %hs is %.2f octets.</string>
    <string lang="fr" key="DISK_FREE_GB">L'espace libre sur le disque %hs est de %d Go.</string>
    <string lang="fr" key="DISK_FREE_KB">L'espace libre sur le disque %hs est de %.2f Ko.</string>
    <string lang="fr" key="DISK_FREE_MB">L'espace libre sur le disque %hs est de %.2f Mo.</string>
    <string lang="fr" key="DISK_FREE_PB">L'espace libre sur le disque %hs est de %d Po.</string>
    <string lang="fr" key="DISK_FREE_TB">L'espace libre sur le disque %hs est de %d To.</string>
    <string lang="fr" key="DRIVELETTERS">Impossible d'obtenir les lettres de lecteur disponibles.</string>
    <string lang="fr" key="DRIVER_NOT_FOUND">Pilote TrueCrypt non trouvé!\n\nCopiez le fichier 'truecrypt.sys' et 'truecrypt-x64.sys' dans le même répertoire que l'application.</string>
    <string lang="fr" key="DRIVER_VERSION">Une version incompatible du pilote de périphérique TrueCrypt est en cours d'éxécution.\n\nVersion requise: TrueCrypt %hs</string>
    <string lang="fr" key="ERR_CIPHER_INIT_FAILURE">Erreur: L'initialisation du chiffrement a échoué.</string>
    <string lang="fr" key="ERR_CIPHER_INIT_WEAK_KEY">Erreur: Clé de chiffrement faible détectée! Essayez à nouveau.</string>
    <string lang="fr" key="EXCEPTION_REPORT">Une erreur critique s'est produite et TrueCrypt doit être terminé. Si cela est dû à un bogue dans TrueCrypt, nous aimerions pouvoir le réparer. Pour nous aidez vous pouvez envoyer un rapport d'erreur contenant les infos suivantes:\n\n- Version du programme\n- Version du système d'exploitation\n- om du composant TrueCrypt\n- Somme de contrôle de l'éxécutable TrueCrypt\n- Identifiant de la fenêtre de dialogue TrueCrypt\n- Catégorie de l'erreur\n -Adresse de l'erreur\n- Pile d'appel (call stack) TrueCrypt\n\nSi vous cliquez sur 'Oui', l'URL suivant (qui contient le rapport d'erreur) sera ouvert dans votre navigateur (dans certains cas cela peut prendre jusqu'à 30 secondes).\n\n%hs\n\nVoulez-vous soumettre le rapport d'erreur?</string>
    <string lang="fr" key="EXCEPTION_REPORT_EXT">Une erreur critique s'est produite dans votre système et TrueCrypt doit être terminé.\n\nNotez que cette erreur n'a pas été causée par TrueCrypt (les développeurs de TrueCrypt ne peuvent pas la réparer). Vérifiez votre système concernant d'éventuels problèmes (ex: configuration du système, connection réseau, échec de composants).</string>
    <string lang="fr" key="EXCEPTION_REPORT_TITLE">Erreur critique TrueCrypt</string>
    <string lang="fr" key="EXIT">Quitter</string>
    <string lang="fr" key="EXT_PARTITION">Créez un lecteur logique pour cette partition étendue puis essayez à nouveau.</string>
    <string lang="fr" key="FILE_HELP">Vous pouvez créer des volumes à fichier hébergé (file-hosted volumes) ou chiffrer des partitions entières de disques durs, des disquettes, des clés USB ainsi que d'autres périphériques de stockage. Cliquez sur 'Fichier...' pour spécifier le nom et l'emplacement du fichier à créer pour héberger le nouveau volume ou cliquez sur 'Périphérique...' pour choisir une partition / périphérique à chiffrer.\n\nAVERTISSEMENT: Si vous chiffrez une partition / périphérique toutes les données présentes seront effacées.</string>
    <string lang="fr" key="FILE_HELP_HIDDEN_HOST_VOL">Sélectionnez l'emplacement du volume externe à créer (dans lequel un volume caché sera créé plus tard).\n\nVous pouvez créer des volumes à fichier hébergé (file-hosted volumes) ou chiffrer entièrement des partitions de disques durs, des disquettes et d'autres médias. Cliquez sur 'Fichier...' pour spécifier le nom et l'emplacement du fichier à créer pour héberger le nouveau volume ou cliquez sur 'Périphérique...' pour choisir une partition ou un périphérique à chiffrer.\n\nSi vous chiffrez une partition ou un périphérique, toutes les données qui y sont stockées seront effacées.</string>
    <string lang="fr" key="FILE_HELP_HIDDEN_HOST_VOL_DIRECT">Sélectionnez l'emplacement du volume TrueCrypt dans lequel vous désirez créer un volume caché.</string>
    <string lang="fr" key="FILE_IN_USE">AVERTISSEMENT: Le fichier hôte est déjà en cours d'utilisation! L'ignorer peut causer des résultats indésirables. Fermez les applications qui utilisent le périphérique/la partition avant de monter le volume.\n\nContinuer le montage?</string>
    <string lang="fr" key="FILE_IN_USE_FAILED">Erreur: Impossible de monter le volume. Le fichier hôte est déjà en cours d'utilisation. Essayer de le monter sans un accès exclusif a aussi échoué.</string>
    <string lang="fr" key="FILE_OPEN_FAILED">Le fichier n'a pas pû être ouvert.</string>
    <string lang="fr" key="FILE_TITLE">Emplacement du volume</string>
    <string lang="fr" key="FORMAT">&amp;Formater</string>
    <string lang="fr" key="FORMAT_ABORT">Abandonner le formatage?</string>
    <string lang="fr" key="FORMAT_FINISHED_HELP">\n\nLe volume TrueCrypt a été créé et il est prêt à l'emploi. Pour créer un autre volume TrueCrypt, cliquez sur 'Suivant'. Sinon 'Quitter'.</string>
    <string lang="fr" key="FORMAT_FINISHED_INFO">Le volume TrueCrypt a été créé avec succès.</string>
    <string lang="fr" key="FORMAT_FINISHED_TITLE">Volume créé</string>
    <string lang="fr" key="FORMAT_HELP">Ici, paramétrez des options supplémentaires qui affecteront le format du nouveau volume. Consultez la doc pour plus d'infos. Quand vous avez terminé, cliquez sur 'Formater' pour créer votre nouveau volume.</string>
    <string lang="fr" key="FORMAT_HIDVOL_HOST_HELP">Notez qu'un volume caché ne peut être créé qu'à l'intérieur d'un volume FAT. Pour plus d'informations, consultez la documentation. Quand vous êtes prêt, cliquez sur 'Formater' pour créer le volume externe.</string>
    <string lang="fr" key="FORMAT_HIDVOL_HOST_TITLE">Formatage du volume externe</string>
    <string lang="fr" key="FORMAT_HIDVOL_TITLE">Formatage du volume caché</string>
    <string lang="fr" key="FORMAT_TITLE">Formatage du volume</string>
    <string lang="fr" key="GETFILETIME_FAILED">AVERTISSEMENT: Impossible d'obtenir l'horodatage du conteneur</string>
    <string lang="fr" key="GETFILETIME_FAILED_GENERIC">AVERTISSEMENT: Impossible d'obtenir l'horodatage du conteneur!\n\nS'il y a un volume caché dans ce conteneur, le déni plausible du volume caché peut être affecté.</string>
    <string lang="fr" key="GETFILETIME_FAILED_IMPLANT">AVERTISSEMENT: Impossible d'obtenir l'horodatage du conteneur!\n\nSi vous ne réinitialisez pas l'horodatage en utilisant un outil externe, nous vous recommandons de ne pas créer de volume caché dans ce conteneur.</string>
    <string lang="fr" key="GETFILETIME_FAILED_PW">AVERTISSEMENT: Impossible d'obtenir l'horodatage du conteneur!\n\nS'il y a un volume caché dans ce conteneur, le déni plausible du volume caché peut être affecté en changeant ou en essayant de changer le mot de passe.</string>
    <string lang="fr" key="GETFILETIME_FAILED_KEYFILE">AVERTISSEMENT: Impossible d'obtenir l'horodatage du fichier clé! Impossible de préserver la date du dernier accès.\n\nIl sera possible de dire que si ce fichier a été accédé.</string>
    <string lang="fr" key="HELP_READER_ERROR">Adobe Reader (ou un autre outil compatible) est nécessaire pour afficher ou imprimer le guide de l'utilsateur. Adobe Reader (gratuitiel) peut être téléchargé sur: www.adobe.fr\n\nVoulez-vous voir la documentation en ligne à la place?</string>
    <string lang="fr" key="HIDDEN_VOL_WIZARD_MODE_HELP">Les utilisateurs inexpérimentés devraient sélectionner d'abord la première option. Si vous choisissez la seconde option, il sera supposé que vous avez déjà créé un volume TrueCrypt qui est susceptible d'héberger un volume caché.</string>
    <string lang="fr" key="HIDDEN_VOL_WIZARD_MODE_TITLE">Mode assistant</string>
    <string lang="fr" key="HIDVOL_FORMAT_FINISHED_HELP">Le volume caché TrueCrypt a été créé avec succès et il est prêt à l'emploi. Si toutes les instructions ont été suivies, le volume caché sera indétectable même quand le volume externe sera monté.\n\nAVERTISSEMENT: SI VOUS NE PROTÉGEZ PAS LE VOLUME CACHÉ (POUR SAVOIR COMMENT FAIRE, CONSULTEZ LE GUIDE DE L'UTILISATEUR), N'ÉCRIVEZ PAS SUR LE VOLUME EXTERNE. SINON VOUS POURRIEZ ÉCRASER ET ENDOMMAGER LE VOLUME CACHÉ!</string>
    <string lang="fr" key="HIDVOL_FORMAT_FINISHED_TITLE">Volume caché créé</string>
    <string lang="fr" key="HIDVOL_HOST_FILLING_HELP">Le volume externe a été créé avec succès et monté comme lecteur %hc:. Pour utiliser ce volume, vous devriez maintenant copier quelques données 'apparemment' sensibles que vous ne voulez PAS réellement cacher. Ces fichiers seront là pour quiconque voudrait vous forcer la main pour avoir votre mot de passe. Vous ne révélerez que le mot de passe du volume externe, pas celui du volume caché. Les fichiers auxquels vous tenez seront stockés dans le volume caché, qui sera créé ultérieurement.\n\nQuand vous avez terminé de copier, cliquez sur 'Suivant'. Ne démontez pas ce volume.\n\nNote: Après avoir cliqué sur 'Suivant', le plan de configuration du volume externe sera scanné pour déterminer la taille du bloc ininterrompu de l'espace libre (s'il existe) dont la fin est alignée avec celle du volume. Ce bloc adaptera le volume caché et ainsi limitera sa taille maximale possible. Le scan du plan de configuration est nécessaire pour s'assurer qu'aucune donnée sur le volume externe ne sera écrasée par le volume caché.</string>
    <string lang="fr" key="HIDVOL_HOST_FILLING_TITLE">Contenu du volume externe</string>
    <string lang="fr" key="HIDVOL_HOST_PRE_CIPHER_HELP">\n\nDans les étapes suivantes, vous paramétrerez les options pour le volume externe (dans lequel le volume caché sera créé ultérieurement).</string>
    <string lang="fr" key="HIDVOL_HOST_PRE_CIPHER_TITLE">Volume externe</string>
    <string lang="fr" key="HIDVOL_PRE_CIPHER_HELP">\n\nLe plan de configuration du volume a été scanné et la taille maximale possible du volume caché a été déterminée. Dans les étapes qui suivent vous paramétrerez les options, la taille et le mot de passe du volume caché.</string>
    <string lang="fr" key="HIDVOL_PRE_CIPHER_TITLE">Volume caché</string>
    <string lang="fr" key="HIDVOL_PROT_WARN_AFTER_MOUNT">Le volume caché est maintenant protégé contre les dommanges jusqu'au démontage du volume externe.\n\nAVERTISSEMENT: Si vous tentez de sauvegarder des données dans la zone du volume caché, TrueCrypt lancera la protection en écriture sur l'intégralité du volume (partie externe et cachée) jusqu'au démontage. Cela peut provoquer la corruption du système de fichiers sur le volume externe. Toute tentative de sauvegarde sur le volume caché échouera et les données seront perdues! Windows considérera cela comme une erreur d'écriture ("L'écriture décalée a échoué" ou "Le paramètre est incorrect").</string>
    <string lang="fr" key="HIDVOL_PROT_WARN_AFTER_MOUNT_PLURAL">Tous les volumes cachés dans les nouveaux volumes montés sont maintenant protégés contre les dommages jusqu'au démontage.\n\nAVERTISSEMENT: Si vous tentez de sauvegarder des données dans la zone de protection du volume caché de ces volumes, TrueCrypt lancera la protection en écriture sur l'intégralité du volume (partie externe et cachée) jusqu'au démontage. Cela peut provoquer la corruption du système de fichiers sur le volume externe. Toute tentative de sauvegarde dans les zones protégées des volumes cachés échouera et les données seront perdues! Windows considérera cela comme une erreur d'écriture ("L'écriture décalée a échoué" ou "Le paramètre est incorrect").</string>
    <string lang="fr" key="DAMAGE_TO_HIDDEN_VOLUME_PREVENTED">AVERTISSEMENT: Vous tentez de sauvegarder des données dans la zone du volume caché du volume monté %c:!\n\nTrueCrypt a empêché la sauvegarde des données pour protéger le volume caché. Cela peut provoquer la corruption du système de fichiers sur le volume externe et Windows considérera cela comme une erreur d'écriture ("L'écriture décalée a échoué" ou "Le paramètre est incorrect"). L'intégralité du volume (partie externe et cachée) sera protégée contre l'écriture jusqu'à son démontage.\n\nIl est fortement recommandé de redémarrer votre système d'exploitation maintenant.</string>
    <string lang="fr" key="INIT_MUTEX">Impossible d'initialiser l'application. La création d'un objet mutex nécessaire a échoué</string>
    <string lang="fr" key="INIT_RAND">L'initialisation du générateur de nombre aléatoire a échoué!</string>
    <string lang="fr" key="INIT_REGISTER">Impossible d'initialiser l'application. L'enregistrement de la classe Dialog a échoué.</string>
    <string lang="fr" key="INTRO_HELP">\nCet assistant va vous aider à créer un nouveau volume TrueCrypt.\n\nImportant: La collecte des données aléatoires a commencé. Les données seront utilisées pour créer la clé principale (master key), la clé secondaire (mode LRW) et le sel (salt)  pour le nouveau volume. Les données collectées comprennent les mouvements de la souris dans cette fenêtre, les clics, les touches pressées et d'autres valeurs obtenues du système. Les données devraient être aussi aléatoires que possible, aussi plus vous déplacez aléatoirement votre souris, meilleur c'est.</string>
    <string lang="fr" key="INTRO_TITLE">Assistant de création de volume</string>
    <string lang="fr" key="INVALID_DEVICE">Lecteur ou partition spécifié invalide. Utilisez la syntaxe suivante pour monter les partitions: \\Device\\Harddisk0\\Partition4</string>
    <string lang="fr" key="MAX_HIDVOL_SIZE_BYTES">Taille maximale du volume caché pour ce volume: %.2f octets.</string>
    <string lang="fr" key="MAX_HIDVOL_SIZE_KB">Taille maximale du volume caché pour ce volume: %.2f Ko.</string>
    <string lang="fr" key="MAX_HIDVOL_SIZE_MB">Taille maximale du volume caché pour ce volume: %.2f Mo.</string>
    <string lang="fr" key="MOUNTED_NOPWCHANGE">Le mot de passe/fichier clé du volume ne peut pas être changé quand celui-ci est monté. Démontez le volume en premier.</string>
    <string lang="fr" key="MOUNTED_NO_PKCS5_PRF_CHANGE">L'algorithme de dérivation de la clé d'en-tête ne peut pas être changé quand le volume est monté. Démontez le volume en premier.</string>
    <string lang="fr" key="MOUNT_BUTTON">Monter</string>
    <string lang="fr" key="NEW_VERSION_REQUIRED">Ce volume nécessite une nouvelle version de TrueCrypt.</string>
    <string lang="fr" key="VOL_CREATION_WIZARD_NOT_FOUND">Erreur: Assistant de création de volume introuvable.\n\nAssurez-vous que le fichier 'TrueCrypt Format.exe' est dans le répertoire duquel a été éxécuté 'TrueCrypt.exe'. S'il n'y est pas, réinstallez TrueCrypt ou localisez 'TrueCrypt Format.exe' sur votre disque et éxécutez-le.</string>
    <string lang="fr" key="NEXT">Suivant &gt;</string>
    <string lang="fr" key="FINALIZE">&amp;Terminer</string>
    <string lang="fr" key="NODRIVER">Impossible de se connecter au pilote du périphérique de TrueCrypt. TrueCrypt ne peut pas fonctionner si le pilote de périphérique n'est pas lancé.\n\nNotez que dû à une erreur de Windows il est possible qu'il faille redémarrer le système pour charger le pilote de périphérique.</string>
    <string lang="fr" key="NOFONT">Une erreur s'est produite en chargeant/préparant les fontes.</string>
    <string lang="fr" key="NOT_FOUND">La lettre du lecteur que vous avez spécifié n'a pas été trouvée.</string>
    <string lang="fr" key="DRIVE_LETTER_UNAVAILABLE">Lettre de lecteur indisponible.</string>
    <string lang="fr" key="NO_FILE_SELECTED">Aucun fichier sélectionné!</string>
    <string lang="fr" key="NO_FREE_DRIVES">Aucune lettre de lecteur n'est disponible.</string>
    <string lang="fr" key="NO_FREE_DRIVE_FOR_OUTER_VOL">Aucune lettre de lecteur n'est diponible pour le volume externe! La création du volume ne peut pas continuer.</string>
    <string lang="fr" key="NO_OS_VER">Impossible de déterminer la version de votre système d'exploitation ou alors vous utilisez un système d'exploitation non supporté.</string>
    <string lang="fr" key="NO_PATH_SELECTED">Aucun emplacement sélectionné!</string>
    <string lang="fr" key="NO_SPACE_FOR_HIDDEN_VOL">Pas assez d'espace libre pour le volume caché! La création du volume ne peut pas continuer</string>
    <string lang="fr" key="OPENFILES_DRIVER">Le pilote ne peut pas démonter le volume. Certains fichiers localisés sur le volume sont probablement encore ouverts.</string>
    <string lang="fr" key="OPENFILES_LOCK">Impossible de verrouiller le volume. Il y a encore des fichiers ouverts sur le volume. Aussi il ne sera pas démonté.</string>
    <string lang="fr" key="OPEN_VOL_TITLE">Sélectionner un volume TrueCrypt</string>
    <string lang="fr" key="OPEN_TITLE">Spécifier le nom et l'emplacement</string>
    <string lang="fr" key="OUTOFMEMORY">Pas assez de mémoire</string>
    <string lang="fr" key="FORMAT_DEVICE_FOR_ADVANCED_ONLY">IMPORTANT: Il est fortement recommandé aux utilisateurs inexpérimentés de créer un conteneur TrueCrypt sur la partition/le périphérique sélectionné au lieu d'essayer de chiffrer l'intégralité de la partition/du périphérique.\n\nLorsque vous créez un conteneur TrueCrypt, il n'y a aucun risque de détruire des fichiers. Notez qu'un conteneur TrueCrypt (même s'il contient un disque virtuel chiffré) est en fait comme n'importe quel fichier normal. Ainsi, il peut par exemple être facilement renommé, déplacé, copié comme tout autre fichier. Pour créer un conteneur TrueCrypt, cliquez sur 'Non' puis cliquez sur 'Fichier...' dans la fenêtre de l'assistant. Pour plus d'information, consultez le chapitre 'Beginner's Tutorial' dans le Guide de l'utilisateur TrueCrypt.\n\nEtes-vous sûr de vouloir chiffrer l'intégralité du périphérique/de la partition?</string>
    <string lang="fr" key="OVERWRITEPROMPT">AVERTISSEMENT: Le fichier '%hs' existe déjà! Notez que TrueCrypt ne chiffrera PAS le fichier, mais il le détruira. Etes-vous sûr de vouloir supprimer le fichier et le remplacer par un nouveau conteneur TrueCrypt?</string>
    <string lang="fr" key="OVERWRITEPROMPT_DEVICE">ATTENTION: TOUTES LES DONNÉES STOCKÉES SUR %s '%hs'%s SERONT PERDUES!\n\nEtes-vous sûr de vouloir procéder au formatage?</string>
    <string lang="fr" key="PASSWORD">Mot de passe</string>
    <string lang="fr" key="PASSWORD_CHANGED">Mot de passe et/ou fichier(s) clé modifié(s) avec succès.\n\nIMPORTANT: Assurez-vous d'avoir lu la section 'Changing Passwords and Keyfiles' du chapitre 'Security Precautions' du Guide de l'utilisateur.</string>
    <string lang="fr" key="KEYFILE_CHANGED">Fichier(s) clé ajouté(s)/supprimé(s) avec succès.</string>
    <string lang="fr" key="PKCS5_PRF_CHANGED">Algorithme de dérivation de la clé d'en-tête paramétré avec succès.</string>
    <string lang="fr" key="PASSWORD_HELP">Il est très important que vous choisissiez un bon mot de passe. Vous devriez éviter d'utiliser un mot simple que l'on trouve dans un dictionnaire (ou une combinaison de plusieurs de ces mots). Il ne devrait pas contenir de noms ou de dates de naissance. Il ne devrait pas être facile à deviner. Un bon mot de passe est une combinaison de minuscules et de majuscules, de chiffres et de caractères spéciaux comme @ ^ &amp; $ * + etc.\n\nIl est recommandé de choisir un mot de passe d'au moins 20 caractères (le plus long, le mieux). La longueur maximale  est de 64 caractères.</string>
    <string lang="fr" key="PASSWORD_HIDDENVOL_HELP">Choisissez un mot de passe pour le volume caché. </string>
    <string lang="fr" key="PASSWORD_HIDDENVOL_HOST_DIRECT_HELP">Saisissez le mot de passe du volume dans lequel vous désirez créer un volume caché.\n\nAprès avoir cliqué sur 'Suivant' TrueCrypt essaiera de monter le volume. Aussitôt monté, son plan de configuration sera scanné pour déterminer la taille du bloc ininterrompu d'espace libre (s'il existe) dont la fin est alignée avec celle du volume. Ce bloc adaptera le volume caché et ainsi limitera sa taille maximale possible. Le scan du plan de configuration est nécessaire pour s'assurer qu'aucune donnée sur le volume externe ne sera écrasée par le volume caché.</string>
    <string lang="fr" key="PASSWORD_HIDDENVOL_HOST_HELP">\nChoisissez un mot de passe pour le volume externe. Ce sera le mot de passe que vous pourrez réveler si on vous force à le faire.\n\nLe mot de passe doit être différent de celui choisi pour le volume caché.\n\nNote: Sa longueur maximale est de 64 caractères.</string>
    <string lang="fr" key="PASSWORD_HIDVOL_HOST_TITLE">Mot de passe du volume externe</string>
    <string lang="fr" key="PASSWORD_HIDVOL_TITLE">Mot de passe du volume caché</string>
    <string lang="fr" key="PASSWORD_LENGTH_WARNING">AVERTISSEMENT: Les mots de passe courts sont faciles à craquer en utilisant des techniques de force brute!\n\nIl est recommandé de choisir des mots de passe d'au moins 20 caractères.\n\nEtes-vous sûr de vouloir utiliser un mot de passe court?</string>
    <string lang="fr" key="PASSWORD_TITLE">Mot de passe du volume</string>
    <string lang="fr" key="PASSWORD_WRONG">Mot de passe incorrect ou ce n'est pas un volume TrueCrypt.</string>
    <string lang="fr" key="PASSWORD_OR_KEYFILE_WRONG">Fichier(s) de clé et/ou mot de passe incorrect(s) ou ce n'est pas un volume TrueCrypt.</string>
    <string lang="fr" key="PASSWORD_WRONG_CAPSLOCK_ON">\n\nAvertissement: Majuscules activées. Ceci peut vous empêcher de saisir correctement votre mot de passe.</string>
    <string lang="fr" key="PASSWORD_WRONG_AUTOMOUNT">Mot de passe incorrect ou aucun volume TrueCrypt trouvé.</string>
    <string lang="fr" key="PASSWORD_OR_KEYFILE_WRONG_AUTOMOUNT">Fichie(s) clé et/ou mot de passe incorrect(s) ou aucun volume TrueCrypt trouvé.</string>
    <string lang="fr" key="PREV">&lt; Précédent</string>
    <string lang="fr" key="RAWDEVICES">Impossible de lister les périphériques installés sur votre système!</string>
    <string lang="fr" key="READONLYPROMPT">Le volume '%hs' existe, et est en lecture seule. Etes-vous sûr de vouloir le remplacer?</string>
    <string lang="fr" key="SELECT_DEST_DIR">Sélectionnez le répertoire de destination</string>
    <string lang="fr" key="SELECT_KEYFILE">Sélectionner un fichier clé</string>
    <string lang="fr" key="SELECT_KEYFILE_PATH">Sélectionnez un chemin de recherche pour le fichier clé. AVERTISSEMENT: Notez que seul l'emplacement sera retenu, pas les noms de fichier</string>
    <string lang="fr" key="SERPENT_HELP">Conçu par Ross Anderson, Eli Biham et Lars Knudsen. Publié en 1998. Clé de 256 bits, bloc de 128 bits. Le mode opératoire est LRW. Serpent était l'un des finalistes de AES.</string>
    <string lang="fr" key="SETFILETIME_FAILED_IMPLANT">AVERTISSEMENT: La restauration de l'horodatage du conteneur a échoué (modification du fichier/date et heure d'accès)!\n\nLe déni plausible (plausible deniability) du volume caché peut être affecté.</string>
    <string lang="fr" key="SETFILETIME_FAILED_PREP_IMPLANT">AVERTISSEMENT: La restauration de l'horodatage du conteneur a échoué!\n\nSi vous ne réinitialisez pas l'horodatage en utilisant un outil externe, nous vous recommandons de ne pas créer de volume caché dans ce conteneur.</string>
    <string lang="fr" key="SETFILETIME_FAILED_PW">AVERTISSEMENT: La restauration de l'horodatage du conteneur a échoué (modification du fichier/date et heure d'accès)!\n\nS'il y a un volume caché dans ce conteneur, le déni plausible (plausible deniability) du volume caché peut être affecté.</string>
    <string lang="fr" key="SETFILETIME_FAILED_KEYFILE">AVERTISSEMENT: La restauration de l'horodatage du fichier clé a échoué! Impossible de préserver la date/heure du dernier accès.\n\nIl sera possible de dire que ce fichier a été accédé.</string>
    <string lang="fr" key="SETUP_INCOMPLETE">Erreur: Dossier 'Setup Files' introuvable.\n\nNotez qu'avant d'installer TrueCrypt, vous devez extraire tous les fichiers du package de distribution.</string>
    <string lang="fr" key="SIZE_HELP">Spécifiez la taille du conteneur à créer.\n\nSi vous créez un conteneur dynamique, ce paramètre spécifiera sa taille maximale.\n\nNotez que la taille minimale d'un volume FAT est de 19 Ko. La taille minimale d'un volume NTFS est de 2526 Ko.</string>
    <string lang="fr" key="SIZE_HELP_HIDDEN_HOST_VOL">Spécifiez la taille du nouveau volume externe (dans lequel sera créé ultérieurement un volume caché). La taille minimale d'un volume dans lequel un volume caché doit être créé est de 40 Ko.</string>
    <string lang="fr" key="SIZE_HELP_HIDDEN_VOL">Spécifiez la taille du volume caché à créer. La taille minimale possible sur un volume FAT est de 19 Ko, sur un volume NTFS elle est de 2526 Ko. La taille maximale possible que vous pouvez spécifier pour le volume caché est affiché ci-dessus.</string>
    <string lang="fr" key="SIZE_HIDVOL_HOST_TITLE">Taille du volume externe</string>
    <string lang="fr" key="SIZE_HIDVOL_TITLE">Taille du volume caché</string>
    <string lang="fr" key="SIZE_PARTITION_HELP">La taille d'un périphérique ne peut pas être modifiée. Assurez-vous que la taille de la partition/du périphérique sélectionné est correcte et cliquez sur 'Suivant'.</string>
    <string lang="fr" key="SIZE_PARTITION_HIDDEN_VOL_HELP">\n\nNotez que la taille minimale possible d'un volume dans lequel vous prévoyez de créer un volume caché est de 40 Ko.</string>
    <string lang="fr" key="SIZE_TITLE">Taille du volume</string>
    <string lang="fr" key="SPARSE_FILE">Dynamique</string>
    <string lang="fr" key="TESTS_FAILED">ATTENTION: ECHEC DE L'AUTO-TEST!</string>
    <string lang="fr" key="TESTS_PASSED">Auto-tests de tous les algorithmes réussis</string>
    <string lang="fr" key="TEST_INCORRECT_LRW_INDEX_SIZE">L'index du bloc LRW fournit est trop long ou trop court.</string>
    <string lang="fr" key="TEST_INCORRECT_LRW_KEY_SIZE">La clé secondaire fournit est trop longue ou trop courte.</string>
    <string lang="fr" key="TEST_CIPHERTEXT_SIZE">Le cryptogramme de test que vous avez fourni est trop long ou trop court.</string>
    <string lang="fr" key="TEST_KEY_SIZE">La clé de test que vous avez fournie est trop longue ou trop courte.</string>
    <string lang="fr" key="TEST_PLAINTEXT_SIZE">Le texte en clair que vous avez fourni est trop long ou trop court.</string>
    <string lang="fr" key="TEST_LRW_INDEX_OVERRUN">Erreur: TrueCrypt ne supporte pas les valeurs d'index de bloc LRW supérieures à 2^64.\n\nNotez que la taille de volume maximum supportée est 2^63 octets (8589934592 Go).</string>
    <string lang="fr" key="TWO_LAYER_CASCADE_HELP">Deux chiffrements en cascade opérant en mode LRW. Chaque bloc est d'abord chiffré avec %hs (clé de %d bits), puis avec %hs (clé de %d bits). Chaque chiffrement utilise sa propre clé. Toutes les clés sont mutuellement indépendantes.</string>
    <string lang="fr" key="THREE_LAYER_CASCADE_HELP">Trois chiffrements en cascade opérant en mode LRW. Chaque bloc est d'abord chiffré avec %hs (clé de %d bits), puis avec %hs (clé de %d bits) et enfin avec %hs (clé de %d bits). Chaque chiffrement utilise sa propre clé. Toutes les clés sont mutuellement indépendantes.</string>
    <string lang="fr" key="TRAVELLER_DISK_CREATED">Le disque de voyage TrueCrypt a été créé avec succès.\n\nNotez que vous devez avoir des droits d'administrateur pour éxécuter TrueCrypt en mode Voyage. Notez aussi qu'après examen de la base de registre, il est possible de dire que TrueCrypt a été éxécuté sur un système Windows même s'il était en mode Voyage.</string>
    <string lang="fr" key="TC_TRAVELLER_DISK">Disque de voyage TrueCrypt</string>
    <string lang="fr" key="TWOFISH_HELP">Conçu par Bruce Schneier, David Wagner, John Kelsey, Niels Ferguson, Doug Whiting et Chris Hall. Publié en 1998. Clé de 256 bits et bloc de 128 bits. Le mode opératoire est LRW. Twofish était l'un des finalistes de AES.</string>
    <string lang="fr" key="MORE_INFO_ABOUT">Plus d'information sur %hs</string>
    <string lang="fr" key="UNKNOWN">Inconnu</string>
    <string lang="fr" key="ERR_UNKNOWN">Une erreur non spécifiée ou inconnue s'est produite.</string>
    <string lang="fr" key="UNKNOWN_DRIVER_CODE">Le pilote de périphérique a retourné une erreur non reconnue, code = %d</string>
    <string lang="fr" key="UNMOUNTALL_LOCK_FAILED">Certains volumes contiennent des fichiers ou des dossiers en cours d'utilisation par une application ou par le système.\n\nForcer le démontage?</string>
    <string lang="fr" key="UNMOUNT_BUTTON">Démonter</string>
    <string lang="fr" key="UNMOUNT_FAILED">Le démontage a échoué!</string>
    <string lang="fr" key="UNMOUNT_LOCK_FAILED">Le volume contient des fichiers ou des dossiers utilisés par des applications ou par le système.\n\nForcer le démontage?</string>
    <string lang="fr" key="VOL_ALREADY_MOUNTED">Le volume que vous essayez de monter est déjà monté. </string>
    <string lang="fr" key="VOL_FORMAT_BAD">Le format de ce volume n'est pas reconnu. Le volume peut être corrompu.</string>
    <string lang="fr" key="VOL_MOUNT_FAILED">Une erreur s'est produite en essayant de monter le volume.</string>
    <string lang="fr" key="VOL_READING">Erreur de lecture des données sur le volume.</string>
    <string lang="fr" key="VOL_SEEKING">Erreur en recherchant un emplacement dans le volume.</string>
    <string lang="fr" key="VOL_SIZE_WRONG">Erreur: Taille de volume incorrecte.</string>
    <string lang="fr" key="VOL_TOO_SMALL">Le volume est trop petit - c'est un volume invalide.</string>
    <string lang="fr" key="VOL_WRITING">Erreur en écrivant les données sur le volume.</string>
    <string lang="fr" key="WARN_QUICK_FORMAT">AVERTISSEMENT: Ne choisissez le 'Formatage rapide' que dans les cas suivants::\n\n1) La partition contient des données aléatoires (ex: elle a déjà été complètement chiffrée)\n2) Vous allez utilliser immédiatement tout l'espace disponible\n3) La sécurité ne vous concerne pas (vous testez)</string>
    <string lang="fr" key="CONFIRM_SPARSE_FILE">Un conteneur dynamique est un fichier éparpillé NTFS pré-alloué dont la taille physique (espace disque actuellement utilisé) croît avec l'ajoût de données.\n\nAVERTISSEMENT: Les performances de volumes à fichier éparpillé hébergé (sparse-file-hosted) sont significativement plus mauvaises que celles des volumes réguliers. Les volumes à fichier éparpillé hébergé (sparse-file-hosted) sont aussi moins sécurisés car il est possible de dire quels secteurs de volume sont inutilisés. De plus si les données écritent dans un conteneur de fichier éparpillé quand il n'y a pas assez d'espace libre sur le système de fichiers hôte, le système de fichiers chiffré peut être corrompu.\n\nEtes-vous sûr de vouloir créer un volume à fichier éparpillé hébergé (sparse-file-hosted)?</string>
    <string lang="fr" key="SPARSE_FILE_SIZE_NOTE">Notez que la taille du conteneur dynamique rapportée par Windows et par TrueCrypt sera toujours égale à sa taille maximum. Pour déterminer la taille physique actuelle du conteneur (l'espace disque actuellement utilisé), cliquez-droit sur le fichier conteneur (dans l'Explorateur de fichiers, pas dans TrueCrypt), puis sélectionnez 'Propriétés' et regardez la valeur 'Taille sur le disque'.</string>
    <string lang="fr" key="WIPE_CACHE">Les mots de passe stockés dans le cache du pilote de périphérique ont été supprimés.</string>
    <string lang="fr" key="WRONG_VOL_TYPE">TrueCrypt ne peut pas changer le mot de passe d'un volume étranger.</string>
    <string lang="fr" key="SELECT_FREE_DRIVE">Sélectionnez une lettre de lecteur libre dans la liste.</string>
    <string lang="fr" key="SELECT_A_MOUNTED_VOLUME">Sélectionnez un volume monté dans la liste des lettres de lecteur.</string>
    <string lang="fr" key="CANT_CREATE_AUTORUN">Erreur: Impossible de créer autorun.inf</string>
    <string lang="fr" key="ERR_PROCESS_KEYFILE">Erreur durant le traitement du fichier clé!</string>
    <string lang="fr" key="ERR_PROCESS_KEYFILE_PATH">Erreur durant le traitement de l'emplacement du fichier clé!</string>
    <string lang="fr" key="UNSUPPORTED_OS">TrueCrypt ne supporte pas ce système d'exploitation.</string>
    <string lang="fr" key="UNSUPPORTED_BETA_OS">Erreur: TrueCrypt supporte uniquement les versions stables (non-beta) de ce système d'exploitation.</string>
    <string lang="fr" key="ERR_MEM_ALLOC">Erreur: Impossible d'allouer de la mémoire.</string>
    <string lang="fr" key="ERR_PERF_COUNTER">Erreur: Impossible de retrouver la valeur du compteur de performance.</string>
    <string lang="fr" key="ALL_FILES">Tous les fichiers</string>
    <string lang="fr" key="TC_VOLUMES">Volumes TrueCrypt</string>
    <string lang="fr" key="FORMAT_NTFS_STOP">Le formatage NTFS ne peut pas continuer.</string>
    <string lang="fr" key="CANT_MOUNT_VOLUME">Impossible de monter le volume.</string>
    <string lang="fr" key="CANT_DISMOUNT_VOLUME">Impossible de démonter le volume.</string>
    <string lang="fr" key="FORMAT_NTFS_FAILED">Windows n'a pas pû formater le volume en NTFS.\n\nSélectionnez un type de système de fichiers différent (si possible) et essayez à nouveau. Vous pouvez aussi laisser le volume non formaté (sélectionnez 'Aucun' comme système de fichiers), quittez cet assistant, montez le volume puis utilisez soit un outil système soit un outil tiers pour formater le volume monté (le volume restera chiffré).</string>
    <string lang="fr" key="DEFAULT">Par défaut</string>
    <string lang="fr" key="SECTOR">secteur</string>
    <string lang="fr" key="BLOCK">bloc</string>
    <string lang="fr" key="PARTITION">Partition</string>
    <string lang="fr" key="PARTITION_LC">partition</string>
    <string lang="fr" key="PARTITION_UPPER_CASE">PARTITION</string>
    <string lang="fr" key="DEVICE">Périphérique</string>
    <string lang="fr" key="DEVICE_LC">périphérique</string>
    <string lang="fr" key="DEVICE_UPPER_CASE">PÉRIPHÉRIQUE</string>
    <string lang="fr" key="CLUSTER_TOO_SMALL">La taille de cluster sélectionnée est trop petite pour cette taille de volume. Une taille plus grande sera utilisée.</string>
    <string lang="fr" key="CANT_GET_VOLSIZE">"Erreur: Impossible d'obtenir la taille du volume!\n\nAssurez-vous que le volume sélectionné 'est pas utilisé par le système ou par une application.</string>
    <string lang="fr" key="HIDDEN_HOST_FAT_ONLY">Un volume caché ne peut être créé que dans un volume FAT.\n\nPour plus d'infos, consultez la documentation.</string>
    <string lang="fr" key="HIDDEN_VOL_HOST_SPARSE">Les volumes cachés ne devraient pas être créés dans des conteneurs dynamiques (fichiers éparpillés - sparse files). Pour réussir le déni plausible, le volume caché devrait être créé dans un volume standard.</string>
    <string lang="fr" key="CANT_ACCESS_VOL">Erreur: Impossile d'accéder au volume!\n\nAssurez-vous que le volume existe, qu'il est n'est pas monté ou utilisé par le système ou une application, que vous avez la permission en lecture/écriture pour le volume et qu'il n'est pas protégé en écriture.</string>
    <string lang="fr" key="CANT_DISMOUNT_OUTER_VOL">Erreur: Impossible de démonter le volume externe!\n\nLe volume ne peut pas être démonté s'il contient des fichiers ou des dossiers utilisés par le système ou par une application.\n\nFermez tout programme qui utilise les fichiers ou les dossiers sur le volume puis cliquez sur Recommencer.</string>
    <string lang="fr" key="CANT_LOCK_OUTER_VOL">Erreur: Impossible de verrouiller le volume externe!\n\nLe volume ne peut pas être verrouillé s'il contient des fichiers ou des dossiers utilisés par le système ou une application.\n\nFermez toutes les applications qui peuvent utiliser les fichiers ou les répertoires du volume puis cliquez sur 'Recommencer'.\n\nAVERTISSEMENT: Si vous décidez de l'ignorer, vous devez vous assurer qu'après avoir cliqué sur Ignorer, aucune donnée ne sera écrite sur ce volume jusqu'à son démontage. Si ce n'est pas le cas, cela peut affecter le deni plausible du volume caché!</string>
    <string lang="fr" key="CANT_ACCESS_OUTER_VOL">Erreur: Impossible d'accéder au volume externe! La création du volume ne peut pas continuer.</string>
    <string lang="fr" key="CANT_MOUNT_OUTER_VOL">Erreur: Impossible de monter le volume externe! La création du volume ne peut pas continuer.</string>
    <string lang="fr" key="CANT_GET_CLUSTER_BITMAP">Erreur: Impossible d'obtenir le plan de configuration du volume! La création du volume ne peut pas continuer.</string>
    <string lang="fr" key="ALPHABETICAL_CATEGORIZED">Alphabétique/Catégorie</string>
    <string lang="fr" key="MEAN_SPEED">Vitesse moyenne (Décroissante)</string>
    <string lang="fr" key="ALGORITHM">Algorithme</string>
    <string lang="fr" key="ENCRYPTION">Chiffrement</string>
    <string lang="fr" key="DECRYPTION">Déchiffrement</string>
    <string lang="fr" key="MEAN">Moyenne</string>
    <string lang="fr" key="DRIVE">Lecteur</string>
    <string lang="fr" key="VOLUME">Volume</string>
    <string lang="fr" key="SIZE">Taille</string>
    <string lang="fr" key="ENCRYPTION_ALGORITHM">Algorithme de chiffrement</string>
    <string lang="fr" key="ENCRYPTION_ALGORITHM_LV">Algorithme de chiffrement</string>
    <string lang="fr" key="TYPE">Type</string>
    <string lang="fr" key="VALUE">Valeur</string>
    <string lang="fr" key="PROPERTY">Propriété</string>
    <string lang="fr" key="LOCATION">Emplacement</string>
    <string lang="fr" key="BYTES">octets</string>
    <string lang="fr" key="HIDDEN">Caché</string>
    <string lang="fr" key="OUTER">Externe</string>
    <string lang="fr" key="NORMAL">Normal</string>
    <string lang="fr" key="READ_ONLY">Lecture seule</string>
    <string lang="fr" key="HIDDEN_VOLUME">Volume caché</string>
    <string lang="fr" key="HID_VOL_DAMAGE_PREVENTED">Oui (dommage évité!)</string>
    <string lang="fr" key="NONE">Aucun</string>
    <string lang="fr" key="ACTIVE">Actif</string>
    <string lang="fr" key="KEY_SIZE">Taille de la clé</string>
    <string lang="fr" key="BITS">bits</string>
    <string lang="fr" key="BLOCK_SIZE">Taille du bloc</string>
    <string lang="fr" key="MODE">Mode</string>
    <string lang="fr" key="PKCS5_PRF">PKCS-5 PRF</string>
    <string lang="fr" key="PKCS5_ITERATIONS">Nombre d'itérations PKCS-5</string>
    <string lang="fr" key="VOLUME_CREATE_DATE">Création du volume</string>
    <string lang="fr" key="VOLUME_HEADER_DATE">Modification de l'en-tête</string>
    <string lang="fr" key="VOLUME_HEADER_DAYS"> (il y a %I64d jours)</string>
    <string lang="fr" key="FIRST_AVAILABLE">1ère disponible</string>
    <string lang="fr" key="REMOVABLE">Amovible</string>
    <string lang="fr" key="HARDDISK">Disque dur</string>
    <string lang="fr" key="UNCHANGED">Inchangé</string>
    <string lang="fr" key="AFTER_UPGRADE_RELEASE_NOTES">Voulez-vous voir les notes sur la version actuelle (dernière version stable) de TrueCrypt?</string>
    <string lang="fr" key="AFTER_INSTALL_TUTORIAL">Si vous n'avez jamais utilisé TrueCrypt, il est recommandé de lire le chapitre 'Beginner's Tutorial' du guide de l'utilisateur. Voulez-vous voir le didactitiel?</string>
    <string lang="fr" key="SELECT_INSTALL_DIR">Sélectionnez un répertoire d'installation</string>
    <string lang="fr" key="SETUP_ADMIN">Pour installer/désinstaller TrueCrypt vous devez avoir des droits d'administrateur. Voulez-vous continuer?</string>
    <string lang="fr" key="INSTALL_FAILED">L'installation a échoué!</string>
    <string lang="fr" key="UNINSTALL_FAILED">La désinstallation a échoué!</string>
    <string lang="fr" key="ROLLBACK">L'installation est revenue à la version précédente.</string>
    <string lang="fr" key="INSTALL_OK">TrueCrypt a été installé avec succès</string>
    <string lang="fr" key="UNINSTALL_OK">TrueCrypt a été désinstallé avec succès.\n\nCliquez sur 'Terminer' pour supprimer l'installeur de TrueCrypt ainsi que le dossier %hs. Notez que le dossier ne sera pas supprimé s'il contient des fichiers qui n'ont pas été installés l'installeur de TrueCrypt ou créés par TrueCrypt.</string>
    <string lang="fr" key="REMOVING_REG">Supprimer les entrées TrueCrypt de la base de registre</string>
    <string lang="fr" key="ADDING_REG">Ajoût d'une entrée à la base de registre</string>
    <string lang="fr" key="REMOVING_APPDATA">Suppression des données spécifiques à l'application</string>
    <string lang="fr" key="INSTALLING">Installation</string>
    <string lang="fr" key="COPYING">Copie</string>
    <string lang="fr" key="STOPPING">Arrêt</string>
    <string lang="fr" key="REMOVING">Suppression</string>
    <string lang="fr" key="SERVICE">Service</string>
    <string lang="fr" key="ADDING_ICON">Ajoût de l'icône</string>
    <string lang="fr" key="CREATING_SYS_RESTORE">Création du point de restauration système</string>
    <string lang="fr" key="FAILED_SYS_RESTORE">La création du point de restauration système a échoué!</string>
    <string lang="fr" key="SYS_RESTORE_CREATED">Point de restauration système créé</string>
    <string lang="fr" key="INSTALL_OF_FAILED">L'installation de '%hs' a échoué. %hs Voulez-vous continuer l'installation?</string>
    <string lang="fr" key="UNINSTALL_OF_FAILED">La désinstallation de '%hs' a échoué. %hs Voulez-vous continuer la désinstallation?</string>
    <string lang="fr" key="INSTALL_COMPLETED">Installation terminée.</string>
    <string lang="fr" key="CANT_CREATE_FOLDER">Le dossier '%hs' n'a pas pû être créé</string>
    <string lang="fr" key="CLOSE_TC_FIRST">Le pilote de périphérique TrueCrypt n'a pas pû être déchargé.\n\nFermez toutes les fenêtres TrueCrypt en premier. Si cela n'aide pas, redémarrez Windows et essayez à nouveau.</string>
    <string lang="fr" key="DISMOUNT_ALL_FIRST">Tous les volumes TrueCrypt doivent être démontés avant d'installer ou de désinstaller TreuCrypt.</string>
    <string lang="fr" key="REG_INSTALL_FAILED">L'installation des entrées de la base de registre a échoué</string>
    <string lang="fr" key="DRIVER_INSTALL_FAILED">L'installation du pilote de périphérique a échoué. Redémarrez Windows et essayez à nouveau d'installer TrueCrypt.</string>
    <string lang="fr" key="STARTING_DRIVER">Exécution du pilote de périphérique TrueCrypt</string>
    <string lang="fr" key="DRIVER_UINSTALL_FAILED">La désinstallation du pilote de périphérique a échoué</string>
    <string lang="fr" key="INSTALLING_DRIVER">Installation du pilote de périphérique TrueCrypt</string>
    <string lang="fr" key="STOPPING_DRIVER">Arrêt du pilote de périphérique TrueCrypt</string>
    <string lang="fr" key="REMOVING_DRIVER">Désinstallation du pilote de périphérique TrueCrypt</string>
    <string lang="fr" key="COM_REG_FAILED">L'enregistrement de la bibliothèque de support du Contrôle de Compte Utilisateur (UAC) a échoué.</string>
    <string lang="fr" key="COM_DEREG_FAILED">Le désenregistrement de la bibliothèque de support du Contrôle de Compte Utilisateur (UAC) a échoué.</string>
    <string lang="fr" key="OUTER_VOL_WRITE_PREVENTED">Externe(!)</string>
    <string lang="fr" key="DAYS">jours</string>
    <string lang="fr" key="HOURS">heures</string>
    <string lang="fr" key="MINUTES">minutes</string>
    <string lang="fr" key="SECONDS">s</string>
    <string lang="fr" key="OPEN">Ouvrir</string>
    <string lang="fr" key="DISMOUNT">Démonter</string>
    <string lang="fr" key="SHOW_TC">Montrer TrueCrypt</string>
    <string lang="fr" key="HIDE_TC">Cacher TrueCrypt</string>
    <string lang="fr" key="TOTAL_DATA_READ">Lu depuis le montage</string>
    <string lang="fr" key="TOTAL_DATA_WRITTEN">Ecrit depuis le montage</string>
    <string lang="fr" key="FAVORITE_VOLUMES_SAVED">Volumes favoris sauvegardés.</string>
    <string lang="fr" key="ENTER_PASSWORD_FOR">Entrez le mot de passe pour %hs</string>
    <string lang="fr" key="KEYFILE_CREATED">Fichier clé créé avec succès.</string>
    <string lang="fr" key="VOL_HEADER_BACKED_UP">La sauvegarde de l'en-tête du volume a été créée avec succès.\n\nIMPORTANT: Restaurer l'en-tête du volume avec cette sauvegarde restaurera aussi le mot de passe actuel du volume. De plus si un(des) fichier(s) clé est(sont) nécessaire(s) pour monter le volume, la(les) même(s) clé(s) sera(seront) nécessaire(s) pour monter à nouveau le volume quand l'en-tête sera restauré.\n\nAVERTISSEMENT: Cette sauvegarde de l'en-tête de volume ne peut être utilisée que pour restaurer l'en-tête de ce volume en particulier. Si vous utilisez cette sauvegarde d'en-tête sur un volume différent, vous pourrez monter le volume mais vous ne pourrez PAS déchiffrer les données stockées (car vous changerez sa clé principale).</string>
    <string lang="fr" key="VOL_HEADER_RESTORED">L'en-tête du volume a été restaurée avec succès.\n\nIMPORTANT: Notez qu'un ancien mot de passe peut aussi avoir été restauré.De plus si un(des) fichier(s) clé est(sont) nécessaire(s) pour monter le volume, la(les) même(s) clé(s) sera(seront) nécessaire(s) pour monter à nouveau le volume.</string>
    <string lang="fr" key="CONFIRM_VOL_HEADER_BAK">Etes-vous sûr de vouloir créer une sauvegarde de l'en-tête du volume: %hs ?\n\nAprès avoir cliqué 'Oui', vous serez invité à donner un nom à la sauvegarde de l'en-tête. L'en-tête du volume standard et la zone où sont stockés les en-têtes des volumes cachés seront sauvegardés (copiées dans le fichier de sauvegarde), même s'il n'y a pas de volume caché dans ce volume (pour préserver le déni plausible). Lors de la restauration de l'en-tête d'un volume, vous pourrez sélectionner quel en-tête sera a restaurer (i.e. standard ou caché).</string>
    <string lang="fr" key="CONFIRM_VOL_HEADER_RESTORE">Etes-vous sûr de vouloir restaurer l'en-tête du volume: %hs ?\n\nAVERTISSEMENT: La restauration de l'en-tête volume restaure aussi le mot de passe du volume qui était valide quand la sauvegarde a été effectuée. De plus si un(des) fichier(s) clé est(sont) nécessaire(s) pour monter le volume, la(les) même(s) clé(s) sera(seront) nécessaire(s) pour monter à nouveau le volume quand l'en-tête sera restauré.\n\nAprès avoir cliqué 'Oui', vous sélectionnerez le fichier de sauvegarde de l'en-tête.</string>
    <string lang="fr" key="HEADER_RESTORE_TYPE">Sélectionnez le type de volume TrueCrypt dont l'en-tête est à restaurer:</string>
    <string lang="fr" key="RESTORE_NORMAL_VOLUME_HEADER">Restaurer l'en-tête d'un volume standard</string>
    <string lang="fr" key="RESTORE_HIDDEN_VOLUME_HEADER">Restaurer l'en-tête d'un volume caché</string>
    <string lang="fr" key="CONFIRM_SAVE_FAVORITE_VOL">Sauvegarder tous les volumes actuellement montés ainsi que leurs lettres de lecteur dans la liste des volumes favoris?\n\nNote: Si aucun volume n'est monté, la liste des volumes favoris sera effacée.</string>
    <string lang="fr" key="DISMOUNT_FIRST">Démontez le volume avant de commencer</string>
    <string lang="fr" key="IDPM_CHECK_FILESYS">Vérifier le système de fichiers</string>
    <string lang="fr" key="IDPM_REPAIR_FILESYS">Réparer le système de fichiers</string>
    <string lang="fr" key="IDPM_PROPERTIES">Propriétés</string>
    <string lang="fr" key="HIDDEN_VOL_PROTECTION">Volume caché protégé</string>
    <string lang="fr" key="N_A_UISTR">N/A</string>
    <string lang="fr" key="UISTR_YES">Oui</string>
    <string lang="fr" key="UISTR_NO">Non</string>
    <string lang="fr" key="MODE_OF_OPERATION">Mode opératoire</string>
    <string lang="fr" key="UNSUPPORTED_CHARS_IN_PWD">Erreur: Le mot de passe ne doit contenir que des caractères ASCII.\n\nLes caractères non-ASCII peuvent empêcher le volume d'être montés si la configuration de votre système change.\n\nLes caractères suivants sont autorisés:\n\n! " # $ % &amp; ' ( ) * + , - . / 0 1 2 3 4 5 6 7 8 9 : ; &lt; = &gt; ? @ A B C D E F G H I J K L M N O P Q R S T U V W X Y Z [ \\ ] ^ _ ` a b c d e f g h i j k l m n o p q r s t u v w k y z { | } ~</string>
    <string lang="fr" key="UNSUPPORTED_CHARS_IN_PWD_RECOM">Avertissement: Le mot de passe contient certains caractères non-ASCII. Cela peut empêcher le montage du volume si la configuration de votre système change.\n\nVous devriez remplacer les caractères non-ASCII du mot de passe par des caractères ASCII. Pour cela cliquez sur 'Volumes' -&gt; 'Modifier le mot de passe du volume'.\n\nLes caractères ASCII sont les suivants:\n\n! " # $ % &amp; ' ( ) * + , - . / 0 1 2 3 4 5 6 7 8 9 : ; &lt; = &gt; ? @ A B C D E F G H I J K L M N O P Q R S T U V W X Y Z [ \\ ] ^ _ ` a b c d e f g h i j k l m n o p q r s t u v w k y z { | } ~</string>
    <string lang="fr" key="EXE_FILE_EXTENSION_CONFIRM">AVERTISSEMENT: Il est recommandé d'éviter les extensions de fichiers utilisées pour les fichiers exécutables (comme .exe, .sys ou .dll). Utiliser de telles extensions entraîne souvent l'interférence de Windows et des logiciels antiviraux dans le conteneur, affectant alors les performances du volume ainsi que d'autres problèmes graves.\n\nContinuer?</string>
    <string lang="fr" key="EXE_FILE_EXTENSION_MOUNT_WARNING">AVERTISSEMENT: Ce conteneur a une extension utilisée par les fichiers exécutables (comme .exe, .sys ou .dll). Utiliser de telles extensions entraîne souvent l'interférence de Windows et des logiciels antiviraux dans le conteneur, affectant alors les performances du volume ainsi que d'autres problèmes graves.\n\nIl est recommandé de changer ou supprimer l'extension du conteneur (après avoir démonté le volume).</string>
    <string lang="fr" key="HOMEPAGE">Site Web</string>
    <string lang="fr" key="LARGE_IDE_WARNING_XP">AVERTISSEMENT: Il semble que vous n'avez pas appliqué de Service Pack à votre installation Windows. Vous ne devriez pas écrire sur des disques IDE plus grands que 128 Go sous Windows XP où le Service Pack 1 ou ultérieur n'est pas installé! Si vous le faites, les données du disque (quelles qu'elles soient) peuvent être corrompues. Notez qu'il s'agit d'une limitation de Windows et non un bogue de TrueCrypt.</string>
    <string lang="fr" key="LARGE_IDE_WARNING_2K">AVERTISSEMENT: Il semble que vous n'avez pas appliqué le Service Pack 3 ou ultérieur à votre installation Windows. Vous ne devriez pas écrire sur des disques IDE plus grands que 128 Go sous Windows 2000 où le Service Pack 3 ou ultérieur n'est pas installé! Si vous le faites, les données du disque (quelles qu'elles soient) peuvent être corrompues. Notez qu'il s'agit d'une limitation de Windows et non un bogue de TrueCrypt.\n\nNote: Vous pouvez avoir besoin d'activer le support LBA 48 bits dans la base de registre. Pour plus d'informations, consultez http://support.microsoft.com/kb/305098/fr</string>
    <string lang="fr" key="LARGE_IDE_WARNING_2K_REGISTRY">AVERTISSEMENT: Le support LBA ATAPI 48 bits est désactivé sur votre système. Aussi, vous ne devriez pas pouvoir écrire sur des disques IDE plus grands que 128 Go! Si vous le faites, les données sur le disque (que ce soit un volume TrueCrypt ou non) pourront être corrompues. Notez qu'il s'agit d'une limitation de Windows.\n\nPour activer le support LBA 48 bits, ajouter la valeur de registre 'EnableBigLba' à la clé de registre HKEY_LOCAL_MACHINE\\SYSTEM\\CurrentControlSet\\Services\\atapi\\Parameters et donnez lui la valeur 1.\n\nPour plus d'information, allez sur http://support.microsoft.com./kb/305098/fr</string>
    <string lang="fr" key="VOLUME_TOO_LARGE_FOR_FAT32">Erreur: Les fichiers plus grands que 4 Go ne peuvent pas être stockés sur un système de fichiers FAT32. De plus les volumes TrueCrypt à fichier hébergé (conteneurs) stockés sur des système en FAT32 ne peuvent être plus grands que 4 Go.\n\nSi vous désirez un volume plus grand, créez-le sur un système NTFS ou au lieu de créer un volume à fichier hébergé, chiffrez donc une partition.</string>
    <string lang="fr" key="FREE_SPACE_FOR_WRITING_TO_OUTER_VOLUME">AVERTISSEMENT: Si plus tard vous désirez ajouter plus de données/fichiers au volume externe, vous devriez chosir une taille plus petite pour le volume caché.\n\nEtes-vous sûr de vouloir continuer avec la taille spécifiée?</string>
    <string lang="fr" key="NO_VOLUME_SELECTED">Aucune sélection.\n\nCliquez sur 'Fichier...' ou 'Péripherique...' pour sélectionner un volume.</string>
    <string lang="fr" key="CONFIRM_SAVE_DEFAULT_KEYFILES">Etes-vous sûr de vouloir sauvegarder les fichiers clé/emplacements comme par défaut?\n\nAVERTISSEMENT: Si les fichiers clé par défaut sont paramétrés et activés, les volumes qui n'utilisent pas ces fichiers clé seront impossible à monter. N'oubliez pas de décocher 'Utiliser les fichiers clé' quand vous montez de tels volumes.</string>
    <string lang="fr" key="HK_AUTOMOUNT_DEVICES">Montage automatique des périphériques</string>
    <string lang="fr" key="HK_DISMOUNT_ALL">Tout démonter</string>
    <string lang="fr" key="HK_WIPE_CACHE">Vider le cache</string>
    <string lang="fr" key="HK_FORCE_DISMOUNT_ALL_AND_WIPE">Forcer le démontage &amp; vider le cache</string>
    <string lang="fr" key="HK_FORCE_DISMOUNT_ALL_AND_WIPE_AND_EXIT">Forcer le démontage, vider le cache &amp; quitter</string>
    <string lang="fr" key="HK_MOUNT_FAVORITE_VOLUMES">Monter les volumes favoris</string>
    <string lang="fr" key="HK_SHOW_HIDE_MAIN_WINDOW">Afficher/Cacher la fenêtre principale de TrueCrypt</string>
    <string lang="fr" key="PRESS_A_KEY_TO_ASSIGN">(Cliquer ici et appuyer sur une touche)</string>
    <string lang="fr" key="ACTION">Action</string>
    <string lang="fr" key="SHORTCUT">Raccourci</string>
    <string lang="fr" key="CANNOT_USE_RESERVED_KEY">Erreur: Ce raccourci est réservé. Choisissez-en un autre.</string>
    <string lang="fr" key="SHORTCUT_ALREADY_IN_USE">Erreur: Raccourci déjà utilisé.</string>
    <string lang="fr" key="HOTKEY_REGISTRATION_ERROR">AVERTISSEMENT: Un ou plusieurs raccourcis système de TrueCrypt ne fonctionneront pas!\n\nAssurez-vous que d'autres applications et que le système d'exploitation n'utilisent pas le(s) même(s) raccourci(s) que TrueCrypt.</string>
    <string lang="fr" key="MOUNTED_VOLUMES_DISMOUNTED">Tous les volumes TrueCrypt montés ont été démontés.</string>
    <string lang="fr" key="MOUNTED_VOLUMES_AUTO_DISMOUNTED">Tous les volumes TrueCrypt montés ont été démontés automatiquement.\n\nNote: Vous pouvez désactiver ou configurer le démontage automatique dans la section 'Démontage automatique' de la fenêtre des Préférences (sélectionnez Paramètres -&gt; Préférences).</string>
    <string lang="fr" key="DISMOUNT_ALL_ATTEMPT_COMPLETED">Tentative de démontage de tous les volumes TrueCrypt montés terminée.</string>
    <string lang="fr" key="VOLUMES_DISMOUNTED_CACHE_WIPED">Tous les volumes TrueCrypt montés ont été démontés et le cache des mots de passe vidé.</string>
    <string lang="fr" key="CONFIRM_TIMESTAMP_UPDATING">AVERTISSEMENT: Si l'horodatage n'est pas préservé, le déni plausible peut être compromis!\n\nEtes-vous sûr de ne pas vouloir préserver l'horodatage des conteneurs?</string>
    <string lang="fr" key="CONFIRM_BACKGROUND_TASK_DISABLED">AVERTISSEMENT: Si la tâche d'arrière-plan TrueCrypt est désactivée, les fonctions suivantes seront désactivées quand vous quitterez TrueCrypt:\n\n1) Raccourcis\n2) Démontage automatique (e.g., déconnexion, retrait inattendu du périphérique, délai dépassé)\n3) Notifications (e.g., quand des dommages sur un volume caché sont évités)\n4) Icône de la zone de notification\n\nNote: Vous pouvez fermer la tâche d'arrière-plan à tout moment en cliquant droit l'icône TrueCrypt dans la zone de notification et en sélectionnant 'Quitter'.\n\n\nEtes-vous sûr de vouloir désactiver la tâche d'arrière-plan TrueCrypt?</string>
    <string lang="fr" key="CONFIRM_NO_FORCED_AUTODISMOUNT">AVERTISSEMENT: Si cette option est désactivée, les volumes contenant des fichiers/répertoires ouverts ne pourront pas être démontés automatiquement.\n\nEtes-vous sûr de vouloir désactiver cette option?</string>
    <string lang="fr" key="WARN_PREF_AUTO_DISMOUNT">AVERTISSEMENT: Les volumes contenant des fichiers/répertoires ouverts ne seront PAS démontés automatiquement.\n\nPour éviter cela, activez l'option suivante: 'Forcer l'auto-démontage même s'il y a encore des fichiers ouverts'</string>
    <string lang="fr" key="CONFIRM_EXIT">AVERTISSEMENT: Si TrueCrypt quitte maintenant, les fonctions suivantes seront désactivées:\n\n1) Raccourcis\n2) Démontage automatique (e.g., déconnexion, retrait inattendu du périphérique, délai dépassé)\n3) Notifications (e.g., quand des dommages sur un volume caché sont évités\n\nNote: Si vous ne souhaitez pas que TrueCrypt fonctionne en arrière-plan après la fermeture de sa fenêtre, désactivez la tâche d'arrière-plan dans les Préférences.\n\nEtes-vous sûr de vouloir quitter TrueCrypt?</string>
    <string lang="fr" key="HIDVOL_PROT_BKG_TASK_WARNING">AVERTISSEMENT: La tâche d'arrière-plan TrueCrypt est désactivée. Après avoir quitté TrueCrypt, vous ne serez pas notifié si des dommages sur le volume caché sont évités.\n\nNote: Vous pouvez fermer la tâche en arrière-plan à tout moment en cliquant droit sur l'icône TrueCrypt et en sélectionnant 'Quitter'.\n\nActiver la tâche d'arrière-plan TrueCrypt?</string>
    <string lang="fr" key="LANG_PACK_VERSION">Version du fichier de langue:  %s</string>
    <string lang="fr" key="CHECKING_FS">Vérification du système de fichier sur le volume TrueCrypt monté sous %hs...</string>
    <string lang="fr" key="REPAIRING_FS">Tentative de réparation du système de fichiers sur le volume TrueCrypt monté sous %hs...</string>
    <string lang="fr" key="WARN_64_BIT_BLOCK_CIPHER">AVERTISSEMENT: Ce volume est chiffré avec un algorithme de chiffrement ayant un bloc de 64 bits.\n\nDe tels algorithmes (Blowfish, CAST-128 et Triple DES) sont progressivement abandonnés. Il  sera possible de monter ce volume en utilisant la version 5.0 et ultérieure de TrueCrypt. Cependant il n'y aura plus d'amélioration concernant l'implantation de ces algorithmes. Il est recommandé de créer un nouveau volume TrueCrypt chiffré avec un algorithme de chiffrement ayant un bloc de 128 bits (e.g, AES, Serpent, Twofish, etc.) et d'y déplacer tous les fichiers de l'ancien volume.</string>
    <string lang="fr" key="SYS_AUTOMOUNT_DISABLED">Votre système n'est pas configuré pour monter automatiquement de nouveaux volumes. Il est impossible de monter des volumes à périphérique hébergé. Le montage automatique peut être activé en exécutant la commande suivie d'un redémarrage système.\n\nmountvol.exe /E</string>
    <string lang="fr" key="SYS_ASSIGN_DRIVE_LETTER">Assignez une lettre de lecteur au périphérique/à la partition avant de poursuivre.\n\nNotez qu'il s'agit d'une exigence du système d'exploitation.</string>
    <string lang="fr" key="MOUNT_TC_VOLUME">Monter un volume TrueCrypt</string>
    <string lang="fr" key="DISMOUNT_ALL_TC_VOLUMES">Démonter tous les volumes TrueCrypt</string>
    <string lang="fr" key="UAC_INIT_ERROR">TrueCrypt n'a pas pû obtenir les privilèges d'administrateur.</string>
    <string lang="fr" key="ERR_ACCESS_DENIED">Accès refusé par le système d'exploitation.\n\nCause possible: Le système d'exploitation nécessite que vous ayez la permission en lecture/écriture (ou des privilèges d'administrateur) pour certains dossiers, fichiers et périphériques pour être autorisé à y lire/écrire des données. Normalement un utilisateur sans privilèges d'administrateur est autorisé à créer, lire et modifier les fichiers de son dossier Mes Documents.</string>
    <string lang="fr" key="LARGE_SECTOR_UNSUPPORTED">Erreur: Le périphérique sélectionné utilise une taille de secteur différente de 512 octets.\n\nIl est actuellement impossible de créer des volumes à périphérique-hébergé utilisant une taille de secteur différente de 512 octets. Cependant, notez que vous pouvez créer un volume à fichier-hébergé (un conteneur) sur ce périphérique.</string>
    <string lang="fr" key="KEYFILE">Fichier clé</string>
    <string lang="fr" key="VOLUME_LABEL">Nom</string>
    <string lang="fr" key="VKEY_08">Effacement arrière</string>
    <string lang="fr" key="VKEY_09">Tab</string>
    <string lang="fr" key="VKEY_0C">Effacer</string>
    <string lang="fr" key="VKEY_0D">Entrée</string>
    <string lang="fr" key="VKEY_13">Pause</string>
    <string lang="fr" key="VKEY_14">Ver. Maj.</string>
    <string lang="fr" key="VKEY_20">Barre d'espace</string>
    <string lang="fr" key="VKEY_21">Page précédente</string>
    <string lang="fr" key="VKEY_22">Page suivante</string>
    <string lang="fr" key="VKEY_23">Fin</string>
    <string lang="fr" key="VKEY_24">Origine</string>
    <string lang="fr" key="VKEY_25">Flèche gauche</string>
    <string lang="fr" key="VKEY_26">Flèche haute</string>
    <string lang="fr" key="VKEY_27">Flèche droite</string>
    <string lang="fr" key="VKEY_28">Flèche basse</string>
    <string lang="fr" key="VKEY_29">Sélectionner une touche</string>
    <string lang="fr" key="VKEY_2A">Touche d'impression</string>
    <string lang="fr" key="VKEY_2B">Touche d'éxécution</string>
    <string lang="fr" key="VKEY_2C">Impression écran</string>
    <string lang="fr" key="VKEY_2D">Insérer</string>
    <string lang="fr" key="VKEY_2E">Supprimer</string>
    <string lang="fr" key="VKEY_5D">Applications Key</string>
    <string lang="fr" key="VKEY_5F">Veille</string>
    <string lang="fr" key="VKEY_90">Ver. num.</string>
    <string lang="fr" key="VKEY_91">Arrêt défil.</string>
    <string lang="fr" key="VKEY_A6">Retour (navigateur)</string>
    <string lang="fr" key="VKEY_A7">Suivant (navigateur)</string>
    <string lang="fr" key="VKEY_A8">Actualiser (navigateur)</string>
    <string lang="fr" key="VKEY_A9">Arrêter (navigateur)</string>
    <string lang="fr" key="VKEY_AA">Rechercher (navigateur)</string>
    <string lang="fr" key="VKEY_AB">Favoris (navigateur)</string>
    <string lang="fr" key="VKEY_AC">Origine (navigateur)</string>
    <string lang="fr" key="VKEY_AD">Silence</string>
    <string lang="fr" key="VKEY_AE">Volume -</string>
    <string lang="fr" key="VKEY_AF">Volume +</string>
    <string lang="fr" key="VKEY_B0">Piste suivante</string>
    <string lang="fr" key="VKEY_B1">Piste précédente</string>
    <string lang="fr" key="VKEY_B2">Arrêter</string>
    <string lang="fr" key="VKEY_B3">Jouer/Pause</string>
    <string lang="fr" key="VKEY_B4">Touche démarrer courriel</string>
    <string lang="fr" key="VKEY_B5">Sélectionner touche Média</string>
    <string lang="fr" key="VKEY_B6">Application 1</string>
    <string lang="fr" key="VKEY_B7">Application 2</string>
    <string lang="fr" key="VKEY_F6">Attn</string>
    <string lang="fr" key="VKEY_F7">CrSel</string>
    <string lang="fr" key="VKEY_F8">ExSel</string>
    <string lang="fr" key="VKEY_FA">Jouer</string>
    <string lang="fr" key="VKEY_FB">Zoom</string>
    <string lang="fr" key="VK_NUMPAD">Pavé num.</string>
    <string lang="fr" key="VK_SHIFT">Shift</string>
    <string lang="fr" key="VK_CONTROL">Ctrl</string>
    <string lang="fr" key="VK_ALT">Alt</string>
    <string lang="fr" key="VK_WIN">Win</string>
    <string lang="fr" key="BYTE">o</string>
    <string lang="fr" key="KB">Ko</string>
    <string lang="fr" key="MB">Mo</string>
    <string lang="fr" key="GB">Go</string>
    <string lang="fr" key="TB">To</string>
    <string lang="fr" key="PB">Po</string>
    <string lang="fr" key="B_PER_SEC">o/s</string>
    <string lang="fr" key="KB_PER_SEC">Ko/s</string>
    <string lang="fr" key="MB_PER_SEC">Mo/s</string>
    <string lang="fr" key="GB_PER_SEC">Go/s</string>
    <string lang="fr" key="TB_PER_SEC">To/s</string>
    <string lang="fr" key="PB_PER_SEC">Po/s</string>
  </localization>
</TrueCrypt>
